{"type":"FeatureCollection","source":{"name":"Microsoft Global ML Building Footprints","release":"2026-02-03","license":"ODbL","url":"https://github.com/microsoft/GlobalMLBuildingFootprints"},"features":[{"type":"Feature","geometry":{"type":"Polygon","coordinates":[[[123.7117642,10.5080323],[123.7117822,10.5079832],[123.7118249,10.5079984],[123.711807,10.5080474],[123.7117642,10.5080323]]]},"properties":{"id":"ms-0","kind":"building","storeys":1,"origin":"ai","edited":false,"source":"Microsoft Global ML Building Footprints 2026-02-03 (ODbL)"}},{"type":"Feature","geometry":{"type":"Polygon","coordinates":[[[123.7198117,10.5127971],[123.7198105,10.512863],[123.7197584,10.5128621],[123.7197595,10.5127962],[123.7198117,10.5127971]]]},"properties":{"id":"ms-1","kind":"building","storeys":1,"origin":"ai","edited":false,"source":"Microsoft Global ML Building Footprints 2026-02-03 (ODbL)"}},{"type":"Feature","geometry":{"type":"Polygon","coordinates":[[[123.7198391,10.5000324],[123.7199114,10.5000359],[123.7199095,10.5000727],[123.7198373,10.5000692],[123.7198391,10.5000324]]]},"properties":{"id":"ms-2","kind":"building","storeys":1,"origin":"ai","edited":false,"source":"Microsoft Global ML Building Footprints 2026-02-03 (ODbL)"}},{"type":"Feature","geometry":{"type":"Polygon","coordinates":[[[123.7117283,10.5081373],[123.7117866,10.5081627],[123.7117354,10.5082762],[123.7116771,10.5082508],[123.7117283,10.5081373]]]},"properties":{"id":"ms-3","kind":"building","storeys":1,"origin":"ai","edited":false,"source":"Microsoft Global ML Building Footprints 2026-02-03 (ODbL)"}},{"type":"Feature","geometry":{"type":"Polygon","coordinates":[[[123.7125349,10.5072944],[123.7125685,10.5072509],[123.7125362,10.5072268],[123.7125755,10.5071758],[123.7126538,10.5072342],[123.7125809,10.5073287],[123.7125349,10.5072944]]]},"properties":{"id":"ms-4","kind":"building","storeys":1,"origin":"ai","edited":false,"source":"Microsoft Global ML Building Footprints 2026-02-03 (ODbL)"}},{"type":"Feature","geometry":{"type":"Polygon","coordinates":[[[123.7143831,10.5078641],[123.7144003,10.5078162],[123.7144122,10.5078203],[123.7144362,10.5077533],[123.7145532,10.5077938],[123.714512,10.5079087],[123.7143831,10.5078641]]]},"properties":{"id":"ms-5","kind":"building","storeys":1,"origin":"ai","edited":false,"source":"Microsoft Global ML Building Footprints 2026-02-03 (ODbL)"}},{"type":"Feature","geometry":{"type":"Polygon","coordinates":[[[123.7144388,10.5048187],[123.7145846,10.5045281],[123.7146644,10.5045668],[123.7145186,10.5048574],[123.7144388,10.5048187]]]},"properties":{"id":"ms-6","kind":"building","storeys":1,"origin":"ai","edited":false,"source":"Microsoft Global ML Building Footprints 2026-02-03 (ODbL)"}},{"type":"Feature","geometry":{"type":"Polygon","coordinates":[[[123.7149951,10.5011615],[123.7149978,10.5012854],[123.7148075,10.5012895],[123.7148047,10.5011656],[123.7149951,10.5011615]]]},"properties":{"id":"ms-7","kind":"building","storeys":1,"origin":"ai","edited":false,"source":"Microsoft Global ML Building Footprints 2026-02-03 (ODbL)"}},{"type":"Feature","geometry":{"type":"Polygon","coordinates":[[[123.7155369,10.5137039],[123.7156119,10.5137053],[123.7156108,10.5137685],[123.7155357,10.5137672],[123.7155369,10.5137039]]]},"properties":{"id":"ms-8","kind":"building","storeys":1,"origin":"ai","edited":false,"source":"Microsoft Global ML Building Footprints 2026-02-03 (ODbL)"}},{"type":"Feature","geometry":{"type":"Polygon","coordinates":[[[123.7156666,10.5043973],[123.7156208,10.5045815],[123.7155284,10.5045592],[123.7155742,10.5043751],[123.7156666,10.5043973]]]},"properties":{"id":"ms-9","kind":"building","storeys":1,"origin":"ai","edited":false,"source":"Microsoft Global ML Building Footprints 2026-02-03 (ODbL)"}},{"type":"Feature","geometry":{"type":"Polygon","coordinates":[[[123.7157371,10.5138079],[123.7156594,10.51381],[123.7156564,10.5137062],[123.7157342,10.5137041],[123.7157371,10.5138079]]]},"properties":{"id":"ms-10","kind":"building","storeys":1,"origin":"ai","edited":false,"source":"Microsoft Global ML Building Footprints 2026-02-03 (ODbL)"}},{"type":"Feature","geometry":{"type":"Polygon","coordinates":[[[123.7163848,10.5031151],[123.716334,10.5031179],[123.7163384,10.5031968],[123.7162341,10.5032024],[123.7162309,10.5031445],[123.7162764,10.5031421],[123.7162746,10.5031105],[123.7163415,10.5031069],[123.7163391,10.5030649],[123.7163819,10.5030626],[123.7163848,10.5031151]]]},"properties":{"id":"ms-11","kind":"building","storeys":1,"origin":"ai","edited":false,"source":"Microsoft Global ML Building Footprints 2026-02-03 (ODbL)"}},{"type":"Feature","geometry":{"type":"Polygon","coordinates":[[[123.7165837,10.5021451],[123.7165801,10.5022636],[123.7164556,10.50226],[123.7164592,10.5021414],[123.7165837,10.5021451]]]},"properties":{"id":"ms-12","kind":"building","storeys":1,"origin":"ai","edited":false,"source":"Microsoft Global ML Building Footprints 2026-02-03 (ODbL)"}},{"type":"Feature","geometry":{"type":"Polygon","coordinates":[[[123.7167641,10.5015007],[123.7168084,10.5014981],[123.7168111,10.5015428],[123.7167669,10.5015454],[123.7167641,10.5015007]]]},"properties":{"id":"ms-13","kind":"building","storeys":1,"origin":"ai","edited":false,"source":"Microsoft Global ML Building Footprints 2026-02-03 (ODbL)"}},{"type":"Feature","geometry":{"type":"Polygon","coordinates":[[[123.7179252,10.5092849],[123.7179425,10.5092384],[123.7180915,10.509292],[123.7180742,10.5093385],[123.7179252,10.5092849]]]},"properties":{"id":"ms-14","kind":"building","storeys":1,"origin":"ai","edited":false,"source":"Microsoft Global ML Building Footprints 2026-02-03 (ODbL)"}},{"type":"Feature","geometry":{"type":"Polygon","coordinates":[[[123.7180064,10.5001675],[123.717962,10.5001746],[123.7179415,10.5000496],[123.717986,10.5000425],[123.7180064,10.5001675]]]},"properties":{"id":"ms-15","kind":"building","storeys":1,"origin":"ai","edited":false,"source":"Microsoft Global ML Building Footprints 2026-02-03 (ODbL)"}},{"type":"Feature","geometry":{"type":"Polygon","coordinates":[[[123.7203113,10.5067366],[123.7202867,10.5068611],[123.7202014,10.5068448],[123.7201908,10.5068982],[123.7201572,10.5068918],[123.7201778,10.5067876],[123.7201701,10.5067861],[123.7201847,10.5067124],[123.7203113,10.5067366]]]},"properties":{"id":"ms-16","kind":"building","storeys":1,"origin":"ai","edited":false,"source":"Microsoft Global ML Building Footprints 2026-02-03 (ODbL)"}},{"type":"Feature","geometry":{"type":"Polygon","coordinates":[[[123.7128965,10.5068101],[123.7128637,10.5068725],[123.7127832,10.5068316],[123.7127619,10.5068722],[123.7126552,10.5068179],[123.7126858,10.5067597],[123.7127747,10.5068049],[123.7127983,10.5067601],[123.7128965,10.5068101]]]},"properties":{"id":"ms-17","kind":"building","storeys":1,"origin":"ai","edited":false,"source":"Microsoft Global ML Building Footprints 2026-02-03 (ODbL)"}},{"type":"Feature","geometry":{"type":"Polygon","coordinates":[[[123.7144267,10.5023566],[123.7145568,10.5023592],[123.7145554,10.5024278],[123.7144253,10.5024252],[123.7144267,10.5023566]]]},"properties":{"id":"ms-18","kind":"building","storeys":1,"origin":"ai","edited":false,"source":"Microsoft Global ML Building Footprints 2026-02-03 (ODbL)"}},{"type":"Feature","geometry":{"type":"Polygon","coordinates":[[[123.7166763,10.5048514],[123.7167154,10.5047427],[123.7167822,10.5047659],[123.7167431,10.5048746],[123.7166763,10.5048514]]]},"properties":{"id":"ms-19","kind":"building","storeys":1,"origin":"ai","edited":false,"source":"Microsoft Global ML Building Footprints 2026-02-03 (ODbL)"}},{"type":"Feature","geometry":{"type":"Polygon","coordinates":[[[123.7169617,10.5057791],[123.717015,10.5058082],[123.7169679,10.5058915],[123.716851,10.5058277],[123.7169369,10.5056758],[123.7170004,10.5057105],[123.7169617,10.5057791]]]},"properties":{"id":"ms-20","kind":"building","storeys":1,"origin":"ai","edited":false,"source":"Microsoft Global ML Building Footprints 2026-02-03 (ODbL)"}},{"type":"Feature","geometry":{"type":"Polygon","coordinates":[[[123.7174957,10.513833],[123.7174962,10.5138795],[123.7174372,10.5138802],[123.7174367,10.5138337],[123.7174957,10.513833]]]},"properties":{"id":"ms-21","kind":"building","storeys":1,"origin":"ai","edited":false,"source":"Microsoft Global ML Building Footprints 2026-02-03 (ODbL)"}},{"type":"Feature","geometry":{"type":"Polygon","coordinates":[[[123.7196721,10.5083181],[123.7196981,10.5083306],[123.7196669,10.5083932],[123.7195825,10.5083526],[123.719646,10.5082249],[123.7197045,10.508253],[123.7196721,10.5083181]]]},"properties":{"id":"ms-22","kind":"building","storeys":1,"origin":"ai","edited":false,"source":"Microsoft Global ML Building Footprints 2026-02-03 (ODbL)"}},{"type":"Feature","geometry":{"type":"Polygon","coordinates":[[[123.7205803,10.5021433],[123.7205199,10.5021452],[123.7205169,10.502053],[123.7206202,10.5020497],[123.7206276,10.502279],[123.7205847,10.5022803],[123.7205803,10.5021433]]]},"properties":{"id":"ms-23","kind":"building","storeys":1,"origin":"ai","edited":false,"source":"Microsoft Global ML Building Footprints 2026-02-03 (ODbL)"}},{"type":"Feature","geometry":{"type":"Polygon","coordinates":[[[123.7151193,10.5019075],[123.7152034,10.5019037],[123.7152072,10.5019853],[123.7151231,10.5019891],[123.7151193,10.5019075]]]},"properties":{"id":"ms-24","kind":"building","storeys":1,"origin":"ai","edited":false,"source":"Microsoft Global ML Building Footprints 2026-02-03 (ODbL)"}},{"type":"Feature","geometry":{"type":"Polygon","coordinates":[[[123.7167462,10.5059455],[123.7167282,10.5060092],[123.7166001,10.5059743],[123.716618,10.5059106],[123.7167462,10.5059455]]]},"properties":{"id":"ms-25","kind":"building","storeys":1,"origin":"ai","edited":false,"source":"Microsoft Global ML Building Footprints 2026-02-03 (ODbL)"}},{"type":"Feature","geometry":{"type":"Polygon","coordinates":[[[123.717023,10.5003378],[123.7170426,10.5003885],[123.7170028,10.5004034],[123.7169832,10.5003528],[123.717023,10.5003378]]]},"properties":{"id":"ms-26","kind":"building","storeys":1,"origin":"ai","edited":false,"source":"Microsoft Global ML Building Footprints 2026-02-03 (ODbL)"}},{"type":"Feature","geometry":{"type":"Polygon","coordinates":[[[123.7197623,10.5125833],[123.7197751,10.5125227],[123.7198239,10.5125326],[123.7198111,10.5125933],[123.7197623,10.5125833]]]},"properties":{"id":"ms-27","kind":"building","storeys":1,"origin":"ai","edited":false,"source":"Microsoft Global ML Building Footprints 2026-02-03 (ODbL)"}},{"type":"Feature","geometry":{"type":"Polygon","coordinates":[[[123.7154459,10.5037561],[123.7155047,10.5037589],[123.7155021,10.5038115],[123.7154433,10.5038087],[123.7154459,10.5037561]]]},"properties":{"id":"ms-28","kind":"building","storeys":1,"origin":"ai","edited":false,"source":"Microsoft Global ML Building Footprints 2026-02-03 (ODbL)"}},{"type":"Feature","geometry":{"type":"Polygon","coordinates":[[[123.7154605,10.5018046],[123.7154663,10.502026],[123.7153698,10.5020285],[123.715364,10.5018071],[123.7154605,10.5018046]]]},"properties":{"id":"ms-29","kind":"building","storeys":1,"origin":"ai","edited":false,"source":"Microsoft Global ML Building Footprints 2026-02-03 (ODbL)"}},{"type":"Feature","geometry":{"type":"Polygon","coordinates":[[[123.715497,10.5015546],[123.7154988,10.5016327],[123.7154303,10.5016341],[123.7154285,10.5015561],[123.715497,10.5015546]]]},"properties":{"id":"ms-30","kind":"building","storeys":1,"origin":"ai","edited":false,"source":"Microsoft Global ML Building Footprints 2026-02-03 (ODbL)"}},{"type":"Feature","geometry":{"type":"Polygon","coordinates":[[[123.7157784,10.5024476],[123.7157194,10.502448],[123.7157192,10.5024217],[123.7157782,10.5024212],[123.7157784,10.5024476]]]},"properties":{"id":"ms-31","kind":"building","storeys":1,"origin":"ai","edited":false,"source":"Microsoft Global ML Building Footprints 2026-02-03 (ODbL)"}},{"type":"Feature","geometry":{"type":"Polygon","coordinates":[[[123.717166,10.5134361],[123.7170627,10.5134336],[123.7170647,10.5133555],[123.717168,10.513358],[123.717166,10.5134361]]]},"properties":{"id":"ms-32","kind":"building","storeys":1,"origin":"ai","edited":false,"source":"Microsoft Global ML Building Footprints 2026-02-03 (ODbL)"}},{"type":"Feature","geometry":{"type":"Polygon","coordinates":[[[123.71462,10.5083493],[123.7147952,10.5083842],[123.7147814,10.5084515],[123.7146062,10.5084166],[123.71462,10.5083493]]]},"properties":{"id":"ms-33","kind":"building","storeys":1,"origin":"ai","edited":false,"source":"Microsoft Global ML Building Footprints 2026-02-03 (ODbL)"}},{"type":"Feature","geometry":{"type":"Polygon","coordinates":[[[123.7149266,10.5128405],[123.7149258,10.5128933],[123.7148921,10.5128928],[123.7148929,10.51284],[123.7149266,10.5128405]]]},"properties":{"id":"ms-34","kind":"building","storeys":1,"origin":"ai","edited":false,"source":"Microsoft Global ML Building Footprints 2026-02-03 (ODbL)"}},{"type":"Feature","geometry":{"type":"Polygon","coordinates":[[[123.7157232,10.5007003],[123.7157614,10.5006964],[123.7157678,10.5007564],[123.715841,10.5007489],[123.7158537,10.5008689],[123.7157422,10.5008803],[123.7157232,10.5007003]]]},"properties":{"id":"ms-35","kind":"building","storeys":1,"origin":"ai","edited":false,"source":"Microsoft Global ML Building Footprints 2026-02-03 (ODbL)"}},{"type":"Feature","geometry":{"type":"Polygon","coordinates":[[[123.7181269,10.5000772],[123.7180021,10.500082],[123.7180002,10.5000346],[123.7181251,10.5000298],[123.7181269,10.5000772]]]},"properties":{"id":"ms-36","kind":"building","storeys":1,"origin":"ai","edited":false,"source":"Microsoft Global ML Building Footprints 2026-02-03 (ODbL)"}},{"type":"Feature","geometry":{"type":"Polygon","coordinates":[[[123.718163,10.503162],[123.7181643,10.5030671],[123.7182662,10.5030684],[123.7182649,10.5031634],[123.718163,10.503162]]]},"properties":{"id":"ms-37","kind":"building","storeys":1,"origin":"ai","edited":false,"source":"Microsoft Global ML Building Footprints 2026-02-03 (ODbL)"}},{"type":"Feature","geometry":{"type":"Polygon","coordinates":[[[123.719919,10.5036886],[123.719919,10.5037572],[123.7198681,10.5037572],[123.7198681,10.5036886],[123.719919,10.5036886]]]},"properties":{"id":"ms-38","kind":"building","storeys":1,"origin":"ai","edited":false,"source":"Microsoft Global ML Building Footprints 2026-02-03 (ODbL)"}},{"type":"Feature","geometry":{"type":"Polygon","coordinates":[[[123.710781,10.5092831],[123.7108436,10.5092354],[123.7108943,10.5092997],[123.7108316,10.5093474],[123.710781,10.5092831]]]},"properties":{"id":"ms-39","kind":"building","storeys":1,"origin":"ai","edited":false,"source":"Microsoft Global ML Building Footprints 2026-02-03 (ODbL)"}},{"type":"Feature","geometry":{"type":"Polygon","coordinates":[[[123.7122873,10.5084334],[123.7122646,10.5084858],[123.7122101,10.5084629],[123.7122328,10.5084105],[123.7122873,10.5084334]]]},"properties":{"id":"ms-40","kind":"building","storeys":1,"origin":"ai","edited":false,"source":"Microsoft Global ML Building Footprints 2026-02-03 (ODbL)"}},{"type":"Feature","geometry":{"type":"Polygon","coordinates":[[[123.7146662,10.508574],[123.7146764,10.5085344],[123.714826,10.5085717],[123.7148047,10.5086545],[123.7146223,10.508609],[123.7146334,10.5085658],[123.7146662,10.508574]]]},"properties":{"id":"ms-41","kind":"building","storeys":1,"origin":"ai","edited":false,"source":"Microsoft Global ML Building Footprints 2026-02-03 (ODbL)"}},{"type":"Feature","geometry":{"type":"Polygon","coordinates":[[[123.7153231,10.5021171],[123.7154533,10.5021152],[123.7154547,10.5022075],[123.7154815,10.5022071],[123.7154834,10.502339],[123.7154015,10.5023401],[123.7153999,10.5022294],[123.7153248,10.5022305],[123.7153231,10.5021171]]]},"properties":{"id":"ms-42","kind":"building","storeys":1,"origin":"ai","edited":false,"source":"Microsoft Global ML Building Footprints 2026-02-03 (ODbL)"}},{"type":"Feature","geometry":{"type":"Polygon","coordinates":[[[123.7161707,10.5051187],[123.7162613,10.5051502],[123.7162503,10.5051807],[123.7163075,10.5052006],[123.7162308,10.5054139],[123.716083,10.5053625],[123.7161707,10.5051187]]]},"properties":{"id":"ms-43","kind":"building","storeys":1,"origin":"ai","edited":false,"source":"Microsoft Global ML Building Footprints 2026-02-03 (ODbL)"}},{"type":"Feature","geometry":{"type":"Polygon","coordinates":[[[123.7164717,10.5073239],[123.7164654,10.5073919],[123.716375,10.5073837],[123.7163813,10.5073157],[123.7164717,10.5073239]]]},"properties":{"id":"ms-44","kind":"building","storeys":1,"origin":"ai","edited":false,"source":"Microsoft Global ML Building Footprints 2026-02-03 (ODbL)"}},{"type":"Feature","geometry":{"type":"Polygon","coordinates":[[[123.7168578,10.5011889],[123.716937,10.5011344],[123.7170134,10.5012417],[123.7169342,10.5012962],[123.7168578,10.5011889]]]},"properties":{"id":"ms-45","kind":"building","storeys":1,"origin":"ai","edited":false,"source":"Microsoft Global ML Building Footprints 2026-02-03 (ODbL)"}},{"type":"Feature","geometry":{"type":"Polygon","coordinates":[[[123.7183068,10.5032001],[123.7183058,10.5032518],[123.7181744,10.5032494],[123.7181755,10.5031977],[123.7183068,10.5032001]]]},"properties":{"id":"ms-46","kind":"building","storeys":1,"origin":"ai","edited":false,"source":"Microsoft Global ML Building Footprints 2026-02-03 (ODbL)"}},{"type":"Feature","geometry":{"type":"Polygon","coordinates":[[[123.7198529,10.5098812],[123.7198045,10.5099147],[123.7197439,10.50983],[123.7197923,10.5097965],[123.7198529,10.5098812]]]},"properties":{"id":"ms-47","kind":"building","storeys":1,"origin":"ai","edited":false,"source":"Microsoft Global ML Building Footprints 2026-02-03 (ODbL)"}},{"type":"Feature","geometry":{"type":"Polygon","coordinates":[[[123.7138173,10.5047844],[123.7138534,10.5046746],[123.7141072,10.5047554],[123.714071,10.5048652],[123.7138173,10.5047844]]]},"properties":{"id":"ms-48","kind":"building","storeys":1,"origin":"ai","edited":false,"source":"Microsoft Global ML Building Footprints 2026-02-03 (ODbL)"}},{"type":"Feature","geometry":{"type":"Polygon","coordinates":[[[123.7164913,10.5044684],[123.7164314,10.5044582],[123.7164454,10.5043779],[123.7165053,10.504388],[123.7164913,10.5044684]]]},"properties":{"id":"ms-49","kind":"building","storeys":1,"origin":"ai","edited":false,"source":"Microsoft Global ML Building Footprints 2026-02-03 (ODbL)"}},{"type":"Feature","geometry":{"type":"Polygon","coordinates":[[[123.7166683,10.5145237],[123.7166952,10.5144517],[123.7166409,10.514432],[123.7166809,10.5143252],[123.7167753,10.5143594],[123.7167484,10.5144314],[123.7168169,10.5144562],[123.7167769,10.514563],[123.7166683,10.5145237]]]},"properties":{"id":"ms-50","kind":"building","storeys":1,"origin":"ai","edited":false,"source":"Microsoft Global ML Building Footprints 2026-02-03 (ODbL)"}},{"type":"Feature","geometry":{"type":"Polygon","coordinates":[[[123.717564,10.5028041],[123.7175797,10.5027594],[123.7176252,10.5027748],[123.7176095,10.5028196],[123.717564,10.5028041]]]},"properties":{"id":"ms-51","kind":"building","storeys":1,"origin":"ai","edited":false,"source":"Microsoft Global ML Building Footprints 2026-02-03 (ODbL)"}},{"type":"Feature","geometry":{"type":"Polygon","coordinates":[[[123.7191618,10.5081584],[123.7191972,10.5081744],[123.7191697,10.5082331],[123.7191343,10.5082171],[123.7191618,10.5081584]]]},"properties":{"id":"ms-52","kind":"building","storeys":1,"origin":"ai","edited":false,"source":"Microsoft Global ML Building Footprints 2026-02-03 (ODbL)"}},{"type":"Feature","geometry":{"type":"Polygon","coordinates":[[[123.7146557,10.509631],[123.7146489,10.5096802],[123.7145821,10.5096712],[123.714589,10.509622],[123.7146557,10.509631]]]},"properties":{"id":"ms-53","kind":"building","storeys":1,"origin":"ai","edited":false,"source":"Microsoft Global ML Building Footprints 2026-02-03 (ODbL)"}},{"type":"Feature","geometry":{"type":"Polygon","coordinates":[[[123.7148147,10.5022048],[123.7149164,10.5022011],[123.7149179,10.502239],[123.7148161,10.5022428],[123.7148147,10.5022048]]]},"properties":{"id":"ms-54","kind":"building","storeys":1,"origin":"ai","edited":false,"source":"Microsoft Global ML Building Footprints 2026-02-03 (ODbL)"}},{"type":"Feature","geometry":{"type":"Polygon","coordinates":[[[123.7155412,10.5098221],[123.7156176,10.5098446],[123.7156058,10.5098833],[123.7155295,10.5098609],[123.7155412,10.5098221]]]},"properties":{"id":"ms-55","kind":"building","storeys":1,"origin":"ai","edited":false,"source":"Microsoft Global ML Building Footprints 2026-02-03 (ODbL)"}},{"type":"Feature","geometry":{"type":"Polygon","coordinates":[[[123.7157572,10.5096728],[123.7158531,10.5097134],[123.7158307,10.5097646],[123.7157348,10.509724],[123.7157572,10.5096728]]]},"properties":{"id":"ms-56","kind":"building","storeys":1,"origin":"ai","edited":false,"source":"Microsoft Global ML Building Footprints 2026-02-03 (ODbL)"}},{"type":"Feature","geometry":{"type":"Polygon","coordinates":[[[123.7164043,10.5126096],[123.7164557,10.5126519],[123.7164213,10.5126922],[123.71637,10.51265],[123.7164043,10.5126096]]]},"properties":{"id":"ms-57","kind":"building","storeys":1,"origin":"ai","edited":false,"source":"Microsoft Global ML Building Footprints 2026-02-03 (ODbL)"}},{"type":"Feature","geometry":{"type":"Polygon","coordinates":[[[123.7166032,10.514959],[123.716608,10.5148812],[123.7167095,10.5148872],[123.7167047,10.5149651],[123.7166032,10.514959]]]},"properties":{"id":"ms-58","kind":"building","storeys":1,"origin":"ai","edited":false,"source":"Microsoft Global ML Building Footprints 2026-02-03 (ODbL)"}},{"type":"Feature","geometry":{"type":"Polygon","coordinates":[[[123.7167417,10.5017645],[123.7167372,10.5017095],[123.716792,10.5017051],[123.7167965,10.5017602],[123.7167417,10.5017645]]]},"properties":{"id":"ms-59","kind":"building","storeys":1,"origin":"ai","edited":false,"source":"Microsoft Global ML Building Footprints 2026-02-03 (ODbL)"}},{"type":"Feature","geometry":{"type":"Polygon","coordinates":[[[123.7171484,10.5004055],[123.7171876,10.5003844],[123.717209,10.5004229],[123.7171698,10.500444],[123.7171484,10.5004055]]]},"properties":{"id":"ms-60","kind":"building","storeys":1,"origin":"ai","edited":false,"source":"Microsoft Global ML Building Footprints 2026-02-03 (ODbL)"}},{"type":"Feature","geometry":{"type":"Polygon","coordinates":[[[123.7208607,10.5026253],[123.7208619,10.5026714],[123.7207398,10.5026743],[123.7207386,10.5026283],[123.7208607,10.5026253]]]},"properties":{"id":"ms-61","kind":"building","storeys":1,"origin":"ai","edited":false,"source":"Microsoft Global ML Building Footprints 2026-02-03 (ODbL)"}},{"type":"Feature","geometry":{"type":"Polygon","coordinates":[[[123.713275,10.5061948],[123.7132301,10.5062725],[123.7131733,10.5062408],[123.7132183,10.5061631],[123.713275,10.5061948]]]},"properties":{"id":"ms-62","kind":"building","storeys":1,"origin":"ai","edited":false,"source":"Microsoft Global ML Building Footprints 2026-02-03 (ODbL)"}},{"type":"Feature","geometry":{"type":"Polygon","coordinates":[[[123.713851,10.5088034],[123.713771,10.5089343],[123.7137139,10.5089005],[123.7137939,10.5087696],[123.713851,10.5088034]]]},"properties":{"id":"ms-63","kind":"building","storeys":1,"origin":"ai","edited":false,"source":"Microsoft Global ML Building Footprints 2026-02-03 (ODbL)"}},{"type":"Feature","geometry":{"type":"Polygon","coordinates":[[[123.7151211,10.5043582],[123.7151893,10.5043795],[123.7151754,10.5044227],[123.7151072,10.5044013],[123.7151211,10.5043582]]]},"properties":{"id":"ms-64","kind":"building","storeys":1,"origin":"ai","edited":false,"source":"Microsoft Global ML Building Footprints 2026-02-03 (ODbL)"}},{"type":"Feature","geometry":{"type":"Polygon","coordinates":[[[123.7154919,10.5043644],[123.7154554,10.5044999],[123.7153501,10.5044725],[123.7153866,10.504337],[123.7154919,10.5043644]]]},"properties":{"id":"ms-65","kind":"building","storeys":1,"origin":"ai","edited":false,"source":"Microsoft Global ML Building Footprints 2026-02-03 (ODbL)"}},{"type":"Feature","geometry":{"type":"Polygon","coordinates":[[[123.7161707,10.5051099],[123.7161441,10.5051696],[123.7160743,10.5051396],[123.7161009,10.5050799],[123.7161707,10.5051099]]]},"properties":{"id":"ms-66","kind":"building","storeys":1,"origin":"ai","edited":false,"source":"Microsoft Global ML Building Footprints 2026-02-03 (ODbL)"}},{"type":"Feature","geometry":{"type":"Polygon","coordinates":[[[123.716259,10.5136366],[123.7162249,10.51373],[123.7161845,10.5137157],[123.7162187,10.5136223],[123.716259,10.5136366]]]},"properties":{"id":"ms-67","kind":"building","storeys":1,"origin":"ai","edited":false,"source":"Microsoft Global ML Building Footprints 2026-02-03 (ODbL)"}},{"type":"Feature","geometry":{"type":"Polygon","coordinates":[[[123.7175567,10.5028248],[123.7174842,10.5028055],[123.7175276,10.5026473],[123.7176001,10.5026665],[123.7175567,10.5028248]]]},"properties":{"id":"ms-68","kind":"building","storeys":1,"origin":"ai","edited":false,"source":"Microsoft Global ML Building Footprints 2026-02-03 (ODbL)"}},{"type":"Feature","geometry":{"type":"Polygon","coordinates":[[[123.7176683,10.5019392],[123.7176617,10.5020522],[123.7175307,10.5020449],[123.7175373,10.5019318],[123.7176683,10.5019392]]]},"properties":{"id":"ms-69","kind":"building","storeys":1,"origin":"ai","edited":false,"source":"Microsoft Global ML Building Footprints 2026-02-03 (ODbL)"}},{"type":"Feature","geometry":{"type":"Polygon","coordinates":[[[123.7192777,10.5076931],[123.7192353,10.5077616],[123.7191797,10.5077284],[123.7191987,10.5076976],[123.7190949,10.5076355],[123.7191372,10.507567],[123.7192411,10.507629],[123.719222,10.5076598],[123.7192777,10.5076931]]]},"properties":{"id":"ms-70","kind":"building","storeys":1,"origin":"ai","edited":false,"source":"Microsoft Global ML Building Footprints 2026-02-03 (ODbL)"}},{"type":"Feature","geometry":{"type":"Polygon","coordinates":[[[123.7197589,10.5079876],[123.7197802,10.5079116],[123.7198899,10.5079413],[123.7198686,10.5080173],[123.7197589,10.5079876]]]},"properties":{"id":"ms-71","kind":"building","storeys":1,"origin":"ai","edited":false,"source":"Microsoft Global ML Building Footprints 2026-02-03 (ODbL)"}},{"type":"Feature","geometry":{"type":"Polygon","coordinates":[[[123.7120946,10.5083188],[123.7120609,10.5083762],[123.7119664,10.5083225],[123.7120001,10.5082652],[123.7120946,10.5083188]]]},"properties":{"id":"ms-72","kind":"building","storeys":1,"origin":"ai","edited":false,"source":"Microsoft Global ML Building Footprints 2026-02-03 (ODbL)"}},{"type":"Feature","geometry":{"type":"Polygon","coordinates":[[[123.7161719,10.5105231],[123.7161751,10.5105107],[123.7162531,10.5105305],[123.7162266,10.5106319],[123.7160681,10.5105918],[123.7160914,10.5105028],[123.7161719,10.5105231]]]},"properties":{"id":"ms-73","kind":"building","storeys":1,"origin":"ai","edited":false,"source":"Microsoft Global ML Building Footprints 2026-02-03 (ODbL)"}},{"type":"Feature","geometry":{"type":"Polygon","coordinates":[[[123.7193521,10.5021803],[123.7194501,10.5021825],[123.7194489,10.5022352],[123.719351,10.5022331],[123.7193521,10.5021803]]]},"properties":{"id":"ms-74","kind":"building","storeys":1,"origin":"ai","edited":false,"source":"Microsoft Global ML Building Footprints 2026-02-03 (ODbL)"}},{"type":"Feature","geometry":{"type":"Polygon","coordinates":[[[123.7205806,10.5081005],[123.7205596,10.5081575],[123.7204876,10.5081317],[123.7205087,10.5080748],[123.7205806,10.5081005]]]},"properties":{"id":"ms-75","kind":"building","storeys":1,"origin":"ai","edited":false,"source":"Microsoft Global ML Building Footprints 2026-02-03 (ODbL)"}},{"type":"Feature","geometry":{"type":"Polygon","coordinates":[[[123.7207628,10.5024583],[123.7208432,10.50246],[123.720842,10.5025139],[123.7207616,10.5025122],[123.7207628,10.5024583]]]},"properties":{"id":"ms-76","kind":"building","storeys":1,"origin":"ai","edited":false,"source":"Microsoft Global ML Building Footprints 2026-02-03 (ODbL)"}},{"type":"Feature","geometry":{"type":"Polygon","coordinates":[[[123.7096011,10.5099273],[123.7096569,10.5098122],[123.709729,10.509846],[123.7096733,10.5099611],[123.7096011,10.5099273]]]},"properties":{"id":"ms-77","kind":"building","storeys":1,"origin":"ai","edited":false,"source":"Microsoft Global ML Building Footprints 2026-02-03 (ODbL)"}},{"type":"Feature","geometry":{"type":"Polygon","coordinates":[[[123.7148254,10.5045803],[123.714752,10.5047122],[123.7146405,10.5046523],[123.7147138,10.5045203],[123.7148254,10.5045803]]]},"properties":{"id":"ms-78","kind":"building","storeys":1,"origin":"ai","edited":false,"source":"Microsoft Global ML Building Footprints 2026-02-03 (ODbL)"}},{"type":"Feature","geometry":{"type":"Polygon","coordinates":[[[123.7149827,10.5019024],[123.7149452,10.5019011],[123.7149479,10.5018274],[123.7149854,10.5018287],[123.7149827,10.5019024]]]},"properties":{"id":"ms-79","kind":"building","storeys":1,"origin":"ai","edited":false,"source":"Microsoft Global ML Building Footprints 2026-02-03 (ODbL)"}},{"type":"Feature","geometry":{"type":"Polygon","coordinates":[[[123.7152223,10.5009948],[123.7152275,10.5010513],[123.7151557,10.5010577],[123.7151505,10.5010012],[123.7152223,10.5009948]]]},"properties":{"id":"ms-80","kind":"building","storeys":1,"origin":"ai","edited":false,"source":"Microsoft Global ML Building Footprints 2026-02-03 (ODbL)"}},{"type":"Feature","geometry":{"type":"Polygon","coordinates":[[[123.7155324,10.5134962],[123.7154434,10.5135053],[123.7154346,10.5134218],[123.7155236,10.5134127],[123.7155324,10.5134962]]]},"properties":{"id":"ms-81","kind":"building","storeys":1,"origin":"ai","edited":false,"source":"Microsoft Global ML Building Footprints 2026-02-03 (ODbL)"}},{"type":"Feature","geometry":{"type":"Polygon","coordinates":[[[123.7155358,10.5134499],[123.715584,10.5134523],[123.7155814,10.5135022],[123.7155332,10.5134999],[123.7155358,10.5134499]]]},"properties":{"id":"ms-82","kind":"building","storeys":1,"origin":"ai","edited":false,"source":"Microsoft Global ML Building Footprints 2026-02-03 (ODbL)"}},{"type":"Feature","geometry":{"type":"Polygon","coordinates":[[[123.716846,10.5036139],[123.7167871,10.50371],[123.7167163,10.503668],[123.7167751,10.5035719],[123.716846,10.5036139]]]},"properties":{"id":"ms-83","kind":"building","storeys":1,"origin":"ai","edited":false,"source":"Microsoft Global ML Building Footprints 2026-02-03 (ODbL)"}},{"type":"Feature","geometry":{"type":"Polygon","coordinates":[[[123.7175748,10.5051171],[123.7176187,10.5050236],[123.7176674,10.5050457],[123.7176235,10.5051392],[123.7175748,10.5051171]]]},"properties":{"id":"ms-84","kind":"building","storeys":1,"origin":"ai","edited":false,"source":"Microsoft Global ML Building Footprints 2026-02-03 (ODbL)"}},{"type":"Feature","geometry":{"type":"Polygon","coordinates":[[[123.7185559,10.5075898],[123.7185141,10.50769],[123.7184026,10.5076449],[123.7184444,10.5075447],[123.7185559,10.5075898]]]},"properties":{"id":"ms-85","kind":"building","storeys":1,"origin":"ai","edited":false,"source":"Microsoft Global ML Building Footprints 2026-02-03 (ODbL)"}},{"type":"Feature","geometry":{"type":"Polygon","coordinates":[[[123.7111049,10.509885],[123.7111271,10.5098403],[123.7111704,10.509861],[123.7111483,10.5099058],[123.7111049,10.509885]]]},"properties":{"id":"ms-86","kind":"building","storeys":1,"origin":"ai","edited":false,"source":"Microsoft Global ML Building Footprints 2026-02-03 (ODbL)"}},{"type":"Feature","geometry":{"type":"Polygon","coordinates":[[[123.7130568,10.5054606],[123.7132223,10.505092],[123.7133906,10.5051651],[123.7132251,10.5055337],[123.7130568,10.5054606]]]},"properties":{"id":"ms-87","kind":"building","storeys":1,"origin":"ai","edited":false,"source":"Microsoft Global ML Building Footprints 2026-02-03 (ODbL)"}},{"type":"Feature","geometry":{"type":"Polygon","coordinates":[[[123.7131787,10.5033392],[123.7132107,10.5032425],[123.7137952,10.5034296],[123.713777,10.5034845],[123.7135806,10.5034216],[123.7135667,10.5034634],[123.7131787,10.5033392]]]},"properties":{"id":"ms-88","kind":"building","storeys":1,"origin":"ai","edited":false,"source":"Microsoft Global ML Building Footprints 2026-02-03 (ODbL)"}},{"type":"Feature","geometry":{"type":"Polygon","coordinates":[[[123.7138023,10.5084934],[123.7137399,10.508531],[123.7136916,10.5084535],[123.713754,10.5084159],[123.7138023,10.5084934]]]},"properties":{"id":"ms-89","kind":"building","storeys":1,"origin":"ai","edited":false,"source":"Microsoft Global ML Building Footprints 2026-02-03 (ODbL)"}},{"type":"Feature","geometry":{"type":"Polygon","coordinates":[[[123.7154554,10.5073412],[123.7155247,10.5071461],[123.715563,10.5071593],[123.7156176,10.5070056],[123.7154995,10.506965],[123.7155292,10.5068813],[123.7154968,10.5068702],[123.7155121,10.5068269],[123.7156603,10.5068778],[123.7156712,10.5068473],[123.7157859,10.5068867],[123.7156361,10.5073083],[123.7156122,10.5073001],[123.7155821,10.5073847],[123.7154554,10.5073412]]]},"properties":{"id":"ms-90","kind":"building","storeys":1,"origin":"ai","edited":false,"source":"Microsoft Global ML Building Footprints 2026-02-03 (ODbL)"}},{"type":"Feature","geometry":{"type":"Polygon","coordinates":[[[123.7166856,10.511628],[123.7167222,10.5116337],[123.7167142,10.5116835],[123.7166776,10.5116778],[123.7166856,10.511628]]]},"properties":{"id":"ms-91","kind":"building","storeys":1,"origin":"ai","edited":false,"source":"Microsoft Global ML Building Footprints 2026-02-03 (ODbL)"}},{"type":"Feature","geometry":{"type":"Polygon","coordinates":[[[123.7171231,10.5002689],[123.7171063,10.500227],[123.717189,10.500195],[123.7172283,10.5002932],[123.717199,10.5003045],[123.7171765,10.5002483],[123.7171231,10.5002689]]]},"properties":{"id":"ms-92","kind":"building","storeys":1,"origin":"ai","edited":false,"source":"Microsoft Global ML Building Footprints 2026-02-03 (ODbL)"}},{"type":"Feature","geometry":{"type":"Polygon","coordinates":[[[123.7134157,10.509071],[123.7133689,10.5091478],[123.7133156,10.5091164],[123.7133624,10.5090396],[123.7134157,10.509071]]]},"properties":{"id":"ms-93","kind":"building","storeys":1,"origin":"ai","edited":false,"source":"Microsoft Global ML Building Footprints 2026-02-03 (ODbL)"}},{"type":"Feature","geometry":{"type":"Polygon","coordinates":[[[123.7146211,10.5078776],[123.7146321,10.5078413],[123.714678,10.5078547],[123.714667,10.507891],[123.7146211,10.5078776]]]},"properties":{"id":"ms-94","kind":"building","storeys":1,"origin":"ai","edited":false,"source":"Microsoft Global ML Building Footprints 2026-02-03 (ODbL)"}},{"type":"Feature","geometry":{"type":"Polygon","coordinates":[[[123.7170009,10.5038846],[123.7170611,10.5038864],[123.7170586,10.5039672],[123.7169983,10.5039654],[123.7170009,10.5038846]]]},"properties":{"id":"ms-95","kind":"building","storeys":1,"origin":"ai","edited":false,"source":"Microsoft Global ML Building Footprints 2026-02-03 (ODbL)"}},{"type":"Feature","geometry":{"type":"Polygon","coordinates":[[[123.7175992,10.5050158],[123.7175814,10.50512],[123.7175292,10.5051114],[123.717547,10.5050072],[123.7175992,10.5050158]]]},"properties":{"id":"ms-96","kind":"building","storeys":1,"origin":"ai","edited":false,"source":"Microsoft Global ML Building Footprints 2026-02-03 (ODbL)"}},{"type":"Feature","geometry":{"type":"Polygon","coordinates":[[[123.7182207,10.5085014],[123.7182496,10.5084558],[123.7183682,10.5085284],[123.7183394,10.508574],[123.7182207,10.5085014]]]},"properties":{"id":"ms-97","kind":"building","storeys":1,"origin":"ai","edited":false,"source":"Microsoft Global ML Building Footprints 2026-02-03 (ODbL)"}},{"type":"Feature","geometry":{"type":"Polygon","coordinates":[[[123.7140907,10.5093926],[123.7141304,10.5093025],[123.7141801,10.5093237],[123.7142016,10.5092748],[123.7142815,10.5093089],[123.7142291,10.5094278],[123.7141997,10.5094153],[123.7141645,10.5094952],[123.7140855,10.5094616],[123.7141119,10.5094016],[123.7140907,10.5093926]]]},"properties":{"id":"ms-98","kind":"building","storeys":1,"origin":"ai","edited":false,"source":"Microsoft Global ML Building Footprints 2026-02-03 (ODbL)"}},{"type":"Feature","geometry":{"type":"Polygon","coordinates":[[[123.7144058,10.5095817],[123.7144022,10.5094235],[123.7144943,10.5094215],[123.714498,10.5095797],[123.7144058,10.5095817]]]},"properties":{"id":"ms-99","kind":"building","storeys":1,"origin":"ai","edited":false,"source":"Microsoft Global ML Building Footprints 2026-02-03 (ODbL)"}},{"type":"Feature","geometry":{"type":"Polygon","coordinates":[[[123.7157821,10.5137325],[123.7158258,10.5137236],[123.7158359,10.5137716],[123.7157922,10.5137806],[123.7157821,10.5137325]]]},"properties":{"id":"ms-100","kind":"building","storeys":1,"origin":"ai","edited":false,"source":"Microsoft Global ML Building Footprints 2026-02-03 (ODbL)"}},{"type":"Feature","geometry":{"type":"Polygon","coordinates":[[[123.7172428,10.5145188],[123.7173175,10.5145242],[123.7173103,10.5146212],[123.7172356,10.5146159],[123.7172428,10.5145188]]]},"properties":{"id":"ms-101","kind":"building","storeys":1,"origin":"ai","edited":false,"source":"Microsoft Global ML Building Footprints 2026-02-03 (ODbL)"}},{"type":"Feature","geometry":{"type":"Polygon","coordinates":[[[123.7174111,10.5080161],[123.7173887,10.5080736],[123.7173302,10.5080517],[123.7173525,10.5079941],[123.7174111,10.5080161]]]},"properties":{"id":"ms-102","kind":"building","storeys":1,"origin":"ai","edited":false,"source":"Microsoft Global ML Building Footprints 2026-02-03 (ODbL)"}},{"type":"Feature","geometry":{"type":"Polygon","coordinates":[[[123.719514,10.5056269],[123.7194648,10.5055956],[123.7195088,10.5055287],[123.719558,10.5055599],[123.719514,10.5056269]]]},"properties":{"id":"ms-103","kind":"building","storeys":1,"origin":"ai","edited":false,"source":"Microsoft Global ML Building Footprints 2026-02-03 (ODbL)"}},{"type":"Feature","geometry":{"type":"Polygon","coordinates":[[[123.7198634,10.510066],[123.7199047,10.5101122],[123.7198495,10.5101598],[123.7198083,10.5101136],[123.7198634,10.510066]]]},"properties":{"id":"ms-104","kind":"building","storeys":1,"origin":"ai","edited":false,"source":"Microsoft Global ML Building Footprints 2026-02-03 (ODbL)"}},{"type":"Feature","geometry":{"type":"Polygon","coordinates":[[[123.7120127,10.5103464],[123.7120118,10.5104216],[123.7119733,10.5104211],[123.7119742,10.5103459],[123.7120127,10.5103464]]]},"properties":{"id":"ms-105","kind":"building","storeys":1,"origin":"ai","edited":false,"source":"Microsoft Global ML Building Footprints 2026-02-03 (ODbL)"}},{"type":"Feature","geometry":{"type":"Polygon","coordinates":[[[123.7126089,10.5071473],[123.7126684,10.5070676],[123.7127336,10.5071147],[123.7126741,10.5071944],[123.7126089,10.5071473]]]},"properties":{"id":"ms-106","kind":"building","storeys":1,"origin":"ai","edited":false,"source":"Microsoft Global ML Building Footprints 2026-02-03 (ODbL)"}},{"type":"Feature","geometry":{"type":"Polygon","coordinates":[[[123.7146336,10.507565],[123.7146397,10.5074905],[123.7148875,10.5075101],[123.7148815,10.5075846],[123.7146336,10.507565]]]},"properties":{"id":"ms-107","kind":"building","storeys":1,"origin":"ai","edited":false,"source":"Microsoft Global ML Building Footprints 2026-02-03 (ODbL)"}},{"type":"Feature","geometry":{"type":"Polygon","coordinates":[[[123.7150649,10.5004147],[123.7149846,10.5004175],[123.7149824,10.5003585],[123.7150628,10.5003557],[123.7150649,10.5004147]]]},"properties":{"id":"ms-108","kind":"building","storeys":1,"origin":"ai","edited":false,"source":"Microsoft Global ML Building Footprints 2026-02-03 (ODbL)"}},{"type":"Feature","geometry":{"type":"Polygon","coordinates":[[[123.715192,10.5016473],[123.7151871,10.5015621],[123.7153128,10.5015551],[123.7153177,10.5016403],[123.715192,10.5016473]]]},"properties":{"id":"ms-109","kind":"building","storeys":1,"origin":"ai","edited":false,"source":"Microsoft Global ML Building Footprints 2026-02-03 (ODbL)"}},{"type":"Feature","geometry":{"type":"Polygon","coordinates":[[[123.7154557,10.5024189],[123.7155168,10.5024248],[123.7155095,10.502498],[123.7154484,10.5024921],[123.7154557,10.5024189]]]},"properties":{"id":"ms-110","kind":"building","storeys":1,"origin":"ai","edited":false,"source":"Microsoft Global ML Building Footprints 2026-02-03 (ODbL)"}},{"type":"Feature","geometry":{"type":"Polygon","coordinates":[[[123.7164005,10.5060052],[123.7163224,10.5059918],[123.7163283,10.5059586],[123.7164636,10.5059817],[123.7164428,10.5060995],[123.7163855,10.5060897],[123.7164005,10.5060052]]]},"properties":{"id":"ms-111","kind":"building","storeys":1,"origin":"ai","edited":false,"source":"Microsoft Global ML Building Footprints 2026-02-03 (ODbL)"}},{"type":"Feature","geometry":{"type":"Polygon","coordinates":[[[123.7133913,10.5040084],[123.7135241,10.5037326],[123.7136413,10.5037872],[123.7135085,10.504063],[123.7133913,10.5040084]]]},"properties":{"id":"ms-112","kind":"building","storeys":1,"origin":"ai","edited":false,"source":"Microsoft Global ML Building Footprints 2026-02-03 (ODbL)"}},{"type":"Feature","geometry":{"type":"Polygon","coordinates":[[[123.7137468,10.5030146],[123.7137502,10.5029001],[123.7138842,10.5029039],[123.7138808,10.5030183],[123.7137468,10.5030146]]]},"properties":{"id":"ms-113","kind":"building","storeys":1,"origin":"ai","edited":false,"source":"Microsoft Global ML Building Footprints 2026-02-03 (ODbL)"}},{"type":"Feature","geometry":{"type":"Polygon","coordinates":[[[123.7157728,10.5096701],[123.7157927,10.5096294],[123.7158349,10.5096494],[123.7158149,10.5096901],[123.7157728,10.5096701]]]},"properties":{"id":"ms-114","kind":"building","storeys":1,"origin":"ai","edited":false,"source":"Microsoft Global ML Building Footprints 2026-02-03 (ODbL)"}},{"type":"Feature","geometry":{"type":"Polygon","coordinates":[[[123.7159269,10.5092882],[123.715988,10.5092941],[123.7159809,10.5093646],[123.7159198,10.5093587],[123.7159269,10.5092882]]]},"properties":{"id":"ms-115","kind":"building","storeys":1,"origin":"ai","edited":false,"source":"Microsoft Global ML Building Footprints 2026-02-03 (ODbL)"}},{"type":"Feature","geometry":{"type":"Polygon","coordinates":[[[123.7161539,10.5014998],[123.7162476,10.5014838],[123.7162666,10.5015913],[123.7161728,10.5016073],[123.7161539,10.5014998]]]},"properties":{"id":"ms-116","kind":"building","storeys":1,"origin":"ai","edited":false,"source":"Microsoft Global ML Building Footprints 2026-02-03 (ODbL)"}},{"type":"Feature","geometry":{"type":"Polygon","coordinates":[[[123.716371,10.5029989],[123.716374,10.5030399],[123.7163434,10.5030421],[123.7163404,10.5030011],[123.716371,10.5029989]]]},"properties":{"id":"ms-117","kind":"building","storeys":1,"origin":"ai","edited":false,"source":"Microsoft Global ML Building Footprints 2026-02-03 (ODbL)"}},{"type":"Feature","geometry":{"type":"Polygon","coordinates":[[[123.7164163,10.5056649],[123.7163996,10.5057167],[123.7163533,10.5057022],[123.71637,10.5056504],[123.7164163,10.5056649]]]},"properties":{"id":"ms-118","kind":"building","storeys":1,"origin":"ai","edited":false,"source":"Microsoft Global ML Building Footprints 2026-02-03 (ODbL)"}},{"type":"Feature","geometry":{"type":"Polygon","coordinates":[[[123.7165842,10.5025111],[123.7166244,10.5025104],[123.7166262,10.5026063],[123.716586,10.502607],[123.7165842,10.5025111]]]},"properties":{"id":"ms-119","kind":"building","storeys":1,"origin":"ai","edited":false,"source":"Microsoft Global ML Building Footprints 2026-02-03 (ODbL)"}},{"type":"Feature","geometry":{"type":"Polygon","coordinates":[[[123.7172751,10.5063187],[123.7173992,10.5063921],[123.7173084,10.5065406],[123.7172446,10.5065028],[123.7172908,10.5064272],[123.7172305,10.5063916],[123.7172751,10.5063187]]]},"properties":{"id":"ms-120","kind":"building","storeys":1,"origin":"ai","edited":false,"source":"Microsoft Global ML Building Footprints 2026-02-03 (ODbL)"}},{"type":"Feature","geometry":{"type":"Polygon","coordinates":[[[123.7195879,10.5069463],[123.7196267,10.5068604],[123.7196559,10.5068731],[123.7197007,10.506774],[123.7197634,10.5068014],[123.7196797,10.5069864],[123.7195879,10.5069463]]]},"properties":{"id":"ms-121","kind":"building","storeys":1,"origin":"ai","edited":false,"source":"Microsoft Global ML Building Footprints 2026-02-03 (ODbL)"}},{"type":"Feature","geometry":{"type":"Polygon","coordinates":[[[123.7197614,10.5001431],[123.7198354,10.5001413],[123.7198372,10.5002151],[123.7199107,10.5002134],[123.7199113,10.5002397],[123.7198432,10.5002413],[123.7198445,10.5002929],[123.7199383,10.5002907],[123.7199422,10.5004473],[123.719769,10.5004515],[123.7197614,10.5001431]]]},"properties":{"id":"ms-122","kind":"building","storeys":1,"origin":"ai","edited":false,"source":"Microsoft Global ML Building Footprints 2026-02-03 (ODbL)"}},{"type":"Feature","geometry":{"type":"Polygon","coordinates":[[[123.7207347,10.5030138],[123.7208076,10.5030067],[123.7208122,10.5030523],[123.7207392,10.5030594],[123.7207347,10.5030138]]]},"properties":{"id":"ms-123","kind":"building","storeys":1,"origin":"ai","edited":false,"source":"Microsoft Global ML Building Footprints 2026-02-03 (ODbL)"}},{"type":"Feature","geometry":{"type":"Polygon","coordinates":[[[123.7114135,10.509792],[123.711384,10.5098741],[123.7113158,10.5098503],[123.7113453,10.5097683],[123.7114135,10.509792]]]},"properties":{"id":"ms-124","kind":"building","storeys":1,"origin":"ai","edited":false,"source":"Microsoft Global ML Building Footprints 2026-02-03 (ODbL)"}},{"type":"Feature","geometry":{"type":"Polygon","coordinates":[[[123.7131908,10.5057527],[123.7133869,10.5058252],[123.7133539,10.5059117],[123.7131577,10.5058393],[123.7131908,10.5057527]]]},"properties":{"id":"ms-125","kind":"building","storeys":1,"origin":"ai","edited":false,"source":"Microsoft Global ML Building Footprints 2026-02-03 (ODbL)"}},{"type":"Feature","geometry":{"type":"Polygon","coordinates":[[[123.7160482,10.5146857],[123.7160522,10.5148042],[123.7159262,10.5148083],[123.7159223,10.5146898],[123.7160482,10.5146857]]]},"properties":{"id":"ms-126","kind":"building","storeys":1,"origin":"ai","edited":false,"source":"Microsoft Global ML Building Footprints 2026-02-03 (ODbL)"}},{"type":"Feature","geometry":{"type":"Polygon","coordinates":[[[123.7161631,10.5149791],[123.7161598,10.5150386],[123.7161157,10.5150362],[123.7161189,10.5149767],[123.7161631,10.5149791]]]},"properties":{"id":"ms-127","kind":"building","storeys":1,"origin":"ai","edited":false,"source":"Microsoft Global ML Building Footprints 2026-02-03 (ODbL)"}},{"type":"Feature","geometry":{"type":"Polygon","coordinates":[[[123.7162207,10.5059873],[123.7161736,10.5061002],[123.7160943,10.5060682],[123.7161414,10.5059553],[123.7162207,10.5059873]]]},"properties":{"id":"ms-128","kind":"building","storeys":1,"origin":"ai","edited":false,"source":"Microsoft Global ML Building Footprints 2026-02-03 (ODbL)"}},{"type":"Feature","geometry":{"type":"Polygon","coordinates":[[[123.7162612,10.504224],[123.7163126,10.5042433],[123.7162962,10.5042856],[123.7164178,10.5043314],[123.7163659,10.5044648],[123.7161928,10.5043996],[123.7162612,10.504224]]]},"properties":{"id":"ms-129","kind":"building","storeys":1,"origin":"ai","edited":false,"source":"Microsoft Global ML Building Footprints 2026-02-03 (ODbL)"}},{"type":"Feature","geometry":{"type":"Polygon","coordinates":[[[123.7164307,10.5018364],[123.7164284,10.501897],[123.7163599,10.5018944],[123.7163623,10.5018339],[123.7164307,10.5018364]]]},"properties":{"id":"ms-130","kind":"building","storeys":1,"origin":"ai","edited":false,"source":"Microsoft Global ML Building Footprints 2026-02-03 (ODbL)"}},{"type":"Feature","geometry":{"type":"Polygon","coordinates":[[[123.7173671,10.5021984],[123.7173646,10.5021431],[123.7174235,10.5021405],[123.717426,10.5021958],[123.7173671,10.5021984]]]},"properties":{"id":"ms-131","kind":"building","storeys":1,"origin":"ai","edited":false,"source":"Microsoft Global ML Building Footprints 2026-02-03 (ODbL)"}},{"type":"Feature","geometry":{"type":"Polygon","coordinates":[[[123.7179647,10.5044258],[123.7180038,10.5043822],[123.7180446,10.5044175],[123.7180055,10.5044611],[123.7179647,10.5044258]]]},"properties":{"id":"ms-132","kind":"building","storeys":1,"origin":"ai","edited":false,"source":"Microsoft Global ML Building Footprints 2026-02-03 (ODbL)"}},{"type":"Feature","geometry":{"type":"Polygon","coordinates":[[[123.7118181,10.5048693],[123.7120931,10.5049597],[123.7119463,10.5053914],[123.7116713,10.505301],[123.7118181,10.5048693]]]},"properties":{"id":"ms-133","kind":"building","storeys":1,"origin":"ai","edited":false,"source":"Microsoft Global ML Building Footprints 2026-02-03 (ODbL)"}},{"type":"Feature","geometry":{"type":"Polygon","coordinates":[[[123.7124347,10.5099066],[123.7124483,10.5098325],[123.7125019,10.509842],[123.7124884,10.5099161],[123.7124347,10.5099066]]]},"properties":{"id":"ms-134","kind":"building","storeys":1,"origin":"ai","edited":false,"source":"Microsoft Global ML Building Footprints 2026-02-03 (ODbL)"}},{"type":"Feature","geometry":{"type":"Polygon","coordinates":[[[123.7128807,10.5082774],[123.7129228,10.5083048],[123.7128906,10.5083524],[123.7128485,10.5083249],[123.7128807,10.5082774]]]},"properties":{"id":"ms-135","kind":"building","storeys":1,"origin":"ai","edited":false,"source":"Microsoft Global ML Building Footprints 2026-02-03 (ODbL)"}},{"type":"Feature","geometry":{"type":"Polygon","coordinates":[[[123.7133788,10.5064702],[123.7134949,10.506527],[123.7134584,10.5065989],[123.7133424,10.506542],[123.7133788,10.5064702]]]},"properties":{"id":"ms-136","kind":"building","storeys":1,"origin":"ai","edited":false,"source":"Microsoft Global ML Building Footprints 2026-02-03 (ODbL)"}},{"type":"Feature","geometry":{"type":"Polygon","coordinates":[[[123.7142259,10.506977],[123.7145803,10.5070505],[123.71456,10.507145],[123.7144702,10.5071263],[123.7144466,10.5072364],[123.7142653,10.5071988],[123.7142453,10.5072922],[123.7141913,10.5072811],[123.7142322,10.5070902],[123.7142029,10.5070842],[123.7142259,10.506977]]]},"properties":{"id":"ms-137","kind":"building","storeys":1,"origin":"ai","edited":false,"source":"Microsoft Global ML Building Footprints 2026-02-03 (ODbL)"}},{"type":"Feature","geometry":{"type":"Polygon","coordinates":[[[123.7148634,10.5018834],[123.7148671,10.5018176],[123.714942,10.5018216],[123.7149383,10.5018874],[123.7148634,10.5018834]]]},"properties":{"id":"ms-138","kind":"building","storeys":1,"origin":"ai","edited":false,"source":"Microsoft Global ML Building Footprints 2026-02-03 (ODbL)"}},{"type":"Feature","geometry":{"type":"Polygon","coordinates":[[[123.7156224,10.5143019],[123.7157135,10.5143003],[123.7157143,10.5143441],[123.7156231,10.5143457],[123.7156224,10.5143019]]]},"properties":{"id":"ms-139","kind":"building","storeys":1,"origin":"ai","edited":false,"source":"Microsoft Global ML Building Footprints 2026-02-03 (ODbL)"}},{"type":"Feature","geometry":{"type":"Polygon","coordinates":[[[123.7163071,10.5104561],[123.7163518,10.5103742],[123.7163851,10.5103918],[123.7163404,10.5104737],[123.7163071,10.5104561]]]},"properties":{"id":"ms-140","kind":"building","storeys":1,"origin":"ai","edited":false,"source":"Microsoft Global ML Building Footprints 2026-02-03 (ODbL)"}},{"type":"Feature","geometry":{"type":"Polygon","coordinates":[[[123.7168852,10.5016085],[123.7168904,10.5015777],[123.7169374,10.5015852],[123.7169323,10.5016161],[123.7168852,10.5016085]]]},"properties":{"id":"ms-141","kind":"building","storeys":1,"origin":"ai","edited":false,"source":"Microsoft Global ML Building Footprints 2026-02-03 (ODbL)"}},{"type":"Feature","geometry":{"type":"Polygon","coordinates":[[[123.7175825,10.5100894],[123.7175079,10.5100577],[123.7175392,10.5099866],[123.7176138,10.5100184],[123.7175825,10.5100894]]]},"properties":{"id":"ms-142","kind":"building","storeys":1,"origin":"ai","edited":false,"source":"Microsoft Global ML Building Footprints 2026-02-03 (ODbL)"}},{"type":"Feature","geometry":{"type":"Polygon","coordinates":[[[123.720297,10.5006935],[123.7202962,10.5007331],[123.7202212,10.5007317],[123.7202219,10.5006921],[123.720297,10.5006935]]]},"properties":{"id":"ms-143","kind":"building","storeys":1,"origin":"ai","edited":false,"source":"Microsoft Global ML Building Footprints 2026-02-03 (ODbL)"}},{"type":"Feature","geometry":{"type":"Polygon","coordinates":[[[123.7109267,10.5133142],[123.7110039,10.5132986],[123.7110197,10.5133746],[123.7109425,10.5133901],[123.7109267,10.5133142]]]},"properties":{"id":"ms-144","kind":"building","storeys":1,"origin":"ai","edited":false,"source":"Microsoft Global ML Building Footprints 2026-02-03 (ODbL)"}},{"type":"Feature","geometry":{"type":"Polygon","coordinates":[[[123.7111905,10.5094855],[123.7112199,10.5094981],[123.7112404,10.5094515],[123.7113217,10.5094862],[123.7112952,10.5095461],[123.7112726,10.5095364],[123.7112462,10.5095963],[123.7112507,10.5095983],[123.71121,10.5096903],[123.7112469,10.5097061],[123.7112317,10.5097405],[123.7112813,10.5097617],[123.7112475,10.5098382],[123.7111158,10.509782],[123.7111374,10.5097332],[123.71109,10.5097129],[123.7111905,10.5094855]]]},"properties":{"id":"ms-145","kind":"building","storeys":1,"origin":"ai","edited":false,"source":"Microsoft Global ML Building Footprints 2026-02-03 (ODbL)"}},{"type":"Feature","geometry":{"type":"Polygon","coordinates":[[[123.7123292,10.5099892],[123.7123395,10.5099455],[123.7124047,10.5099603],[123.7123944,10.5100041],[123.7123292,10.5099892]]]},"properties":{"id":"ms-146","kind":"building","storeys":1,"origin":"ai","edited":false,"source":"Microsoft Global ML Building Footprints 2026-02-03 (ODbL)"}},{"type":"Feature","geometry":{"type":"Polygon","coordinates":[[[123.7129199,10.5034797],[123.7130899,10.5034871],[123.7130863,10.5035661],[123.7129163,10.5035586],[123.7129199,10.5034797]]]},"properties":{"id":"ms-147","kind":"building","storeys":1,"origin":"ai","edited":false,"source":"Microsoft Global ML Building Footprints 2026-02-03 (ODbL)"}},{"type":"Feature","geometry":{"type":"Polygon","coordinates":[[[123.7141082,10.5114911],[123.7141209,10.5114048],[123.7141682,10.5114115],[123.7141555,10.5114978],[123.7141082,10.5114911]]]},"properties":{"id":"ms-148","kind":"building","storeys":1,"origin":"ai","edited":false,"source":"Microsoft Global ML Building Footprints 2026-02-03 (ODbL)"}},{"type":"Feature","geometry":{"type":"Polygon","coordinates":[[[123.7143379,10.5112821],[123.7143355,10.5111977],[123.7144036,10.5111959],[123.7144059,10.5112803],[123.7143379,10.5112821]]]},"properties":{"id":"ms-149","kind":"building","storeys":1,"origin":"ai","edited":false,"source":"Microsoft Global ML Building Footprints 2026-02-03 (ODbL)"}},{"type":"Feature","geometry":{"type":"Polygon","coordinates":[[[123.7152368,10.5018849],[123.7152755,10.5018843],[123.7152742,10.5018089],[123.7153574,10.5018076],[123.7153605,10.5019974],[123.7152387,10.5019994],[123.7152368,10.5018849]]]},"properties":{"id":"ms-150","kind":"building","storeys":1,"origin":"ai","edited":false,"source":"Microsoft Global ML Building Footprints 2026-02-03 (ODbL)"}},{"type":"Feature","geometry":{"type":"Polygon","coordinates":[[[123.7158841,10.5025135],[123.7158051,10.502518],[123.7157983,10.5024024],[123.7158772,10.5023978],[123.7158841,10.5025135]]]},"properties":{"id":"ms-151","kind":"building","storeys":1,"origin":"ai","edited":false,"source":"Microsoft Global ML Building Footprints 2026-02-03 (ODbL)"}},{"type":"Feature","geometry":{"type":"Polygon","coordinates":[[[123.7170215,10.5083796],[123.717109,10.5083973],[123.7170889,10.5084934],[123.7170014,10.5084757],[123.7170215,10.5083796]]]},"properties":{"id":"ms-152","kind":"building","storeys":1,"origin":"ai","edited":false,"source":"Microsoft Global ML Building Footprints 2026-02-03 (ODbL)"}},{"type":"Feature","geometry":{"type":"Polygon","coordinates":[[[123.7173894,10.5082469],[123.7173536,10.5083295],[123.7172492,10.5082858],[123.7172849,10.5082032],[123.7173894,10.5082469]]]},"properties":{"id":"ms-153","kind":"building","storeys":1,"origin":"ai","edited":false,"source":"Microsoft Global ML Building Footprints 2026-02-03 (ODbL)"}},{"type":"Feature","geometry":{"type":"Polygon","coordinates":[[[123.7175419,10.5046943],[123.7175661,10.5046418],[123.7175261,10.504624],[123.7175462,10.5045802],[123.7177275,10.5046611],[123.7176831,10.5047573],[123.7175419,10.5046943]]]},"properties":{"id":"ms-154","kind":"building","storeys":1,"origin":"ai","edited":false,"source":"Microsoft Global ML Building Footprints 2026-02-03 (ODbL)"}},{"type":"Feature","geometry":{"type":"Polygon","coordinates":[[[123.7197215,10.5096996],[123.7196769,10.5097342],[123.7196026,10.5096415],[123.7196472,10.5096069],[123.7197215,10.5096996]]]},"properties":{"id":"ms-155","kind":"building","storeys":1,"origin":"ai","edited":false,"source":"Microsoft Global ML Building Footprints 2026-02-03 (ODbL)"}},{"type":"Feature","geometry":{"type":"Polygon","coordinates":[[[123.7197766,10.5100788],[123.7198243,10.5100349],[123.7198532,10.5100652],[123.7198054,10.5101091],[123.7197766,10.5100788]]]},"properties":{"id":"ms-156","kind":"building","storeys":1,"origin":"ai","edited":false,"source":"Microsoft Global ML Building Footprints 2026-02-03 (ODbL)"}},{"type":"Feature","geometry":{"type":"Polygon","coordinates":[[[123.7125374,10.5097705],[123.7125124,10.5098441],[123.7124738,10.5098314],[123.7124988,10.5097578],[123.7125374,10.5097705]]]},"properties":{"id":"ms-157","kind":"building","storeys":1,"origin":"ai","edited":false,"source":"Microsoft Global ML Building Footprints 2026-02-03 (ODbL)"}},{"type":"Feature","geometry":{"type":"Polygon","coordinates":[[[123.7141828,10.5032911],[123.7141175,10.5032855],[123.7141106,10.5033629],[123.7140707,10.5033595],[123.714085,10.5031972],[123.7141903,10.5032062],[123.7141828,10.5032911]]]},"properties":{"id":"ms-158","kind":"building","storeys":1,"origin":"ai","edited":false,"source":"Microsoft Global ML Building Footprints 2026-02-03 (ODbL)"}},{"type":"Feature","geometry":{"type":"Polygon","coordinates":[[[123.7148502,10.5038036],[123.714858,10.5037644],[123.7148994,10.5037724],[123.7148916,10.5038115],[123.7148502,10.5038036]]]},"properties":{"id":"ms-159","kind":"building","storeys":1,"origin":"ai","edited":false,"source":"Microsoft Global ML Building Footprints 2026-02-03 (ODbL)"}},{"type":"Feature","geometry":{"type":"Polygon","coordinates":[[[123.7171363,10.5085291],[123.7171242,10.5085828],[123.7170833,10.5085739],[123.7170954,10.5085202],[123.7171363,10.5085291]]]},"properties":{"id":"ms-160","kind":"building","storeys":1,"origin":"ai","edited":false,"source":"Microsoft Global ML Building Footprints 2026-02-03 (ODbL)"}},{"type":"Feature","geometry":{"type":"Polygon","coordinates":[[[123.7187535,10.511883],[123.7187693,10.5118444],[123.7188187,10.5118641],[123.7188028,10.5119026],[123.7187535,10.511883]]]},"properties":{"id":"ms-161","kind":"building","storeys":1,"origin":"ai","edited":false,"source":"Microsoft Global ML Building Footprints 2026-02-03 (ODbL)"}},{"type":"Feature","geometry":{"type":"Polygon","coordinates":[[[123.7135162,10.506429],[123.7135316,10.5063797],[123.7136335,10.5064104],[123.7136181,10.5064597],[123.7135162,10.506429]]]},"properties":{"id":"ms-162","kind":"building","storeys":1,"origin":"ai","edited":false,"source":"Microsoft Global ML Building Footprints 2026-02-03 (ODbL)"}},{"type":"Feature","geometry":{"type":"Polygon","coordinates":[[[123.7139472,10.5122781],[123.7139514,10.5124166],[123.7138641,10.5124191],[123.71386,10.5122806],[123.7139472,10.5122781]]]},"properties":{"id":"ms-163","kind":"building","storeys":1,"origin":"ai","edited":false,"source":"Microsoft Global ML Building Footprints 2026-02-03 (ODbL)"}},{"type":"Feature","geometry":{"type":"Polygon","coordinates":[[[123.7141033,10.5069235],[123.7142268,10.5066375],[123.7143268,10.5066793],[123.7142033,10.5069653],[123.7141033,10.5069235]]]},"properties":{"id":"ms-164","kind":"building","storeys":1,"origin":"ai","edited":false,"source":"Microsoft Global ML Building Footprints 2026-02-03 (ODbL)"}},{"type":"Feature","geometry":{"type":"Polygon","coordinates":[[[123.7148117,10.5019784],[123.7148132,10.5020406],[123.7146938,10.5020434],[123.7146923,10.5019813],[123.7148117,10.5019784]]]},"properties":{"id":"ms-165","kind":"building","storeys":1,"origin":"ai","edited":false,"source":"Microsoft Global ML Building Footprints 2026-02-03 (ODbL)"}},{"type":"Feature","geometry":{"type":"Polygon","coordinates":[[[123.7154769,10.502228],[123.7154798,10.5021226],[123.7156031,10.5021259],[123.7156002,10.5022313],[123.7154769,10.502228]]]},"properties":{"id":"ms-166","kind":"building","storeys":1,"origin":"ai","edited":false,"source":"Microsoft Global ML Building Footprints 2026-02-03 (ODbL)"}},{"type":"Feature","geometry":{"type":"Polygon","coordinates":[[[123.7163353,10.5030617],[123.7162537,10.5030644],[123.7162527,10.5030344],[123.7163343,10.5030317],[123.7163353,10.5030617]]]},"properties":{"id":"ms-167","kind":"building","storeys":1,"origin":"ai","edited":false,"source":"Microsoft Global ML Building Footprints 2026-02-03 (ODbL)"}},{"type":"Feature","geometry":{"type":"Polygon","coordinates":[[[123.7172339,10.5145794],[123.7171454,10.5145766],[123.7171481,10.514495],[123.7172365,10.5144977],[123.7172339,10.5145794]]]},"properties":{"id":"ms-168","kind":"building","storeys":1,"origin":"ai","edited":false,"source":"Microsoft Global ML Building Footprints 2026-02-03 (ODbL)"}},{"type":"Feature","geometry":{"type":"Polygon","coordinates":[[[123.710636,10.5096117],[123.710657,10.5096509],[123.7106073,10.5096766],[123.7105863,10.5096374],[123.710636,10.5096117]]]},"properties":{"id":"ms-169","kind":"building","storeys":1,"origin":"ai","edited":false,"source":"Microsoft Global ML Building Footprints 2026-02-03 (ODbL)"}},{"type":"Feature","geometry":{"type":"Polygon","coordinates":[[[123.7109785,10.5089353],[123.7110126,10.508992],[123.7109887,10.5090059],[123.7109547,10.5089492],[123.7109785,10.5089353]]]},"properties":{"id":"ms-170","kind":"building","storeys":1,"origin":"ai","edited":false,"source":"Microsoft Global ML Building Footprints 2026-02-03 (ODbL)"}},{"type":"Feature","geometry":{"type":"Polygon","coordinates":[[[123.7117993,10.5081549],[123.7118589,10.508179],[123.7118288,10.5082512],[123.7117691,10.5082271],[123.7117993,10.5081549]]]},"properties":{"id":"ms-171","kind":"building","storeys":1,"origin":"ai","edited":false,"source":"Microsoft Global ML Building Footprints 2026-02-03 (ODbL)"}},{"type":"Feature","geometry":{"type":"Polygon","coordinates":[[[123.7128636,10.5090455],[123.7128298,10.5090985],[123.7127676,10.50906],[123.7128014,10.5090071],[123.7128636,10.5090455]]]},"properties":{"id":"ms-172","kind":"building","storeys":1,"origin":"ai","edited":false,"source":"Microsoft Global ML Building Footprints 2026-02-03 (ODbL)"}},{"type":"Feature","geometry":{"type":"Polygon","coordinates":[[[123.7170372,10.5086813],[123.7170388,10.508829],[123.7170039,10.5088294],[123.7170023,10.5086817],[123.7170372,10.5086813]]]},"properties":{"id":"ms-173","kind":"building","storeys":1,"origin":"ai","edited":false,"source":"Microsoft Global ML Building Footprints 2026-02-03 (ODbL)"}},{"type":"Feature","geometry":{"type":"Polygon","coordinates":[[[123.7174021,10.5066618],[123.7174521,10.506675],[123.7174411,10.5067152],[123.7173911,10.506702],[123.7174021,10.5066618]]]},"properties":{"id":"ms-174","kind":"building","storeys":1,"origin":"ai","edited":false,"source":"Microsoft Global ML Building Footprints 2026-02-03 (ODbL)"}},{"type":"Feature","geometry":{"type":"Polygon","coordinates":[[[123.719524,10.5061976],[123.7195706,10.5060953],[123.7196788,10.5061431],[123.7196321,10.5062453],[123.719524,10.5061976]]]},"properties":{"id":"ms-175","kind":"building","storeys":1,"origin":"ai","edited":false,"source":"Microsoft Global ML Building Footprints 2026-02-03 (ODbL)"}},{"type":"Feature","geometry":{"type":"Polygon","coordinates":[[[123.7198475,10.5027946],[123.7198048,10.5027971],[123.7198021,10.5027536],[123.7198448,10.502751],[123.7198475,10.5027946]]]},"properties":{"id":"ms-176","kind":"building","storeys":1,"origin":"ai","edited":false,"source":"Microsoft Global ML Building Footprints 2026-02-03 (ODbL)"}},{"type":"Feature","geometry":{"type":"Polygon","coordinates":[[[123.7161268,10.5029489],[123.7161228,10.5030226],[123.7160399,10.5030182],[123.7160496,10.5028404],[123.7161967,10.5028481],[123.716191,10.5029523],[123.7161268,10.5029489]]]},"properties":{"id":"ms-177","kind":"building","storeys":1,"origin":"ai","edited":false,"source":"Microsoft Global ML Building Footprints 2026-02-03 (ODbL)"}},{"type":"Feature","geometry":{"type":"Polygon","coordinates":[[[123.7167431,10.5137202],[123.7167418,10.513823],[123.7166613,10.513822],[123.7166627,10.5137192],[123.7167431,10.5137202]]]},"properties":{"id":"ms-178","kind":"building","storeys":1,"origin":"ai","edited":false,"source":"Microsoft Global ML Building Footprints 2026-02-03 (ODbL)"}},{"type":"Feature","geometry":{"type":"Polygon","coordinates":[[[123.7168729,10.5066171],[123.716844,10.5066809],[123.7167231,10.5066281],[123.7167519,10.5065642],[123.7168729,10.5066171]]]},"properties":{"id":"ms-179","kind":"building","storeys":1,"origin":"ai","edited":false,"source":"Microsoft Global ML Building Footprints 2026-02-03 (ODbL)"}},{"type":"Feature","geometry":{"type":"Polygon","coordinates":[[[123.7172545,10.5044287],[123.7173214,10.5044308],[123.7173194,10.504494],[123.7172524,10.504492],[123.7172545,10.5044287]]]},"properties":{"id":"ms-180","kind":"building","storeys":1,"origin":"ai","edited":false,"source":"Microsoft Global ML Building Footprints 2026-02-03 (ODbL)"}},{"type":"Feature","geometry":{"type":"Polygon","coordinates":[[[123.7175275,10.5079742],[123.7175828,10.5079943],[123.7175674,10.5080352],[123.7175122,10.5080152],[123.7175275,10.5079742]]]},"properties":{"id":"ms-181","kind":"building","storeys":1,"origin":"ai","edited":false,"source":"Microsoft Global ML Building Footprints 2026-02-03 (ODbL)"}},{"type":"Feature","geometry":{"type":"Polygon","coordinates":[[[123.7176273,10.5084581],[123.7176409,10.5083868],[123.7176979,10.5083972],[123.7176844,10.5084686],[123.7176273,10.5084581]]]},"properties":{"id":"ms-182","kind":"building","storeys":1,"origin":"ai","edited":false,"source":"Microsoft Global ML Building Footprints 2026-02-03 (ODbL)"}},{"type":"Feature","geometry":{"type":"Polygon","coordinates":[[[123.7180486,10.5084728],[123.7181107,10.5083648],[123.7181399,10.508381],[123.7181767,10.508317],[123.7182234,10.508343],[123.7181247,10.508515],[123.7180486,10.5084728]]]},"properties":{"id":"ms-183","kind":"building","storeys":1,"origin":"ai","edited":false,"source":"Microsoft Global ML Building Footprints 2026-02-03 (ODbL)"}},{"type":"Feature","geometry":{"type":"Polygon","coordinates":[[[123.7189677,10.5026227],[123.7188668,10.5025976],[123.7188572,10.5026348],[123.7188068,10.5026223],[123.7188376,10.5025023],[123.7188981,10.5025173],[123.7189217,10.5024256],[123.7190125,10.5024481],[123.7189677,10.5026227]]]},"properties":{"id":"ms-184","kind":"building","storeys":1,"origin":"ai","edited":false,"source":"Microsoft Global ML Building Footprints 2026-02-03 (ODbL)"}},{"type":"Feature","geometry":{"type":"Polygon","coordinates":[[[123.7113589,10.5105166],[123.7114259,10.5105189],[123.7114241,10.5105689],[123.7113571,10.5105667],[123.7113589,10.5105166]]]},"properties":{"id":"ms-185","kind":"building","storeys":1,"origin":"ai","edited":false,"source":"Microsoft Global ML Building Footprints 2026-02-03 (ODbL)"}},{"type":"Feature","geometry":{"type":"Polygon","coordinates":[[[123.7128698,10.5034499],[123.7128511,10.5035245],[123.7127121,10.5034908],[123.7127308,10.5034162],[123.7128698,10.5034499]]]},"properties":{"id":"ms-186","kind":"building","storeys":1,"origin":"ai","edited":false,"source":"Microsoft Global ML Building Footprints 2026-02-03 (ODbL)"}},{"type":"Feature","geometry":{"type":"Polygon","coordinates":[[[123.7131069,10.5035681],[123.7131218,10.5035155],[123.7131691,10.5035285],[123.7131542,10.503581],[123.7131069,10.5035681]]]},"properties":{"id":"ms-187","kind":"building","storeys":1,"origin":"ai","edited":false,"source":"Microsoft Global ML Building Footprints 2026-02-03 (ODbL)"}},{"type":"Feature","geometry":{"type":"Polygon","coordinates":[[[123.714168,10.5094951],[123.7142141,10.5095049],[123.7141981,10.509578],[123.714152,10.5095682],[123.714168,10.5094951]]]},"properties":{"id":"ms-188","kind":"building","storeys":1,"origin":"ai","edited":false,"source":"Microsoft Global ML Building Footprints 2026-02-03 (ODbL)"}},{"type":"Feature","geometry":{"type":"Polygon","coordinates":[[[123.7151818,10.5131508],[123.7150264,10.5131453],[123.7150308,10.5130268],[123.7151861,10.5130323],[123.7151818,10.5131508]]]},"properties":{"id":"ms-189","kind":"building","storeys":1,"origin":"ai","edited":false,"source":"Microsoft Global ML Building Footprints 2026-02-03 (ODbL)"}},{"type":"Feature","geometry":{"type":"Polygon","coordinates":[[[123.7153267,10.504635],[123.7153782,10.5045044],[123.7154726,10.5045404],[123.715421,10.504671],[123.7153267,10.504635]]]},"properties":{"id":"ms-190","kind":"building","storeys":1,"origin":"ai","edited":false,"source":"Microsoft Global ML Building Footprints 2026-02-03 (ODbL)"}},{"type":"Feature","geometry":{"type":"Polygon","coordinates":[[[123.7154812,10.5100043],[123.7155001,10.5099441],[123.7155393,10.509956],[123.7155204,10.5100162],[123.7154812,10.5100043]]]},"properties":{"id":"ms-191","kind":"building","storeys":1,"origin":"ai","edited":false,"source":"Microsoft Global ML Building Footprints 2026-02-03 (ODbL)"}},{"type":"Feature","geometry":{"type":"Polygon","coordinates":[[[123.7157047,10.5065032],[123.715753,10.5063949],[123.715797,10.5064139],[123.7157487,10.5065222],[123.7157047,10.5065032]]]},"properties":{"id":"ms-192","kind":"building","storeys":1,"origin":"ai","edited":false,"source":"Microsoft Global ML Building Footprints 2026-02-03 (ODbL)"}},{"type":"Feature","geometry":{"type":"Polygon","coordinates":[[[123.7157212,10.5097376],[123.7158154,10.5097589],[123.7158002,10.509824],[123.7157059,10.5098027],[123.7157212,10.5097376]]]},"properties":{"id":"ms-193","kind":"building","storeys":1,"origin":"ai","edited":false,"source":"Microsoft Global ML Building Footprints 2026-02-03 (ODbL)"}},{"type":"Feature","geometry":{"type":"Polygon","coordinates":[[[123.7164027,10.5143112],[123.716493,10.5143197],[123.7164841,10.5144112],[123.7163937,10.5144026],[123.7164027,10.5143112]]]},"properties":{"id":"ms-194","kind":"building","storeys":1,"origin":"ai","edited":false,"source":"Microsoft Global ML Building Footprints 2026-02-03 (ODbL)"}},{"type":"Feature","geometry":{"type":"Polygon","coordinates":[[[123.7171708,10.5039561],[123.7172437,10.5039637],[123.7172348,10.5040471],[123.7171618,10.5040396],[123.7171708,10.5039561]]]},"properties":{"id":"ms-195","kind":"building","storeys":1,"origin":"ai","edited":false,"source":"Microsoft Global ML Building Footprints 2026-02-03 (ODbL)"}},{"type":"Feature","geometry":{"type":"Polygon","coordinates":[[[123.7122942,10.5093031],[123.7123282,10.5092157],[123.7123712,10.5092319],[123.7123372,10.5093193],[123.7122942,10.5093031]]]},"properties":{"id":"ms-196","kind":"building","storeys":1,"origin":"ai","edited":false,"source":"Microsoft Global ML Building Footprints 2026-02-03 (ODbL)"}},{"type":"Feature","geometry":{"type":"Polygon","coordinates":[[[123.7131328,10.5063753],[123.7131292,10.5064331],[123.7130624,10.5064291],[123.7130659,10.5063713],[123.7131328,10.5063753]]]},"properties":{"id":"ms-197","kind":"building","storeys":1,"origin":"ai","edited":false,"source":"Microsoft Global ML Building Footprints 2026-02-03 (ODbL)"}},{"type":"Feature","geometry":{"type":"Polygon","coordinates":[[[123.7138529,10.512183],[123.7138855,10.5121782],[123.7138941,10.5122338],[123.7138615,10.5122386],[123.7138529,10.512183]]]},"properties":{"id":"ms-198","kind":"building","storeys":1,"origin":"ai","edited":false,"source":"Microsoft Global ML Building Footprints 2026-02-03 (ODbL)"}},{"type":"Feature","geometry":{"type":"Polygon","coordinates":[[[123.7138929,10.5093703],[123.7139451,10.5093985],[123.7138596,10.5095515],[123.7138073,10.5095233],[123.7138929,10.5093703]]]},"properties":{"id":"ms-199","kind":"building","storeys":1,"origin":"ai","edited":false,"source":"Microsoft Global ML Building Footprints 2026-02-03 (ODbL)"}},{"type":"Feature","geometry":{"type":"Polygon","coordinates":[[[123.7144303,10.5130059],[123.714525,10.512917],[123.7145826,10.5129762],[123.7144879,10.5130652],[123.7144303,10.5130059]]]},"properties":{"id":"ms-200","kind":"building","storeys":1,"origin":"ai","edited":false,"source":"Microsoft Global ML Building Footprints 2026-02-03 (ODbL)"}},{"type":"Feature","geometry":{"type":"Polygon","coordinates":[[[123.7148375,10.5071155],[123.7148055,10.5072106],[123.7146773,10.5071689],[123.7147094,10.5070738],[123.7148375,10.5071155]]]},"properties":{"id":"ms-201","kind":"building","storeys":1,"origin":"ai","edited":false,"source":"Microsoft Global ML Building Footprints 2026-02-03 (ODbL)"}},{"type":"Feature","geometry":{"type":"Polygon","coordinates":[[[123.7151906,10.5136646],[123.7151867,10.5137578],[123.7151319,10.5137556],[123.7151357,10.5136624],[123.7151906,10.5136646]]]},"properties":{"id":"ms-202","kind":"building","storeys":1,"origin":"ai","edited":false,"source":"Microsoft Global ML Building Footprints 2026-02-03 (ODbL)"}},{"type":"Feature","geometry":{"type":"Polygon","coordinates":[[[123.7154827,10.5009143],[123.7154805,10.5010129],[123.7154054,10.5010113],[123.7154076,10.5009127],[123.7154827,10.5009143]]]},"properties":{"id":"ms-203","kind":"building","storeys":1,"origin":"ai","edited":false,"source":"Microsoft Global ML Building Footprints 2026-02-03 (ODbL)"}},{"type":"Feature","geometry":{"type":"Polygon","coordinates":[[[123.7185117,10.5054681],[123.7184436,10.5056141],[123.7183594,10.5055762],[123.7184274,10.5054301],[123.7185117,10.5054681]]]},"properties":{"id":"ms-204","kind":"building","storeys":1,"origin":"ai","edited":false,"source":"Microsoft Global ML Building Footprints 2026-02-03 (ODbL)"}},{"type":"Feature","geometry":{"type":"Polygon","coordinates":[[[123.7193901,10.5054788],[123.7193671,10.5055467],[123.7193188,10.5055309],[123.7193418,10.505463],[123.7193901,10.5054788]]]},"properties":{"id":"ms-205","kind":"building","storeys":1,"origin":"ai","edited":false,"source":"Microsoft Global ML Building Footprints 2026-02-03 (ODbL)"}},{"type":"Feature","geometry":{"type":"Polygon","coordinates":[[[123.7194094,10.5116392],[123.7194492,10.5116004],[123.7194948,10.5116457],[123.719455,10.5116845],[123.7194094,10.5116392]]]},"properties":{"id":"ms-206","kind":"building","storeys":1,"origin":"ai","edited":false,"source":"Microsoft Global ML Building Footprints 2026-02-03 (ODbL)"}},{"type":"Feature","geometry":{"type":"Polygon","coordinates":[[[123.7203583,10.5028816],[123.72042,10.5028835],[123.7204168,10.5029796],[123.7203552,10.5029776],[123.7203583,10.5028816]]]},"properties":{"id":"ms-207","kind":"building","storeys":1,"origin":"ai","edited":false,"source":"Microsoft Global ML Building Footprints 2026-02-03 (ODbL)"}},{"type":"Feature","geometry":{"type":"Polygon","coordinates":[[[123.7116373,10.5069999],[123.7116489,10.5069655],[123.711701,10.5069826],[123.7116894,10.507017],[123.7116373,10.5069999]]]},"properties":{"id":"ms-208","kind":"building","storeys":1,"origin":"ai","edited":false,"source":"Microsoft Global ML Building Footprints 2026-02-03 (ODbL)"}},{"type":"Feature","geometry":{"type":"Polygon","coordinates":[[[123.7151916,10.5051887],[123.7151597,10.5052736],[123.7150323,10.5052273],[123.7150642,10.5051424],[123.7151916,10.5051887]]]},"properties":{"id":"ms-209","kind":"building","storeys":1,"origin":"ai","edited":false,"source":"Microsoft Global ML Building Footprints 2026-02-03 (ODbL)"}},{"type":"Feature","geometry":{"type":"Polygon","coordinates":[[[123.7160447,10.5083717],[123.7160693,10.5083243],[123.7161701,10.508375],[123.7161455,10.5084223],[123.7160447,10.5083717]]]},"properties":{"id":"ms-210","kind":"building","storeys":1,"origin":"ai","edited":false,"source":"Microsoft Global ML Building Footprints 2026-02-03 (ODbL)"}},{"type":"Feature","geometry":{"type":"Polygon","coordinates":[[[123.716377,10.5149654],[123.7164977,10.5149677],[123.7164952,10.5150968],[123.7164027,10.5150951],[123.716403,10.5150793],[123.7163065,10.5150775],[123.7163072,10.515037],[123.7163756,10.5150382],[123.716377,10.5149654]]]},"properties":{"id":"ms-211","kind":"building","storeys":1,"origin":"ai","edited":false,"source":"Microsoft Global ML Building Footprints 2026-02-03 (ODbL)"}},{"type":"Feature","geometry":{"type":"Polygon","coordinates":[[[123.7183017,10.5055801],[123.7183604,10.5055844],[123.7183546,10.5056605],[123.7182959,10.5056562],[123.7183017,10.5055801]]]},"properties":{"id":"ms-212","kind":"building","storeys":1,"origin":"ai","edited":false,"source":"Microsoft Global ML Building Footprints 2026-02-03 (ODbL)"}},{"type":"Feature","geometry":{"type":"Polygon","coordinates":[[[123.718844,10.5113001],[123.7188651,10.511259],[123.7189109,10.5112817],[123.7188897,10.5113229],[123.718844,10.5113001]]]},"properties":{"id":"ms-213","kind":"building","storeys":1,"origin":"ai","edited":false,"source":"Microsoft Global ML Building Footprints 2026-02-03 (ODbL)"}},{"type":"Feature","geometry":{"type":"Polygon","coordinates":[[[123.7131805,10.5064675],[123.7132305,10.5063787],[123.713288,10.50641],[123.713238,10.5064988],[123.7131805,10.5064675]]]},"properties":{"id":"ms-214","kind":"building","storeys":1,"origin":"ai","edited":false,"source":"Microsoft Global ML Building Footprints 2026-02-03 (ODbL)"}},{"type":"Feature","geometry":{"type":"Polygon","coordinates":[[[123.7149705,10.5004206],[123.7149212,10.5004183],[123.7149244,10.5003541],[123.7149736,10.5003564],[123.7149705,10.5004206]]]},"properties":{"id":"ms-215","kind":"building","storeys":1,"origin":"ai","edited":false,"source":"Microsoft Global ML Building Footprints 2026-02-03 (ODbL)"}},{"type":"Feature","geometry":{"type":"Polygon","coordinates":[[[123.7151159,10.5015645],[123.7151802,10.5015623],[123.7151829,10.5016413],[123.7151186,10.5016435],[123.7151159,10.5015645]]]},"properties":{"id":"ms-216","kind":"building","storeys":1,"origin":"ai","edited":false,"source":"Microsoft Global ML Building Footprints 2026-02-03 (ODbL)"}},{"type":"Feature","geometry":{"type":"Polygon","coordinates":[[[123.7151746,10.5037434],[123.7151391,10.5037383],[123.7151457,10.5036944],[123.7152612,10.503711],[123.7152466,10.5038091],[123.7151665,10.5037976],[123.7151746,10.5037434]]]},"properties":{"id":"ms-217","kind":"building","storeys":1,"origin":"ai","edited":false,"source":"Microsoft Global ML Building Footprints 2026-02-03 (ODbL)"}},{"type":"Feature","geometry":{"type":"Polygon","coordinates":[[[123.7160768,10.5093454],[123.7160373,10.5093686],[123.7160172,10.5093355],[123.7160567,10.5093123],[123.7160768,10.5093454]]]},"properties":{"id":"ms-218","kind":"building","storeys":1,"origin":"ai","edited":false,"source":"Microsoft Global ML Building Footprints 2026-02-03 (ODbL)"}},{"type":"Feature","geometry":{"type":"Polygon","coordinates":[[[123.7162029,10.5012135],[123.7162698,10.5012],[123.7162804,10.5012506],[123.7162135,10.5012641],[123.7162029,10.5012135]]]},"properties":{"id":"ms-219","kind":"building","storeys":1,"origin":"ai","edited":false,"source":"Microsoft Global ML Building Footprints 2026-02-03 (ODbL)"}},{"type":"Feature","geometry":{"type":"Polygon","coordinates":[[[123.7165194,10.5144115],[123.7166345,10.5144295],[123.7166203,10.514517],[123.7165052,10.514499],[123.7165194,10.5144115]]]},"properties":{"id":"ms-220","kind":"building","storeys":1,"origin":"ai","edited":false,"source":"Microsoft Global ML Building Footprints 2026-02-03 (ODbL)"}},{"type":"Feature","geometry":{"type":"Polygon","coordinates":[[[123.7168501,10.5041368],[123.7168687,10.504065],[123.7169669,10.5040895],[123.7169484,10.5041614],[123.7168501,10.5041368]]]},"properties":{"id":"ms-221","kind":"building","storeys":1,"origin":"ai","edited":false,"source":"Microsoft Global ML Building Footprints 2026-02-03 (ODbL)"}},{"type":"Feature","geometry":{"type":"Polygon","coordinates":[[[123.7171589,10.5144646],[123.7171651,10.5143869],[123.7174023,10.5144051],[123.7173926,10.5145273],[123.71731,10.514521],[123.7173135,10.5144764],[123.7171589,10.5144646]]]},"properties":{"id":"ms-222","kind":"building","storeys":1,"origin":"ai","edited":false,"source":"Microsoft Global ML Building Footprints 2026-02-03 (ODbL)"}},{"type":"Feature","geometry":{"type":"Polygon","coordinates":[[[123.7182133,10.5080289],[123.7182681,10.5079364],[123.7183395,10.5079772],[123.7182847,10.5080698],[123.7182133,10.5080289]]]},"properties":{"id":"ms-223","kind":"building","storeys":1,"origin":"ai","edited":false,"source":"Microsoft Global ML Building Footprints 2026-02-03 (ODbL)"}},{"type":"Feature","geometry":{"type":"Polygon","coordinates":[[[123.7187812,10.502954],[123.7187831,10.5028696],[123.7188313,10.5028707],[123.7188295,10.502955],[123.7187812,10.502954]]]},"properties":{"id":"ms-224","kind":"building","storeys":1,"origin":"ai","edited":false,"source":"Microsoft Global ML Building Footprints 2026-02-03 (ODbL)"}},{"type":"Feature","geometry":{"type":"Polygon","coordinates":[[[123.7205837,10.5030477],[123.7206345,10.5030447],[123.7206387,10.503113],[123.7205879,10.503116],[123.7205837,10.5030477]]]},"properties":{"id":"ms-225","kind":"building","storeys":1,"origin":"ai","edited":false,"source":"Microsoft Global ML Building Footprints 2026-02-03 (ODbL)"}},{"type":"Feature","geometry":{"type":"Polygon","coordinates":[[[123.7118265,10.509424],[123.7117948,10.5094807],[123.7117002,10.5094294],[123.7117671,10.50931],[123.7118473,10.5093535],[123.7118121,10.5094162],[123.7118265,10.509424]]]},"properties":{"id":"ms-226","kind":"building","storeys":1,"origin":"ai","edited":false,"source":"Microsoft Global ML Building Footprints 2026-02-03 (ODbL)"}},{"type":"Feature","geometry":{"type":"Polygon","coordinates":[[[123.7140683,10.5094773],[123.714136,10.5095092],[123.7141182,10.5095456],[123.7141575,10.5095641],[123.7141199,10.5096414],[123.714013,10.509591],[123.7140683,10.5094773]]]},"properties":{"id":"ms-227","kind":"building","storeys":1,"origin":"ai","edited":false,"source":"Microsoft Global ML Building Footprints 2026-02-03 (ODbL)"}},{"type":"Feature","geometry":{"type":"Polygon","coordinates":[[[123.7141086,10.5077858],[123.7141575,10.5078385],[123.7140974,10.5078923],[123.7140486,10.5078397],[123.7141086,10.5077858]]]},"properties":{"id":"ms-228","kind":"building","storeys":1,"origin":"ai","edited":false,"source":"Microsoft Global ML Building Footprints 2026-02-03 (ODbL)"}},{"type":"Feature","geometry":{"type":"Polygon","coordinates":[[[123.7155096,10.5016799],[123.7154319,10.5016829],[123.7154303,10.5016434],[123.715508,10.5016404],[123.7155096,10.5016799]]]},"properties":{"id":"ms-229","kind":"building","storeys":1,"origin":"ai","edited":false,"source":"Microsoft Global ML Building Footprints 2026-02-03 (ODbL)"}},{"type":"Feature","geometry":{"type":"Polygon","coordinates":[[[123.7163452,10.5010829],[123.7163538,10.5011233],[123.7164001,10.5011137],[123.716412,10.5011692],[123.716299,10.5011927],[123.7162784,10.5010967],[123.7163452,10.5010829]]]},"properties":{"id":"ms-230","kind":"building","storeys":1,"origin":"ai","edited":false,"source":"Microsoft Global ML Building Footprints 2026-02-03 (ODbL)"}},{"type":"Feature","geometry":{"type":"Polygon","coordinates":[[[123.7166613,10.5146197],[123.7167786,10.5146349],[123.7167683,10.5147117],[123.716651,10.5146965],[123.7166613,10.5146197]]]},"properties":{"id":"ms-231","kind":"building","storeys":1,"origin":"ai","edited":false,"source":"Microsoft Global ML Building Footprints 2026-02-03 (ODbL)"}},{"type":"Feature","geometry":{"type":"Polygon","coordinates":[[[123.7169761,10.5089005],[123.7169353,10.5089358],[123.7168994,10.5088957],[123.7169402,10.5088604],[123.7169761,10.5089005]]]},"properties":{"id":"ms-232","kind":"building","storeys":1,"origin":"ai","edited":false,"source":"Microsoft Global ML Building Footprints 2026-02-03 (ODbL)"}},{"type":"Feature","geometry":{"type":"Polygon","coordinates":[[[123.7182607,10.5108911],[123.7182103,10.5110135],[123.7181642,10.5109951],[123.7182146,10.5108728],[123.7182607,10.5108911]]]},"properties":{"id":"ms-233","kind":"building","storeys":1,"origin":"ai","edited":false,"source":"Microsoft Global ML Building Footprints 2026-02-03 (ODbL)"}},{"type":"Feature","geometry":{"type":"Polygon","coordinates":[[[123.718591,10.5028611],[123.7185765,10.5029539],[123.7185398,10.5029483],[123.7185543,10.5028556],[123.718591,10.5028611]]]},"properties":{"id":"ms-234","kind":"building","storeys":1,"origin":"ai","edited":false,"source":"Microsoft Global ML Building Footprints 2026-02-03 (ODbL)"}},{"type":"Feature","geometry":{"type":"Polygon","coordinates":[[[123.7187753,10.5149219],[123.7187784,10.5148587],[123.7188707,10.5148631],[123.7188676,10.5149263],[123.7187753,10.5149219]]]},"properties":{"id":"ms-235","kind":"building","storeys":1,"origin":"ai","edited":false,"source":"Microsoft Global ML Building Footprints 2026-02-03 (ODbL)"}},{"type":"Feature","geometry":{"type":"Polygon","coordinates":[[[123.7188195,10.5122109],[123.7188313,10.5121781],[123.7188813,10.5121955],[123.7188695,10.5122283],[123.7188195,10.5122109]]]},"properties":{"id":"ms-236","kind":"building","storeys":1,"origin":"ai","edited":false,"source":"Microsoft Global ML Building Footprints 2026-02-03 (ODbL)"}},{"type":"Feature","geometry":{"type":"Polygon","coordinates":[[[123.7196315,10.5032517],[123.7194601,10.503246],[123.719463,10.5031606],[123.7196345,10.5031663],[123.7196315,10.5032517]]]},"properties":{"id":"ms-237","kind":"building","storeys":1,"origin":"ai","edited":false,"source":"Microsoft Global ML Building Footprints 2026-02-03 (ODbL)"}},{"type":"Feature","geometry":{"type":"Polygon","coordinates":[[[123.7114685,10.5102604],[123.7115176,10.5102475],[123.7115404,10.5103312],[123.7114913,10.5103441],[123.7114685,10.5102604]]]},"properties":{"id":"ms-238","kind":"building","storeys":1,"origin":"ai","edited":false,"source":"Microsoft Global ML Building Footprints 2026-02-03 (ODbL)"}},{"type":"Feature","geometry":{"type":"Polygon","coordinates":[[[123.7123457,10.508538],[123.7122799,10.5085174],[123.7123094,10.5084264],[123.7123751,10.508447],[123.7123457,10.508538]]]},"properties":{"id":"ms-239","kind":"building","storeys":1,"origin":"ai","edited":false,"source":"Microsoft Global ML Building Footprints 2026-02-03 (ODbL)"}},{"type":"Feature","geometry":{"type":"Polygon","coordinates":[[[123.7123506,10.5088413],[123.7123953,10.5087489],[123.7124741,10.5087857],[123.7124293,10.5088782],[123.7123506,10.5088413]]]},"properties":{"id":"ms-240","kind":"building","storeys":1,"origin":"ai","edited":false,"source":"Microsoft Global ML Building Footprints 2026-02-03 (ODbL)"}},{"type":"Feature","geometry":{"type":"Polygon","coordinates":[[[123.7157718,10.5006234],[123.7159402,10.5005634],[123.715969,10.5006418],[123.7158007,10.5007018],[123.7157718,10.5006234]]]},"properties":{"id":"ms-241","kind":"building","storeys":1,"origin":"ai","edited":false,"source":"Microsoft Global ML Building Footprints 2026-02-03 (ODbL)"}},{"type":"Feature","geometry":{"type":"Polygon","coordinates":[[[123.7172061,10.5019724],[123.7172048,10.5020462],[123.7171619,10.5020455],[123.7171632,10.5019717],[123.7172061,10.5019724]]]},"properties":{"id":"ms-242","kind":"building","storeys":1,"origin":"ai","edited":false,"source":"Microsoft Global ML Building Footprints 2026-02-03 (ODbL)"}},{"type":"Feature","geometry":{"type":"Polygon","coordinates":[[[123.7192157,10.5085734],[123.7193308,10.508464],[123.719444,10.5085791],[123.7193289,10.5086885],[123.7192157,10.5085734]]]},"properties":{"id":"ms-243","kind":"building","storeys":1,"origin":"ai","edited":false,"source":"Microsoft Global ML Building Footprints 2026-02-03 (ODbL)"}},{"type":"Feature","geometry":{"type":"Polygon","coordinates":[[[123.7120516,10.507223],[123.7120284,10.5072682],[123.7119869,10.5072477],[123.7120101,10.5072024],[123.7120516,10.507223]]]},"properties":{"id":"ms-244","kind":"building","storeys":1,"origin":"ai","edited":false,"source":"Microsoft Global ML Building Footprints 2026-02-03 (ODbL)"}},{"type":"Feature","geometry":{"type":"Polygon","coordinates":[[[123.7128049,10.5065882],[123.7128447,10.5066214],[123.7128004,10.5066727],[123.7127606,10.5066394],[123.7128049,10.5065882]]]},"properties":{"id":"ms-245","kind":"building","storeys":1,"origin":"ai","edited":false,"source":"Microsoft Global ML Building Footprints 2026-02-03 (ODbL)"}},{"type":"Feature","geometry":{"type":"Polygon","coordinates":[[[123.7162964,10.5012635],[123.7163018,10.5013158],[123.7162354,10.5013224],[123.71623,10.5012702],[123.7162964,10.5012635]]]},"properties":{"id":"ms-246","kind":"building","storeys":1,"origin":"ai","edited":false,"source":"Microsoft Global ML Building Footprints 2026-02-03 (ODbL)"}},{"type":"Feature","geometry":{"type":"Polygon","coordinates":[[[123.71655,10.5056253],[123.7164525,10.5055994],[123.7164681,10.5055428],[123.7165656,10.5055688],[123.71655,10.5056253]]]},"properties":{"id":"ms-247","kind":"building","storeys":1,"origin":"ai","edited":false,"source":"Microsoft Global ML Building Footprints 2026-02-03 (ODbL)"}},{"type":"Feature","geometry":{"type":"Polygon","coordinates":[[[123.7174589,10.5019434],[123.7175339,10.5019454],[123.7175327,10.5019902],[123.7174362,10.5019876],[123.7174373,10.5019455],[123.7174079,10.5019447],[123.7174093,10.501892],[123.7174602,10.5018933],[123.7174589,10.5019434]]]},"properties":{"id":"ms-248","kind":"building","storeys":1,"origin":"ai","edited":false,"source":"Microsoft Global ML Building Footprints 2026-02-03 (ODbL)"}},{"type":"Feature","geometry":{"type":"Polygon","coordinates":[[[123.7183637,10.5078394],[123.7184542,10.507871],[123.7184395,10.5079117],[123.718349,10.5078802],[123.7183637,10.5078394]]]},"properties":{"id":"ms-249","kind":"building","storeys":1,"origin":"ai","edited":false,"source":"Microsoft Global ML Building Footprints 2026-02-03 (ODbL)"}},{"type":"Feature","geometry":{"type":"Polygon","coordinates":[[[123.7186768,10.5019874],[123.7187513,10.5018955],[123.7188342,10.5019605],[123.7187597,10.5020524],[123.7186768,10.5019874]]]},"properties":{"id":"ms-250","kind":"building","storeys":1,"origin":"ai","edited":false,"source":"Microsoft Global ML Building Footprints 2026-02-03 (ODbL)"}},{"type":"Feature","geometry":{"type":"Polygon","coordinates":[[[123.7115776,10.5094092],[123.7116646,10.5094875],[123.7117082,10.5094408],[123.7117386,10.5094539],[123.7117952,10.5095049],[123.7118387,10.5094073],[123.7118822,10.509426],[123.7118315,10.50954],[123.711839,10.5095432],[123.7118579,10.509523],[123.7118473,10.5095468],[123.7119756,10.509602],[123.7119594,10.5096385],[123.711902,10.5096139],[123.7118792,10.5096383],[123.7118182,10.5096121],[123.7117976,10.5096586],[123.7118553,10.5096834],[123.7118261,10.509749],[123.7118283,10.5097509],[123.7117267,10.5097072],[123.7116786,10.5098153],[123.7116678,10.5098269],[123.711614,10.5098038],[123.7116505,10.5097216],[123.7116673,10.5097036],[123.7116189,10.50966],[123.7116602,10.5095672],[123.7115212,10.5097164],[123.7114538,10.5096875],[123.7115776,10.5094092]]]},"properties":{"id":"ms-251","kind":"building","storeys":1,"origin":"ai","edited":false,"source":"Microsoft Global ML Building Footprints 2026-02-03 (ODbL)"}},{"type":"Feature","geometry":{"type":"Polygon","coordinates":[[[123.7159572,10.505579],[123.7159762,10.5055063],[123.7160517,10.5055253],[123.7160328,10.505598],[123.7159572,10.505579]]]},"properties":{"id":"ms-252","kind":"building","storeys":1,"origin":"ai","edited":false,"source":"Microsoft Global ML Building Footprints 2026-02-03 (ODbL)"}},{"type":"Feature","geometry":{"type":"Polygon","coordinates":[[[123.7159668,10.507427],[123.7159436,10.5075357],[123.7158511,10.5075166],[123.7158952,10.5073094],[123.7159605,10.5073229],[123.7159395,10.5074214],[123.7159668,10.507427]]]},"properties":{"id":"ms-253","kind":"building","storeys":1,"origin":"ai","edited":false,"source":"Microsoft Global ML Building Footprints 2026-02-03 (ODbL)"}},{"type":"Feature","geometry":{"type":"Polygon","coordinates":[[[123.7174692,10.5005764],[123.7173791,10.5006364],[123.7173268,10.5005605],[123.7173617,10.5005372],[123.7173406,10.5005065],[123.7173957,10.5004697],[123.7174692,10.5005764]]]},"properties":{"id":"ms-254","kind":"building","storeys":1,"origin":"ai","edited":false,"source":"Microsoft Global ML Building Footprints 2026-02-03 (ODbL)"}},{"type":"Feature","geometry":{"type":"Polygon","coordinates":[[[123.7181183,10.5082712],[123.7181667,10.5081597],[123.718228,10.5081854],[123.7181795,10.508297],[123.7181183,10.5082712]]]},"properties":{"id":"ms-255","kind":"building","storeys":1,"origin":"ai","edited":false,"source":"Microsoft Global ML Building Footprints 2026-02-03 (ODbL)"}},{"type":"Feature","geometry":{"type":"Polygon","coordinates":[[[123.71921,10.5019221],[123.7192544,10.5019149],[123.7192637,10.5019704],[123.7192193,10.5019776],[123.71921,10.5019221]]]},"properties":{"id":"ms-256","kind":"building","storeys":1,"origin":"ai","edited":false,"source":"Microsoft Global ML Building Footprints 2026-02-03 (ODbL)"}},{"type":"Feature","geometry":{"type":"Polygon","coordinates":[[[123.7200049,10.5030424],[123.7199287,10.5030223],[123.7199868,10.5028093],[123.720063,10.5028294],[123.7200049,10.5030424]]]},"properties":{"id":"ms-257","kind":"building","storeys":1,"origin":"ai","edited":false,"source":"Microsoft Global ML Building Footprints 2026-02-03 (ODbL)"}},{"type":"Feature","geometry":{"type":"Polygon","coordinates":[[[123.720058,10.5075407],[123.720028,10.5075962],[123.7199276,10.5075437],[123.7199576,10.5074882],[123.720058,10.5075407]]]},"properties":{"id":"ms-258","kind":"building","storeys":1,"origin":"ai","edited":false,"source":"Microsoft Global ML Building Footprints 2026-02-03 (ODbL)"}},{"type":"Feature","geometry":{"type":"Polygon","coordinates":[[[123.7125272,10.5088171],[123.7126102,10.5088701],[123.7125502,10.508961],[123.7124672,10.508908],[123.7125272,10.5088171]]]},"properties":{"id":"ms-259","kind":"building","storeys":1,"origin":"ai","edited":false,"source":"Microsoft Global ML Building Footprints 2026-02-03 (ODbL)"}},{"type":"Feature","geometry":{"type":"Polygon","coordinates":[[[123.7125775,10.5093542],[123.7125966,10.5093377],[123.7126445,10.5093913],[123.7126253,10.5094079],[123.7125775,10.5093542]]]},"properties":{"id":"ms-260","kind":"building","storeys":1,"origin":"ai","edited":false,"source":"Microsoft Global ML Building Footprints 2026-02-03 (ODbL)"}},{"type":"Feature","geometry":{"type":"Polygon","coordinates":[[[123.7151831,10.5044404],[123.7151415,10.504561],[123.7150477,10.5045297],[123.7150893,10.5044091],[123.7151831,10.5044404]]]},"properties":{"id":"ms-261","kind":"building","storeys":1,"origin":"ai","edited":false,"source":"Microsoft Global ML Building Footprints 2026-02-03 (ODbL)"}},{"type":"Feature","geometry":{"type":"Polygon","coordinates":[[[123.7161009,10.5095357],[123.7161031,10.5094946],[123.716161,10.5094976],[123.7161588,10.5095386],[123.7161009,10.5095357]]]},"properties":{"id":"ms-262","kind":"building","storeys":1,"origin":"ai","edited":false,"source":"Microsoft Global ML Building Footprints 2026-02-03 (ODbL)"}},{"type":"Feature","geometry":{"type":"Polygon","coordinates":[[[123.7200718,10.5016797],[123.7201683,10.5016778],[123.7201709,10.5017975],[123.7200744,10.5017995],[123.7200718,10.5016797]]]},"properties":{"id":"ms-263","kind":"building","storeys":1,"origin":"ai","edited":false,"source":"Microsoft Global ML Building Footprints 2026-02-03 (ODbL)"}},{"type":"Feature","geometry":{"type":"Polygon","coordinates":[[[123.7204309,10.4999095],[123.7204661,10.5001873],[123.7202865,10.5002093],[123.7202513,10.4999314],[123.7204309,10.4999095]]]},"properties":{"id":"ms-264","kind":"building","storeys":1,"origin":"ai","edited":false,"source":"Microsoft Global ML Building Footprints 2026-02-03 (ODbL)"}},{"type":"Feature","geometry":{"type":"Polygon","coordinates":[[[123.7141227,10.5101803],[123.7141838,10.5101744],[123.7141893,10.5102292],[123.7141282,10.5102351],[123.7141227,10.5101803]]]},"properties":{"id":"ms-265","kind":"building","storeys":1,"origin":"ai","edited":false,"source":"Microsoft Global ML Building Footprints 2026-02-03 (ODbL)"}},{"type":"Feature","geometry":{"type":"Polygon","coordinates":[[[123.71557,10.51003],[123.7155955,10.509979],[123.7156431,10.5100019],[123.7156176,10.5100529],[123.71557,10.51003]]]},"properties":{"id":"ms-266","kind":"building","storeys":1,"origin":"ai","edited":false,"source":"Microsoft Global ML Building Footprints 2026-02-03 (ODbL)"}},{"type":"Feature","geometry":{"type":"Polygon","coordinates":[[[123.7157546,10.5132468],[123.7154377,10.5132733],[123.7154237,10.513111],[123.7156249,10.5130942],[123.7156161,10.5129931],[123.7157318,10.5129834],[123.7157546,10.5132468]]]},"properties":{"id":"ms-267","kind":"building","storeys":1,"origin":"ai","edited":false,"source":"Microsoft Global ML Building Footprints 2026-02-03 (ODbL)"}},{"type":"Feature","geometry":{"type":"Polygon","coordinates":[[[123.715806,10.5094088],[123.7158109,10.5094102],[123.7158336,10.5093322],[123.7159452,10.5093635],[123.7159303,10.5094147],[123.7159476,10.5094196],[123.7159157,10.5095293],[123.7157818,10.5094917],[123.715806,10.5094088]]]},"properties":{"id":"ms-268","kind":"building","storeys":1,"origin":"ai","edited":false,"source":"Microsoft Global ML Building Footprints 2026-02-03 (ODbL)"}},{"type":"Feature","geometry":{"type":"Polygon","coordinates":[[[123.716026,10.5052847],[123.7160243,10.5053586],[123.7159573,10.5053571],[123.7159589,10.5052833],[123.716026,10.5052847]]]},"properties":{"id":"ms-269","kind":"building","storeys":1,"origin":"ai","edited":false,"source":"Microsoft Global ML Building Footprints 2026-02-03 (ODbL)"}},{"type":"Feature","geometry":{"type":"Polygon","coordinates":[[[123.7160736,10.5091174],[123.7160884,10.5090615],[123.7161327,10.5090728],[123.7161179,10.5091287],[123.7160736,10.5091174]]]},"properties":{"id":"ms-270","kind":"building","storeys":1,"origin":"ai","edited":false,"source":"Microsoft Global ML Building Footprints 2026-02-03 (ODbL)"}},{"type":"Feature","geometry":{"type":"Polygon","coordinates":[[[123.7163691,10.5019018],[123.71642,10.5019007],[123.7164235,10.5020483],[123.7162948,10.5020512],[123.7162942,10.5020248],[123.7163719,10.5020231],[123.7163691,10.5019018]]]},"properties":{"id":"ms-271","kind":"building","storeys":1,"origin":"ai","edited":false,"source":"Microsoft Global ML Building Footprints 2026-02-03 (ODbL)"}},{"type":"Feature","geometry":{"type":"Polygon","coordinates":[[[123.717542,10.515062],[123.7174539,10.5150782],[123.7174418,10.5150145],[123.717364,10.5150287],[123.717349,10.5149497],[123.7174138,10.5149378],[123.7173998,10.5148639],[123.7175009,10.5148454],[123.717542,10.515062]]]},"properties":{"id":"ms-272","kind":"building","storeys":1,"origin":"ai","edited":false,"source":"Microsoft Global ML Building Footprints 2026-02-03 (ODbL)"}},{"type":"Feature","geometry":{"type":"Polygon","coordinates":[[[123.7181423,10.5109977],[123.7181965,10.5110106],[123.718161,10.5111541],[123.7181068,10.5111412],[123.7181423,10.5109977]]]},"properties":{"id":"ms-273","kind":"building","storeys":1,"origin":"ai","edited":false,"source":"Microsoft Global ML Building Footprints 2026-02-03 (ODbL)"}},{"type":"Feature","geometry":{"type":"Polygon","coordinates":[[[123.720446,10.5012062],[123.7205352,10.5011931],[123.7205442,10.5012525],[123.720455,10.5012655],[123.720446,10.5012062]]]},"properties":{"id":"ms-274","kind":"building","storeys":1,"origin":"ai","edited":false,"source":"Microsoft Global ML Building Footprints 2026-02-03 (ODbL)"}},{"type":"Feature","geometry":{"type":"Polygon","coordinates":[[[123.7123137,10.5077808],[123.7122802,10.5078298],[123.7122211,10.5077907],[123.7122547,10.5077417],[123.7123137,10.5077808]]]},"properties":{"id":"ms-275","kind":"building","storeys":1,"origin":"ai","edited":false,"source":"Microsoft Global ML Building Footprints 2026-02-03 (ODbL)"}},{"type":"Feature","geometry":{"type":"Polygon","coordinates":[[[123.7154021,10.5013988],[123.7154611,10.5013971],[123.7154626,10.5014456],[123.7154036,10.5014473],[123.7154021,10.5013988]]]},"properties":{"id":"ms-276","kind":"building","storeys":1,"origin":"ai","edited":false,"source":"Microsoft Global ML Building Footprints 2026-02-03 (ODbL)"}},{"type":"Feature","geometry":{"type":"Polygon","coordinates":[[[123.7155903,10.5028026],[123.7156975,10.5028048],[123.715696,10.502876],[123.7155888,10.5028738],[123.7155903,10.5028026]]]},"properties":{"id":"ms-277","kind":"building","storeys":1,"origin":"ai","edited":false,"source":"Microsoft Global ML Building Footprints 2026-02-03 (ODbL)"}},{"type":"Feature","geometry":{"type":"Polygon","coordinates":[[[123.715838,10.5009669],[123.7157712,10.5009707],[123.715766,10.5008813],[123.7158328,10.5008775],[123.715838,10.5009669]]]},"properties":{"id":"ms-278","kind":"building","storeys":1,"origin":"ai","edited":false,"source":"Microsoft Global ML Building Footprints 2026-02-03 (ODbL)"}},{"type":"Feature","geometry":{"type":"Polygon","coordinates":[[[123.716227,10.5033094],[123.7162255,10.5033489],[123.7162791,10.5033509],[123.7162763,10.5034236],[123.7162469,10.5034225],[123.7162454,10.503462],[123.7161222,10.5034575],[123.7161256,10.5033679],[123.7161631,10.5033693],[123.7161654,10.5033071],[123.716227,10.5033094]]]},"properties":{"id":"ms-279","kind":"building","storeys":1,"origin":"ai","edited":false,"source":"Microsoft Global ML Building Footprints 2026-02-03 (ODbL)"}},{"type":"Feature","geometry":{"type":"Polygon","coordinates":[[[123.7162326,10.5087292],[123.7162064,10.508767],[123.716157,10.5087339],[123.7161832,10.508696],[123.7162326,10.5087292]]]},"properties":{"id":"ms-280","kind":"building","storeys":1,"origin":"ai","edited":false,"source":"Microsoft Global ML Building Footprints 2026-02-03 (ODbL)"}},{"type":"Feature","geometry":{"type":"Polygon","coordinates":[[[123.716344,10.5034532],[123.7162798,10.5034502],[123.7162827,10.5033897],[123.716347,10.5033927],[123.716344,10.5034532]]]},"properties":{"id":"ms-281","kind":"building","storeys":1,"origin":"ai","edited":false,"source":"Microsoft Global ML Building Footprints 2026-02-03 (ODbL)"}},{"type":"Feature","geometry":{"type":"Polygon","coordinates":[[[123.7167406,10.5055584],[123.7168211,10.5055584],[123.7168211,10.5056085],[123.7167406,10.5056085],[123.7167406,10.5055584]]]},"properties":{"id":"ms-282","kind":"building","storeys":1,"origin":"ai","edited":false,"source":"Microsoft Global ML Building Footprints 2026-02-03 (ODbL)"}},{"type":"Feature","geometry":{"type":"Polygon","coordinates":[[[123.7180541,10.5086502],[123.7180153,10.5087171],[123.7179303,10.5086694],[123.7179691,10.5086025],[123.7180541,10.5086502]]]},"properties":{"id":"ms-283","kind":"building","storeys":1,"origin":"ai","edited":false,"source":"Microsoft Global ML Building Footprints 2026-02-03 (ODbL)"}},{"type":"Feature","geometry":{"type":"Polygon","coordinates":[[[123.718753,10.5093359],[123.7187559,10.5092807],[123.7188067,10.5092833],[123.7188039,10.5093385],[123.718753,10.5093359]]]},"properties":{"id":"ms-284","kind":"building","storeys":1,"origin":"ai","edited":false,"source":"Microsoft Global ML Building Footprints 2026-02-03 (ODbL)"}},{"type":"Feature","geometry":{"type":"Polygon","coordinates":[[[123.7158447,10.5101856],[123.7157107,10.5104387],[123.7155946,10.5103793],[123.7157286,10.5101262],[123.7158447,10.5101856]]]},"properties":{"id":"ms-285","kind":"building","storeys":1,"origin":"ai","edited":false,"source":"Microsoft Global ML Building Footprints 2026-02-03 (ODbL)"}},{"type":"Feature","geometry":{"type":"Polygon","coordinates":[[[123.716397,10.5012549],[123.7164012,10.5014157],[123.7163679,10.5014165],[123.7163651,10.5013111],[123.7163142,10.5013124],[123.7163128,10.501257],[123.716397,10.5012549]]]},"properties":{"id":"ms-286","kind":"building","storeys":1,"origin":"ai","edited":false,"source":"Microsoft Global ML Building Footprints 2026-02-03 (ODbL)"}},{"type":"Feature","geometry":{"type":"Polygon","coordinates":[[[123.7170572,10.5000713],[123.7171085,10.5000605],[123.7171162,10.5000958],[123.7170649,10.5001066],[123.7170572,10.5000713]]]},"properties":{"id":"ms-287","kind":"building","storeys":1,"origin":"ai","edited":false,"source":"Microsoft Global ML Building Footprints 2026-02-03 (ODbL)"}},{"type":"Feature","geometry":{"type":"Polygon","coordinates":[[[123.7184344,10.5138317],[123.7183686,10.5138406],[123.7183625,10.5137967],[123.7184283,10.5137877],[123.7184344,10.5138317]]]},"properties":{"id":"ms-288","kind":"building","storeys":1,"origin":"ai","edited":false,"source":"Microsoft Global ML Building Footprints 2026-02-03 (ODbL)"}},{"type":"Feature","geometry":{"type":"Polygon","coordinates":[[[123.7192578,10.5087402],[123.7193161,10.5087667],[123.7192971,10.5088071],[123.7192388,10.5087806],[123.7192578,10.5087402]]]},"properties":{"id":"ms-289","kind":"building","storeys":1,"origin":"ai","edited":false,"source":"Microsoft Global ML Building Footprints 2026-02-03 (ODbL)"}},{"type":"Feature","geometry":{"type":"Polygon","coordinates":[[[123.7202355,10.5026214],[123.7202379,10.5025329],[123.7203558,10.502536],[123.7203534,10.5026245],[123.7202355,10.5026214]]]},"properties":{"id":"ms-290","kind":"building","storeys":1,"origin":"ai","edited":false,"source":"Microsoft Global ML Building Footprints 2026-02-03 (ODbL)"}},{"type":"Feature","geometry":{"type":"Polygon","coordinates":[[[123.720386,10.5038248],[123.7203887,10.503751],[123.7205682,10.5037574],[123.7205759,10.5035467],[123.7206268,10.5035485],[123.7206164,10.5038329],[123.720386,10.5038248]]]},"properties":{"id":"ms-291","kind":"building","storeys":1,"origin":"ai","edited":false,"source":"Microsoft Global ML Building Footprints 2026-02-03 (ODbL)"}},{"type":"Feature","geometry":{"type":"Polygon","coordinates":[[[123.7131987,10.5062682],[123.7132509,10.5062766],[123.7132449,10.5063126],[123.7131927,10.5063041],[123.7131987,10.5062682]]]},"properties":{"id":"ms-292","kind":"building","storeys":1,"origin":"ai","edited":false,"source":"Microsoft Global ML Building Footprints 2026-02-03 (ODbL)"}},{"type":"Feature","geometry":{"type":"Polygon","coordinates":[[[123.717484,10.5062892],[123.7175074,10.5062358],[123.7174282,10.5062023],[123.7174535,10.5061444],[123.7175191,10.5061722],[123.7175347,10.5061366],[123.7176026,10.5061653],[123.7175384,10.5063122],[123.717484,10.5062892]]]},"properties":{"id":"ms-293","kind":"building","storeys":1,"origin":"ai","edited":false,"source":"Microsoft Global ML Building Footprints 2026-02-03 (ODbL)"}},{"type":"Feature","geometry":{"type":"Polygon","coordinates":[[[123.7183419,10.5006663],[123.7183419,10.5007665],[123.7182695,10.5007665],[123.7182695,10.5006663],[123.7183419,10.5006663]]]},"properties":{"id":"ms-294","kind":"building","storeys":1,"origin":"ai","edited":false,"source":"Microsoft Global ML Building Footprints 2026-02-03 (ODbL)"}},{"type":"Feature","geometry":{"type":"Polygon","coordinates":[[[123.7195257,10.5072522],[123.7195935,10.5071674],[123.719698,10.507248],[123.7196303,10.5073329],[123.7195257,10.5072522]]]},"properties":{"id":"ms-295","kind":"building","storeys":1,"origin":"ai","edited":false,"source":"Microsoft Global ML Building Footprints 2026-02-03 (ODbL)"}},{"type":"Feature","geometry":{"type":"Polygon","coordinates":[[[123.7196527,10.5049564],[123.7196978,10.5049863],[123.7196692,10.505028],[123.7196241,10.5049981],[123.7196527,10.5049564]]]},"properties":{"id":"ms-296","kind":"building","storeys":1,"origin":"ai","edited":false,"source":"Microsoft Global ML Building Footprints 2026-02-03 (ODbL)"}},{"type":"Feature","geometry":{"type":"Polygon","coordinates":[[[123.7197723,10.5033017],[123.7197343,10.5032964],[123.7197037,10.5035084],[123.7196669,10.5035033],[123.7196799,10.5034128],[123.7196313,10.503406],[123.719638,10.5033595],[123.719663,10.5033629],[123.7196909,10.503169],[123.7197895,10.5031827],[123.7197723,10.5033017]]]},"properties":{"id":"ms-297","kind":"building","storeys":1,"origin":"ai","edited":false,"source":"Microsoft Global ML Building Footprints 2026-02-03 (ODbL)"}},{"type":"Feature","geometry":{"type":"Polygon","coordinates":[[[123.7129686,10.506916],[123.7129487,10.5069681],[123.7129383,10.5069643],[123.7128964,10.507074],[123.7128142,10.5070437],[123.71283,10.507002],[123.7127393,10.5069686],[123.7127632,10.5069062],[123.7128891,10.5069526],[123.7129112,10.5068949],[123.7129686,10.506916]]]},"properties":{"id":"ms-298","kind":"building","storeys":1,"origin":"ai","edited":false,"source":"Microsoft Global ML Building Footprints 2026-02-03 (ODbL)"}},{"type":"Feature","geometry":{"type":"Polygon","coordinates":[[[123.7137866,10.5067145],[123.7139508,10.5067756],[123.7139139,10.5068715],[123.7137497,10.5068104],[123.7137866,10.5067145]]]},"properties":{"id":"ms-299","kind":"building","storeys":1,"origin":"ai","edited":false,"source":"Microsoft Global ML Building Footprints 2026-02-03 (ODbL)"}},{"type":"Feature","geometry":{"type":"Polygon","coordinates":[[[123.7139459,10.5052088],[123.7138819,10.5053446],[123.7138321,10.505322],[123.7137642,10.5054663],[123.7136107,10.5053964],[123.7135944,10.5054312],[123.7135789,10.5054241],[123.7134255,10.5057499],[123.713304,10.5056946],[123.713346,10.5056056],[123.7133801,10.5056211],[123.7133924,10.505595],[123.7133339,10.5055684],[123.7134086,10.5054099],[123.7134439,10.505426],[123.7134654,10.5053804],[123.7133737,10.5053386],[123.7134023,10.5052778],[123.7134752,10.505311],[123.7136071,10.5050308],[123.7136888,10.5050681],[123.7136602,10.5051289],[123.7137762,10.5051817],[123.7137957,10.5051404],[123.7139459,10.5052088]]]},"properties":{"id":"ms-300","kind":"building","storeys":1,"origin":"ai","edited":false,"source":"Microsoft Global ML Building Footprints 2026-02-03 (ODbL)"}},{"type":"Feature","geometry":{"type":"Polygon","coordinates":[[[123.7149475,10.5000888],[123.7149447,10.5000188],[123.7150706,10.500014],[123.7150734,10.500084],[123.7149475,10.5000888]]]},"properties":{"id":"ms-301","kind":"building","storeys":1,"origin":"ai","edited":false,"source":"Microsoft Global ML Building Footprints 2026-02-03 (ODbL)"}},{"type":"Feature","geometry":{"type":"Polygon","coordinates":[[[123.7155802,10.5081399],[123.7156418,10.5081671],[123.7155987,10.5082615],[123.7155371,10.5082343],[123.7155802,10.5081399]]]},"properties":{"id":"ms-302","kind":"building","storeys":1,"origin":"ai","edited":false,"source":"Microsoft Global ML Building Footprints 2026-02-03 (ODbL)"}},{"type":"Feature","geometry":{"type":"Polygon","coordinates":[[[123.7158445,10.5103212],[123.7158088,10.5102938],[123.7159267,10.5101454],[123.7159624,10.5101728],[123.7158445,10.5103212]]]},"properties":{"id":"ms-303","kind":"building","storeys":1,"origin":"ai","edited":false,"source":"Microsoft Global ML Building Footprints 2026-02-03 (ODbL)"}},{"type":"Feature","geometry":{"type":"Polygon","coordinates":[[[123.7172416,10.5096113],[123.7173641,10.509681],[123.7173258,10.5097462],[123.7172032,10.5096765],[123.7172416,10.5096113]]]},"properties":{"id":"ms-304","kind":"building","storeys":1,"origin":"ai","edited":false,"source":"Microsoft Global ML Building Footprints 2026-02-03 (ODbL)"}},{"type":"Feature","geometry":{"type":"Polygon","coordinates":[[[123.7117052,10.5084556],[123.7117506,10.5084713],[123.7117213,10.5085535],[123.7116759,10.5085378],[123.7117052,10.5084556]]]},"properties":{"id":"ms-305","kind":"building","storeys":1,"origin":"ai","edited":false,"source":"Microsoft Global ML Building Footprints 2026-02-03 (ODbL)"}},{"type":"Feature","geometry":{"type":"Polygon","coordinates":[[[123.7143139,10.504109],[123.714353,10.5039824],[123.7142965,10.5039655],[123.7143238,10.5038772],[123.7144441,10.5039132],[123.7144202,10.5039904],[123.7144571,10.5040014],[123.714438,10.5040632],[123.7144797,10.5040757],[123.7145175,10.5039535],[123.7146231,10.5039851],[123.7145619,10.5041831],[123.7143139,10.504109]]]},"properties":{"id":"ms-306","kind":"building","storeys":1,"origin":"ai","edited":false,"source":"Microsoft Global ML Building Footprints 2026-02-03 (ODbL)"}},{"type":"Feature","geometry":{"type":"Polygon","coordinates":[[[123.7150827,10.503117],[123.7151644,10.5031201],[123.7151618,10.503186],[123.7150801,10.5031828],[123.7150827,10.503117]]]},"properties":{"id":"ms-307","kind":"building","storeys":1,"origin":"ai","edited":false,"source":"Microsoft Global ML Building Footprints 2026-02-03 (ODbL)"}},{"type":"Feature","geometry":{"type":"Polygon","coordinates":[[[123.7159423,10.5055843],[123.7160248,10.5056005],[123.7159981,10.5057324],[123.7159155,10.5057162],[123.7159423,10.5055843]]]},"properties":{"id":"ms-308","kind":"building","storeys":1,"origin":"ai","edited":false,"source":"Microsoft Global ML Building Footprints 2026-02-03 (ODbL)"}},{"type":"Feature","geometry":{"type":"Polygon","coordinates":[[[123.711274,10.5090256],[123.7113091,10.5090586],[123.7112723,10.5090966],[123.7112372,10.5090636],[123.711274,10.5090256]]]},"properties":{"id":"ms-309","kind":"building","storeys":1,"origin":"ai","edited":false,"source":"Microsoft Global ML Building Footprints 2026-02-03 (ODbL)"}},{"type":"Feature","geometry":{"type":"Polygon","coordinates":[[[123.711823,10.5077194],[123.7117835,10.5077664],[123.7117096,10.5077062],[123.7117939,10.5076061],[123.7118678,10.5076662],[123.711823,10.5077194]]]},"properties":{"id":"ms-310","kind":"building","storeys":1,"origin":"ai","edited":false,"source":"Microsoft Global ML Building Footprints 2026-02-03 (ODbL)"}},{"type":"Feature","geometry":{"type":"Polygon","coordinates":[[[123.712113,10.5076024],[123.7121557,10.5076487],[123.7121012,10.5076973],[123.7120585,10.507651],[123.712113,10.5076024]]]},"properties":{"id":"ms-311","kind":"building","storeys":1,"origin":"ai","edited":false,"source":"Microsoft Global ML Building Footprints 2026-02-03 (ODbL)"}},{"type":"Feature","geometry":{"type":"Polygon","coordinates":[[[123.7148716,10.500422],[123.7149386,10.5004209],[123.7149391,10.5004472],[123.7148721,10.5004484],[123.7148716,10.500422]]]},"properties":{"id":"ms-312","kind":"building","storeys":1,"origin":"ai","edited":false,"source":"Microsoft Global ML Building Footprints 2026-02-03 (ODbL)"}},{"type":"Feature","geometry":{"type":"Polygon","coordinates":[[[123.7157338,10.5053906],[123.7157979,10.5054041],[123.7157914,10.5054343],[123.7157272,10.5054209],[123.7157338,10.5053906]]]},"properties":{"id":"ms-313","kind":"building","storeys":1,"origin":"ai","edited":false,"source":"Microsoft Global ML Building Footprints 2026-02-03 (ODbL)"}},{"type":"Feature","geometry":{"type":"Polygon","coordinates":[[[123.7158444,10.5029503],[123.7158377,10.5030368],[123.7157257,10.5030284],[123.7157324,10.5029419],[123.7158444,10.5029503]]]},"properties":{"id":"ms-314","kind":"building","storeys":1,"origin":"ai","edited":false,"source":"Microsoft Global ML Building Footprints 2026-02-03 (ODbL)"}},{"type":"Feature","geometry":{"type":"Polygon","coordinates":[[[123.7162718,10.5095748],[123.716309,10.5095574],[123.7163319,10.5096046],[123.7162948,10.5096221],[123.7162718,10.5095748]]]},"properties":{"id":"ms-315","kind":"building","storeys":1,"origin":"ai","edited":false,"source":"Microsoft Global ML Building Footprints 2026-02-03 (ODbL)"}},{"type":"Feature","geometry":{"type":"Polygon","coordinates":[[[123.7165085,10.5056498],[123.7164846,10.5057459],[123.7164188,10.5057301],[123.7164427,10.505634],[123.7165085,10.5056498]]]},"properties":{"id":"ms-316","kind":"building","storeys":1,"origin":"ai","edited":false,"source":"Microsoft Global ML Building Footprints 2026-02-03 (ODbL)"}},{"type":"Feature","geometry":{"type":"Polygon","coordinates":[[[123.7192616,10.5081442],[123.7192438,10.508222],[123.7191877,10.5082096],[123.7192055,10.5081318],[123.7192616,10.5081442]]]},"properties":{"id":"ms-317","kind":"building","storeys":1,"origin":"ai","edited":false,"source":"Microsoft Global ML Building Footprints 2026-02-03 (ODbL)"}},{"type":"Feature","geometry":{"type":"Polygon","coordinates":[[[123.7196232,10.5122466],[123.7196256,10.5123151],[123.7196711,10.5123136],[123.719672,10.5123399],[123.7196265,10.5123414],[123.7196268,10.512352],[123.7194795,10.5123569],[123.7194768,10.5122805],[123.7194286,10.5122821],[123.7194272,10.5122426],[123.7196282,10.5122359],[123.7196274,10.5122122],[123.7196729,10.5122106],[123.7196741,10.5122449],[123.7196232,10.5122466]]]},"properties":{"id":"ms-318","kind":"building","storeys":1,"origin":"ai","edited":false,"source":"Microsoft Global ML Building Footprints 2026-02-03 (ODbL)"}},{"type":"Feature","geometry":{"type":"Polygon","coordinates":[[[123.7196319,10.5001422],[123.719707,10.5001436],[123.7197056,10.5002159],[123.7196305,10.5002145],[123.7196319,10.5001422]]]},"properties":{"id":"ms-319","kind":"building","storeys":1,"origin":"ai","edited":false,"source":"Microsoft Global ML Building Footprints 2026-02-03 (ODbL)"}},{"type":"Feature","geometry":{"type":"Polygon","coordinates":[[[123.7108093,10.5094874],[123.7108348,10.5094203],[123.7108301,10.5094185],[123.7108775,10.5092935],[123.710927,10.5093116],[123.7108848,10.5094228],[123.7109036,10.5094297],[123.7108729,10.5095107],[123.7108093,10.5094874]]]},"properties":{"id":"ms-320","kind":"building","storeys":1,"origin":"ai","edited":false,"source":"Microsoft Global ML Building Footprints 2026-02-03 (ODbL)"}},{"type":"Feature","geometry":{"type":"Polygon","coordinates":[[[123.71598,10.5076689],[123.7159848,10.5075769],[123.7161041,10.5075829],[123.7160993,10.507675],[123.71598,10.5076689]]]},"properties":{"id":"ms-321","kind":"building","storeys":1,"origin":"ai","edited":false,"source":"Microsoft Global ML Building Footprints 2026-02-03 (ODbL)"}},{"type":"Feature","geometry":{"type":"Polygon","coordinates":[[[123.7174828,10.5020537],[123.717422,10.5020461],[123.7174295,10.501988],[123.7174902,10.5019956],[123.7174828,10.5020537]]]},"properties":{"id":"ms-322","kind":"building","storeys":1,"origin":"ai","edited":false,"source":"Microsoft Global ML Building Footprints 2026-02-03 (ODbL)"}},{"type":"Feature","geometry":{"type":"Polygon","coordinates":[[[123.718966,10.5031307],[123.7190032,10.5031226],[123.7190134,10.5031678],[123.7189763,10.5031759],[123.718966,10.5031307]]]},"properties":{"id":"ms-323","kind":"building","storeys":1,"origin":"ai","edited":false,"source":"Microsoft Global ML Building Footprints 2026-02-03 (ODbL)"}},{"type":"Feature","geometry":{"type":"Polygon","coordinates":[[[123.7119381,10.5088411],[123.7120128,10.5087],[123.7121584,10.5087745],[123.7121194,10.5088482],[123.712246,10.508913],[123.7122136,10.5089742],[123.7120849,10.5089083],[123.7120816,10.5089145],[123.7119381,10.5088411]]]},"properties":{"id":"ms-324","kind":"building","storeys":1,"origin":"ai","edited":false,"source":"Microsoft Global ML Building Footprints 2026-02-03 (ODbL)"}},{"type":"Feature","geometry":{"type":"Polygon","coordinates":[[[123.712087,10.5068754],[123.7120695,10.5069506],[123.7119457,10.5069228],[123.7119632,10.5068476],[123.712087,10.5068754]]]},"properties":{"id":"ms-325","kind":"building","storeys":1,"origin":"ai","edited":false,"source":"Microsoft Global ML Building Footprints 2026-02-03 (ODbL)"}},{"type":"Feature","geometry":{"type":"Polygon","coordinates":[[[123.7156273,10.5117411],[123.7156184,10.5118246],[123.7155297,10.5118155],[123.7155386,10.511732],[123.7156273,10.5117411]]]},"properties":{"id":"ms-326","kind":"building","storeys":1,"origin":"ai","edited":false,"source":"Microsoft Global ML Building Footprints 2026-02-03 (ODbL)"}},{"type":"Feature","geometry":{"type":"Polygon","coordinates":[[[123.7163913,10.5046016],[123.7163546,10.5047217],[123.7162661,10.5046955],[123.7163027,10.5045755],[123.7163913,10.5046016]]]},"properties":{"id":"ms-327","kind":"building","storeys":1,"origin":"ai","edited":false,"source":"Microsoft Global ML Building Footprints 2026-02-03 (ODbL)"}},{"type":"Feature","geometry":{"type":"Polygon","coordinates":[[[123.7167344,10.502039],[123.7166888,10.5020399],[123.7166851,10.5018606],[123.7167307,10.5018597],[123.7167344,10.502039]]]},"properties":{"id":"ms-328","kind":"building","storeys":1,"origin":"ai","edited":false,"source":"Microsoft Global ML Building Footprints 2026-02-03 (ODbL)"}},{"type":"Feature","geometry":{"type":"Polygon","coordinates":[[[123.7183708,10.5080388],[123.7183315,10.5081022],[123.7182904,10.5080776],[123.7183298,10.5080142],[123.7183708,10.5080388]]]},"properties":{"id":"ms-329","kind":"building","storeys":1,"origin":"ai","edited":false,"source":"Microsoft Global ML Building Footprints 2026-02-03 (ODbL)"}},{"type":"Feature","geometry":{"type":"Polygon","coordinates":[[[123.7188251,10.5085199],[123.7189025,10.5085835],[123.7188503,10.5086451],[123.7187728,10.5085815],[123.7188251,10.5085199]]]},"properties":{"id":"ms-330","kind":"building","storeys":1,"origin":"ai","edited":false,"source":"Microsoft Global ML Building Footprints 2026-02-03 (ODbL)"}},{"type":"Feature","geometry":{"type":"Polygon","coordinates":[[[123.7103298,10.5092762],[123.7105493,10.5091176],[123.7106414,10.5092409],[123.710422,10.5093995],[123.7103298,10.5092762]]]},"properties":{"id":"ms-331","kind":"building","storeys":1,"origin":"ai","edited":false,"source":"Microsoft Global ML Building Footprints 2026-02-03 (ODbL)"}},{"type":"Feature","geometry":{"type":"Polygon","coordinates":[[[123.7145698,10.5111505],[123.7145724,10.5110635],[123.7146769,10.5110666],[123.7146743,10.5111535],[123.7145698,10.5111505]]]},"properties":{"id":"ms-332","kind":"building","storeys":1,"origin":"ai","edited":false,"source":"Microsoft Global ML Building Footprints 2026-02-03 (ODbL)"}},{"type":"Feature","geometry":{"type":"Polygon","coordinates":[[[123.7162397,10.5135802],[123.7162733,10.5135866],[123.7162653,10.5136273],[123.7162317,10.5136209],[123.7162397,10.5135802]]]},"properties":{"id":"ms-333","kind":"building","storeys":1,"origin":"ai","edited":false,"source":"Microsoft Global ML Building Footprints 2026-02-03 (ODbL)"}},{"type":"Feature","geometry":{"type":"Polygon","coordinates":[[[123.7163982,10.5055362],[123.7164424,10.5055495],[123.7164117,10.5056484],[123.7163675,10.5056351],[123.7163982,10.5055362]]]},"properties":{"id":"ms-334","kind":"building","storeys":1,"origin":"ai","edited":false,"source":"Microsoft Global ML Building Footprints 2026-02-03 (ODbL)"}},{"type":"Feature","geometry":{"type":"Polygon","coordinates":[[[123.7171648,10.5042385],[123.7171709,10.5041211],[123.7172111,10.5041232],[123.7172003,10.50433],[123.717128,10.5043263],[123.7171327,10.5042369],[123.7171648,10.5042385]]]},"properties":{"id":"ms-335","kind":"building","storeys":1,"origin":"ai","edited":false,"source":"Microsoft Global ML Building Footprints 2026-02-03 (ODbL)"}},{"type":"Feature","geometry":{"type":"Polygon","coordinates":[[[123.7195705,10.51206],[123.7195388,10.5121307],[123.7194795,10.512105],[123.7195111,10.5120343],[123.7195705,10.51206]]]},"properties":{"id":"ms-336","kind":"building","storeys":1,"origin":"ai","edited":false,"source":"Microsoft Global ML Building Footprints 2026-02-03 (ODbL)"}},{"type":"Feature","geometry":{"type":"Polygon","coordinates":[[[123.7200383,10.501989],[123.7199618,10.501992],[123.719955,10.5018247],[123.7200315,10.5018217],[123.7200383,10.501989]]]},"properties":{"id":"ms-337","kind":"building","storeys":1,"origin":"ai","edited":false,"source":"Microsoft Global ML Building Footprints 2026-02-03 (ODbL)"}},{"type":"Feature","geometry":{"type":"Polygon","coordinates":[[[123.7106085,10.5094177],[123.7104493,10.5094161],[123.7104494,10.5094029],[123.7105362,10.5094038],[123.7105372,10.5093115],[123.7106311,10.5093124],[123.7106308,10.5093414],[123.7106656,10.5093418],[123.7106645,10.5094473],[123.7106082,10.5094467],[123.7106085,10.5094177]]]},"properties":{"id":"ms-338","kind":"building","storeys":1,"origin":"ai","edited":false,"source":"Microsoft Global ML Building Footprints 2026-02-03 (ODbL)"}},{"type":"Feature","geometry":{"type":"Polygon","coordinates":[[[123.7137278,10.5068995],[123.7136819,10.5069794],[123.7135864,10.5069263],[123.7136323,10.5068464],[123.7137278,10.5068995]]]},"properties":{"id":"ms-339","kind":"building","storeys":1,"origin":"ai","edited":false,"source":"Microsoft Global ML Building Footprints 2026-02-03 (ODbL)"}},{"type":"Feature","geometry":{"type":"Polygon","coordinates":[[[123.7165821,10.5061072],[123.7166705,10.5061354],[123.7166445,10.5062142],[123.7165561,10.506186],[123.7165821,10.5061072]]]},"properties":{"id":"ms-340","kind":"building","storeys":1,"origin":"ai","edited":false,"source":"Microsoft Global ML Building Footprints 2026-02-03 (ODbL)"}},{"type":"Feature","geometry":{"type":"Polygon","coordinates":[[[123.7167462,10.5042796],[123.7167636,10.5041841],[123.7167922,10.5041891],[123.716802,10.5041354],[123.7169592,10.5041631],[123.7169467,10.5042321],[123.7169571,10.5042339],[123.7169425,10.5043141],[123.7167462,10.5042796]]]},"properties":{"id":"ms-341","kind":"building","storeys":1,"origin":"ai","edited":false,"source":"Microsoft Global ML Building Footprints 2026-02-03 (ODbL)"}},{"type":"Feature","geometry":{"type":"Polygon","coordinates":[[[123.7188328,10.5118756],[123.718901,10.5119007],[123.718865,10.5119956],[123.7187967,10.5119706],[123.7188328,10.5118756]]]},"properties":{"id":"ms-342","kind":"building","storeys":1,"origin":"ai","edited":false,"source":"Microsoft Global ML Building Footprints 2026-02-03 (ODbL)"}},{"type":"Feature","geometry":{"type":"Polygon","coordinates":[[[123.7192638,10.5019167],[123.71917,10.5019198],[123.7191679,10.5018592],[123.7192617,10.5018561],[123.7192638,10.5019167]]]},"properties":{"id":"ms-343","kind":"building","storeys":1,"origin":"ai","edited":false,"source":"Microsoft Global ML Building Footprints 2026-02-03 (ODbL)"}},{"type":"Feature","geometry":{"type":"Polygon","coordinates":[[[123.7112237,10.5107698],[123.7112646,10.5107757],[123.7112574,10.5108235],[123.7112165,10.5108175],[123.7112237,10.5107698]]]},"properties":{"id":"ms-344","kind":"building","storeys":1,"origin":"ai","edited":false,"source":"Microsoft Global ML Building Footprints 2026-02-03 (ODbL)"}},{"type":"Feature","geometry":{"type":"Polygon","coordinates":[[[123.7159749,10.5074716],[123.7160345,10.5074825],[123.7160192,10.5075631],[123.7159596,10.5075521],[123.7159749,10.5074716]]]},"properties":{"id":"ms-345","kind":"building","storeys":1,"origin":"ai","edited":false,"source":"Microsoft Global ML Building Footprints 2026-02-03 (ODbL)"}},{"type":"Feature","geometry":{"type":"Polygon","coordinates":[[[123.7168064,10.5037443],[123.71683,10.5036248],[123.7170006,10.5036575],[123.716977,10.5037769],[123.7168064,10.5037443]]]},"properties":{"id":"ms-346","kind":"building","storeys":1,"origin":"ai","edited":false,"source":"Microsoft Global ML Building Footprints 2026-02-03 (ODbL)"}},{"type":"Feature","geometry":{"type":"Polygon","coordinates":[[[123.7189213,10.5084045],[123.718857,10.5083861],[123.7188721,10.508335],[123.7189364,10.5083534],[123.7189213,10.5084045]]]},"properties":{"id":"ms-347","kind":"building","storeys":1,"origin":"ai","edited":false,"source":"Microsoft Global ML Building Footprints 2026-02-03 (ODbL)"}},{"type":"Feature","geometry":{"type":"Polygon","coordinates":[[[123.7125421,10.5037742],[123.7125805,10.5036798],[123.7130255,10.503855],[123.712987,10.5039494],[123.7125421,10.5037742]]]},"properties":{"id":"ms-348","kind":"building","storeys":1,"origin":"ai","edited":false,"source":"Microsoft Global ML Building Footprints 2026-02-03 (ODbL)"}},{"type":"Feature","geometry":{"type":"Polygon","coordinates":[[[123.7144814,10.5027682],[123.7144932,10.5025975],[123.7144811,10.5025967],[123.7144858,10.5025296],[123.7145365,10.502533],[123.7145325,10.5025907],[123.7145779,10.5025938],[123.7145698,10.5027108],[123.7147754,10.5027245],[123.714771,10.5027876],[123.7144814,10.5027682]]]},"properties":{"id":"ms-349","kind":"building","storeys":1,"origin":"ai","edited":false,"source":"Microsoft Global ML Building Footprints 2026-02-03 (ODbL)"}},{"type":"Feature","geometry":{"type":"Polygon","coordinates":[[[123.7150996,10.5141719],[123.7151033,10.5140559],[123.7152078,10.5140592],[123.7152065,10.5141013],[123.715244,10.5141025],[123.7152416,10.5141762],[123.7150996,10.5141719]]]},"properties":{"id":"ms-350","kind":"building","storeys":1,"origin":"ai","edited":false,"source":"Microsoft Global ML Building Footprints 2026-02-03 (ODbL)"}},{"type":"Feature","geometry":{"type":"Polygon","coordinates":[[[123.715686,10.5011634],[123.7157076,10.5012217],[123.7156521,10.5012415],[123.7156305,10.5011833],[123.715686,10.5011634]]]},"properties":{"id":"ms-351","kind":"building","storeys":1,"origin":"ai","edited":false,"source":"Microsoft Global ML Building Footprints 2026-02-03 (ODbL)"}},{"type":"Feature","geometry":{"type":"Polygon","coordinates":[[[123.7157885,10.5028963],[123.7158379,10.5028986],[123.7158404,10.502846],[123.7158847,10.502848],[123.715881,10.5029244],[123.7157873,10.50292],[123.7157885,10.5028963]]]},"properties":{"id":"ms-352","kind":"building","storeys":1,"origin":"ai","edited":false,"source":"Microsoft Global ML Building Footprints 2026-02-03 (ODbL)"}},{"type":"Feature","geometry":{"type":"Polygon","coordinates":[[[123.7164422,10.5021742],[123.7163994,10.5021753],[123.7163982,10.5021288],[123.716441,10.5021278],[123.7164422,10.5021742]]]},"properties":{"id":"ms-353","kind":"building","storeys":1,"origin":"ai","edited":false,"source":"Microsoft Global ML Building Footprints 2026-02-03 (ODbL)"}},{"type":"Feature","geometry":{"type":"Polygon","coordinates":[[[123.7168269,10.5014476],[123.7168725,10.5014464],[123.716875,10.501536],[123.7168161,10.5015376],[123.7168147,10.5014902],[123.7167718,10.5014913],[123.7167693,10.5014017],[123.7168255,10.5014002],[123.7168269,10.5014476]]]},"properties":{"id":"ms-354","kind":"building","storeys":1,"origin":"ai","edited":false,"source":"Microsoft Global ML Building Footprints 2026-02-03 (ODbL)"}},{"type":"Feature","geometry":{"type":"Polygon","coordinates":[[[123.7170709,10.5020209],[123.7169277,10.502026],[123.7169241,10.5019285],[123.7170673,10.5019235],[123.7170709,10.5020209]]]},"properties":{"id":"ms-355","kind":"building","storeys":1,"origin":"ai","edited":false,"source":"Microsoft Global ML Building Footprints 2026-02-03 (ODbL)"}},{"type":"Feature","geometry":{"type":"Polygon","coordinates":[[[123.7188524,10.5082276],[123.7188151,10.5083288],[123.718706,10.50829],[123.7187433,10.5081888],[123.7188524,10.5082276]]]},"properties":{"id":"ms-356","kind":"building","storeys":1,"origin":"ai","edited":false,"source":"Microsoft Global ML Building Footprints 2026-02-03 (ODbL)"}},{"type":"Feature","geometry":{"type":"Polygon","coordinates":[[[123.7197201,10.5055082],[123.7196604,10.5055952],[123.719583,10.5055438],[123.7196427,10.5054569],[123.7197201,10.5055082]]]},"properties":{"id":"ms-357","kind":"building","storeys":1,"origin":"ai","edited":false,"source":"Microsoft Global ML Building Footprints 2026-02-03 (ODbL)"}},{"type":"Feature","geometry":{"type":"Polygon","coordinates":[[[123.7118765,10.5044854],[123.7119418,10.5044961],[123.711922,10.5046116],[123.7118568,10.5046008],[123.7118765,10.5044854]]]},"properties":{"id":"ms-358","kind":"building","storeys":1,"origin":"ai","edited":false,"source":"Microsoft Global ML Building Footprints 2026-02-03 (ODbL)"}},{"type":"Feature","geometry":{"type":"Polygon","coordinates":[[[123.7120433,10.5082334],[123.7120794,10.5081545],[123.7121619,10.5081911],[123.7121257,10.50827],[123.7120433,10.5082334]]]},"properties":{"id":"ms-359","kind":"building","storeys":1,"origin":"ai","edited":false,"source":"Microsoft Global ML Building Footprints 2026-02-03 (ODbL)"}},{"type":"Feature","geometry":{"type":"Polygon","coordinates":[[[123.7153982,10.5013871],[123.7153969,10.5014757],[123.7153578,10.5014751],[123.7153591,10.5013865],[123.7153982,10.5013871]]]},"properties":{"id":"ms-360","kind":"building","storeys":1,"origin":"ai","edited":false,"source":"Microsoft Global ML Building Footprints 2026-02-03 (ODbL)"}},{"type":"Feature","geometry":{"type":"Polygon","coordinates":[[[123.7173602,10.5096064],[123.7173755,10.5095797],[123.7174101,10.5095988],[123.7173948,10.5096256],[123.7173602,10.5096064]]]},"properties":{"id":"ms-361","kind":"building","storeys":1,"origin":"ai","edited":false,"source":"Microsoft Global ML Building Footprints 2026-02-03 (ODbL)"}},{"type":"Feature","geometry":{"type":"Polygon","coordinates":[[[123.7177647,10.5043748],[123.7177127,10.5044955],[123.717624,10.5044586],[123.717676,10.5043378],[123.7177647,10.5043748]]]},"properties":{"id":"ms-362","kind":"building","storeys":1,"origin":"ai","edited":false,"source":"Microsoft Global ML Building Footprints 2026-02-03 (ODbL)"}},{"type":"Feature","geometry":{"type":"Polygon","coordinates":[[[123.7178746,10.5094043],[123.7178601,10.5094378],[123.7177565,10.5093944],[123.717771,10.5093609],[123.7178746,10.5094043]]]},"properties":{"id":"ms-363","kind":"building","storeys":1,"origin":"ai","edited":false,"source":"Microsoft Global ML Building Footprints 2026-02-03 (ODbL)"}},{"type":"Feature","geometry":{"type":"Polygon","coordinates":[[[123.7196604,10.5081431],[123.7196263,10.5082089],[123.7195815,10.5081865],[123.7196156,10.5081207],[123.7196604,10.5081431]]]},"properties":{"id":"ms-364","kind":"building","storeys":1,"origin":"ai","edited":false,"source":"Microsoft Global ML Building Footprints 2026-02-03 (ODbL)"}},{"type":"Feature","geometry":{"type":"Polygon","coordinates":[[[123.7129306,10.5059796],[123.7129941,10.5059944],[123.7129778,10.5060618],[123.7129143,10.506047],[123.7129306,10.5059796]]]},"properties":{"id":"ms-365","kind":"building","storeys":1,"origin":"ai","edited":false,"source":"Microsoft Global ML Building Footprints 2026-02-03 (ODbL)"}},{"type":"Feature","geometry":{"type":"Polygon","coordinates":[[[123.7138809,10.5037344],[123.7139384,10.503754],[123.7138912,10.5038883],[123.7138337,10.5038687],[123.7138809,10.5037344]]]},"properties":{"id":"ms-366","kind":"building","storeys":1,"origin":"ai","edited":false,"source":"Microsoft Global ML Building Footprints 2026-02-03 (ODbL)"}},{"type":"Feature","geometry":{"type":"Polygon","coordinates":[[[123.7150941,10.5033659],[123.7151014,10.5033277],[123.7151584,10.5033382],[123.7151511,10.5033764],[123.7150941,10.5033659]]]},"properties":{"id":"ms-367","kind":"building","storeys":1,"origin":"ai","edited":false,"source":"Microsoft Global ML Building Footprints 2026-02-03 (ODbL)"}},{"type":"Feature","geometry":{"type":"Polygon","coordinates":[[[123.7152001,10.5045049],[123.715295,10.5045453],[123.7152588,10.5046275],[123.715164,10.5045871],[123.7152001,10.5045049]]]},"properties":{"id":"ms-368","kind":"building","storeys":1,"origin":"ai","edited":false,"source":"Microsoft Global ML Building Footprints 2026-02-03 (ODbL)"}},{"type":"Feature","geometry":{"type":"Polygon","coordinates":[[[123.7157942,10.5144503],[123.7157666,10.5144539],[123.7157742,10.5145109],[123.7155738,10.5145368],[123.7155658,10.5144772],[123.7157003,10.5144598],[123.7156904,10.5143856],[123.7157668,10.5143757],[123.7157716,10.514411],[123.7157887,10.5144088],[123.7157942,10.5144503]]]},"properties":{"id":"ms-369","kind":"building","storeys":1,"origin":"ai","edited":false,"source":"Microsoft Global ML Building Footprints 2026-02-03 (ODbL)"}},{"type":"Feature","geometry":{"type":"Polygon","coordinates":[[[123.7164817,10.506561],[123.716569,10.5065908],[123.7165554,10.5066293],[123.7164682,10.5065996],[123.7164817,10.506561]]]},"properties":{"id":"ms-370","kind":"building","storeys":1,"origin":"ai","edited":false,"source":"Microsoft Global ML Building Footprints 2026-02-03 (ODbL)"}},{"type":"Feature","geometry":{"type":"Polygon","coordinates":[[[123.7167295,10.5029294],[123.7166792,10.5029445],[123.716665,10.5028987],[123.7167152,10.5028836],[123.7167295,10.5029294]]]},"properties":{"id":"ms-371","kind":"building","storeys":1,"origin":"ai","edited":false,"source":"Microsoft Global ML Building Footprints 2026-02-03 (ODbL)"}},{"type":"Feature","geometry":{"type":"Polygon","coordinates":[[[123.7171179,10.5002797],[123.7171693,10.5002554],[123.7171979,10.5003141],[123.7171465,10.5003383],[123.7171179,10.5002797]]]},"properties":{"id":"ms-372","kind":"building","storeys":1,"origin":"ai","edited":false,"source":"Microsoft Global ML Building Footprints 2026-02-03 (ODbL)"}},{"type":"Feature","geometry":{"type":"Polygon","coordinates":[[[123.7185878,10.5145342],[123.7185895,10.5146001],[123.7185199,10.5146019],[123.7185181,10.514536],[123.7185878,10.5145342]]]},"properties":{"id":"ms-373","kind":"building","storeys":1,"origin":"ai","edited":false,"source":"Microsoft Global ML Building Footprints 2026-02-03 (ODbL)"}},{"type":"Feature","geometry":{"type":"Polygon","coordinates":[[[123.718864,10.502662],[123.7188651,10.502613],[123.7189524,10.5026148],[123.7189513,10.5026638],[123.718864,10.502662]]]},"properties":{"id":"ms-374","kind":"building","storeys":1,"origin":"ai","edited":false,"source":"Microsoft Global ML Building Footprints 2026-02-03 (ODbL)"}},{"type":"Feature","geometry":{"type":"Polygon","coordinates":[[[123.7198904,10.507737],[123.719946,10.5076653],[123.7200511,10.5077442],[123.7199955,10.5078158],[123.7198904,10.507737]]]},"properties":{"id":"ms-375","kind":"building","storeys":1,"origin":"ai","edited":false,"source":"Microsoft Global ML Building Footprints 2026-02-03 (ODbL)"}},{"type":"Feature","geometry":{"type":"Polygon","coordinates":[[[123.7204882,10.5021572],[123.7204512,10.5021532],[123.7204612,10.5020646],[123.7204982,10.5020687],[123.7204882,10.5021572]]]},"properties":{"id":"ms-376","kind":"building","storeys":1,"origin":"ai","edited":false,"source":"Microsoft Global ML Building Footprints 2026-02-03 (ODbL)"}},{"type":"Feature","geometry":{"type":"Polygon","coordinates":[[[123.7116386,10.5085903],[123.7116244,10.5086614],[123.7115418,10.5086455],[123.711556,10.5085744],[123.7116386,10.5085903]]]},"properties":{"id":"ms-377","kind":"building","storeys":1,"origin":"ai","edited":false,"source":"Microsoft Global ML Building Footprints 2026-02-03 (ODbL)"}},{"type":"Feature","geometry":{"type":"Polygon","coordinates":[[[123.7139697,10.5089844],[123.7139984,10.5089975],[123.7139768,10.509043],[123.7138821,10.5089996],[123.7139482,10.50886],[123.7140143,10.5088903],[123.7139697,10.5089844]]]},"properties":{"id":"ms-378","kind":"building","storeys":1,"origin":"ai","edited":false,"source":"Microsoft Global ML Building Footprints 2026-02-03 (ODbL)"}},{"type":"Feature","geometry":{"type":"Polygon","coordinates":[[[123.7188653,10.508114],[123.7188244,10.5082009],[123.718767,10.5081747],[123.7188079,10.5080879],[123.7188653,10.508114]]]},"properties":{"id":"ms-379","kind":"building","storeys":1,"origin":"ai","edited":false,"source":"Microsoft Global ML Building Footprints 2026-02-03 (ODbL)"}},{"type":"Feature","geometry":{"type":"Polygon","coordinates":[[[123.7198531,10.5070477],[123.7199262,10.5068873],[123.7200133,10.5069257],[123.7199403,10.5070861],[123.7198531,10.5070477]]]},"properties":{"id":"ms-380","kind":"building","storeys":1,"origin":"ai","edited":false,"source":"Microsoft Global ML Building Footprints 2026-02-03 (ODbL)"}},{"type":"Feature","geometry":{"type":"Polygon","coordinates":[[[123.7111115,10.5091765],[123.7111478,10.509203],[123.7111016,10.5092642],[123.7110653,10.5092377],[123.7111115,10.5091765]]]},"properties":{"id":"ms-381","kind":"building","storeys":1,"origin":"ai","edited":false,"source":"Microsoft Global ML Building Footprints 2026-02-03 (ODbL)"}},{"type":"Feature","geometry":{"type":"Polygon","coordinates":[[[123.7118518,10.5082335],[123.711871,10.5081919],[123.7119177,10.5082128],[123.7118985,10.5082543],[123.7118518,10.5082335]]]},"properties":{"id":"ms-382","kind":"building","storeys":1,"origin":"ai","edited":false,"source":"Microsoft Global ML Building Footprints 2026-02-03 (ODbL)"}},{"type":"Feature","geometry":{"type":"Polygon","coordinates":[[[123.7121315,10.5076803],[123.7121699,10.5077113],[123.7121423,10.5077444],[123.7121039,10.5077134],[123.7121315,10.5076803]]]},"properties":{"id":"ms-383","kind":"building","storeys":1,"origin":"ai","edited":false,"source":"Microsoft Global ML Building Footprints 2026-02-03 (ODbL)"}},{"type":"Feature","geometry":{"type":"Polygon","coordinates":[[[123.7125526,10.5092761],[123.7124988,10.5093151],[123.7124655,10.5092708],[123.7125192,10.5092317],[123.7125526,10.5092761]]]},"properties":{"id":"ms-384","kind":"building","storeys":1,"origin":"ai","edited":false,"source":"Microsoft Global ML Building Footprints 2026-02-03 (ODbL)"}},{"type":"Feature","geometry":{"type":"Polygon","coordinates":[[[123.715087,10.5002334],[123.7150849,10.5003521],[123.7149213,10.5003492],[123.7149227,10.5002728],[123.714964,10.5002735],[123.7149637,10.5002893],[123.7150334,10.5002905],[123.7150345,10.5002325],[123.715087,10.5002334]]]},"properties":{"id":"ms-385","kind":"building","storeys":1,"origin":"ai","edited":false,"source":"Microsoft Global ML Building Footprints 2026-02-03 (ODbL)"}},{"type":"Feature","geometry":{"type":"Polygon","coordinates":[[[123.7155041,10.5057596],[123.7156309,10.505775],[123.7156221,10.5058451],[123.7154953,10.5058298],[123.7155041,10.5057596]]]},"properties":{"id":"ms-386","kind":"building","storeys":1,"origin":"ai","edited":false,"source":"Microsoft Global ML Building Footprints 2026-02-03 (ODbL)"}},{"type":"Feature","geometry":{"type":"Polygon","coordinates":[[[123.7155137,10.5126335],[123.7155482,10.5126972],[123.7154457,10.5127507],[123.7154112,10.512687],[123.7155137,10.5126335]]]},"properties":{"id":"ms-387","kind":"building","storeys":1,"origin":"ai","edited":false,"source":"Microsoft Global ML Building Footprints 2026-02-03 (ODbL)"}},{"type":"Feature","geometry":{"type":"Polygon","coordinates":[[[123.71565,10.5002343],[123.7157205,10.5002201],[123.7157331,10.5002808],[123.7156626,10.500295],[123.71565,10.5002343]]]},"properties":{"id":"ms-388","kind":"building","storeys":1,"origin":"ai","edited":false,"source":"Microsoft Global ML Building Footprints 2026-02-03 (ODbL)"}},{"type":"Feature","geometry":{"type":"Polygon","coordinates":[[[123.7172026,10.5086921],[123.7172387,10.5085706],[123.7173069,10.5085901],[123.7172708,10.5087117],[123.7172026,10.5086921]]]},"properties":{"id":"ms-389","kind":"building","storeys":1,"origin":"ai","edited":false,"source":"Microsoft Global ML Building Footprints 2026-02-03 (ODbL)"}},{"type":"Feature","geometry":{"type":"Polygon","coordinates":[[[123.7172334,10.5104403],[123.7172219,10.5104638],[123.7171805,10.5104443],[123.717192,10.5104207],[123.7172334,10.5104403]]]},"properties":{"id":"ms-390","kind":"building","storeys":1,"origin":"ai","edited":false,"source":"Microsoft Global ML Building Footprints 2026-02-03 (ODbL)"}},{"type":"Feature","geometry":{"type":"Polygon","coordinates":[[[123.7189548,10.5087739],[123.7189949,10.5087267],[123.7190448,10.5087677],[123.7190047,10.5088149],[123.7189548,10.5087739]]]},"properties":{"id":"ms-391","kind":"building","storeys":1,"origin":"ai","edited":false,"source":"Microsoft Global ML Building Footprints 2026-02-03 (ODbL)"}},{"type":"Feature","geometry":{"type":"Polygon","coordinates":[[[123.7203518,10.5017223],[123.7203505,10.5018172],[123.7202674,10.5018161],[123.7202687,10.5017211],[123.7203518,10.5017223]]]},"properties":{"id":"ms-392","kind":"building","storeys":1,"origin":"ai","edited":false,"source":"Microsoft Global ML Building Footprints 2026-02-03 (ODbL)"}},{"type":"Feature","geometry":{"type":"Polygon","coordinates":[[[123.7152294,10.5002003],[123.7152281,10.500145],[123.7154586,10.5001397],[123.7154598,10.5001871],[123.7153391,10.5001899],[123.715341,10.500269],[123.7152686,10.5002706],[123.7152669,10.5001995],[123.7152294,10.5002003]]]},"properties":{"id":"ms-393","kind":"building","storeys":1,"origin":"ai","edited":false,"source":"Microsoft Global ML Building Footprints 2026-02-03 (ODbL)"}},{"type":"Feature","geometry":{"type":"Polygon","coordinates":[[[123.7153153,10.5055076],[123.7152803,10.5055778],[123.7151787,10.5055288],[123.7152136,10.5054586],[123.7153153,10.5055076]]]},"properties":{"id":"ms-394","kind":"building","storeys":1,"origin":"ai","edited":false,"source":"Microsoft Global ML Building Footprints 2026-02-03 (ODbL)"}},{"type":"Feature","geometry":{"type":"Polygon","coordinates":[[[123.7155391,10.5107906],[123.7155621,10.5107323],[123.715639,10.5107617],[123.7156161,10.5108199],[123.7155391,10.5107906]]]},"properties":{"id":"ms-395","kind":"building","storeys":1,"origin":"ai","edited":false,"source":"Microsoft Global ML Building Footprints 2026-02-03 (ODbL)"}},{"type":"Feature","geometry":{"type":"Polygon","coordinates":[[[123.7158335,10.502139],[123.7158357,10.502226],[123.7157193,10.5022288],[123.7157171,10.5021418],[123.7158335,10.502139]]]},"properties":{"id":"ms-396","kind":"building","storeys":1,"origin":"ai","edited":false,"source":"Microsoft Global ML Building Footprints 2026-02-03 (ODbL)"}},{"type":"Feature","geometry":{"type":"Polygon","coordinates":[[[123.7171557,10.5048317],[123.7171595,10.5049582],[123.7170845,10.5049604],[123.7170834,10.5049235],[123.7170069,10.5049257],[123.7170042,10.5048361],[123.7171557,10.5048317]]]},"properties":{"id":"ms-397","kind":"building","storeys":1,"origin":"ai","edited":false,"source":"Microsoft Global ML Building Footprints 2026-02-03 (ODbL)"}},{"type":"Feature","geometry":{"type":"Polygon","coordinates":[[[123.7185552,10.5002291],[123.7185595,10.5002921],[123.718474,10.5002977],[123.7184698,10.5002346],[123.7185552,10.5002291]]]},"properties":{"id":"ms-398","kind":"building","storeys":1,"origin":"ai","edited":false,"source":"Microsoft Global ML Building Footprints 2026-02-03 (ODbL)"}},{"type":"Feature","geometry":{"type":"Polygon","coordinates":[[[123.7146911,10.5068527],[123.7147728,10.5068633],[123.7147624,10.5069411],[123.7146807,10.5069305],[123.7146911,10.5068527]]]},"properties":{"id":"ms-399","kind":"building","storeys":1,"origin":"ai","edited":false,"source":"Microsoft Global ML Building Footprints 2026-02-03 (ODbL)"}},{"type":"Feature","geometry":{"type":"Polygon","coordinates":[[[123.7156654,10.5011682],[123.7156076,10.5011698],[123.7156052,10.5010882],[123.715663,10.5010865],[123.7156654,10.5011682]]]},"properties":{"id":"ms-400","kind":"building","storeys":1,"origin":"ai","edited":false,"source":"Microsoft Global ML Building Footprints 2026-02-03 (ODbL)"}},{"type":"Feature","geometry":{"type":"Polygon","coordinates":[[[123.7166796,10.510126],[123.7167502,10.510009],[123.7168276,10.5100542],[123.7167569,10.5101712],[123.7166796,10.510126]]]},"properties":{"id":"ms-401","kind":"building","storeys":1,"origin":"ai","edited":false,"source":"Microsoft Global ML Building Footprints 2026-02-03 (ODbL)"}},{"type":"Feature","geometry":{"type":"Polygon","coordinates":[[[123.7166799,10.5052118],[123.7167052,10.5051551],[123.716757,10.5051774],[123.7167316,10.5052341],[123.7166799,10.5052118]]]},"properties":{"id":"ms-402","kind":"building","storeys":1,"origin":"ai","edited":false,"source":"Microsoft Global ML Building Footprints 2026-02-03 (ODbL)"}},{"type":"Feature","geometry":{"type":"Polygon","coordinates":[[[123.7184981,10.5114634],[123.7184527,10.5115388],[123.7183871,10.5115007],[123.7184325,10.5114252],[123.7184981,10.5114634]]]},"properties":{"id":"ms-403","kind":"building","storeys":1,"origin":"ai","edited":false,"source":"Microsoft Global ML Building Footprints 2026-02-03 (ODbL)"}},{"type":"Feature","geometry":{"type":"Polygon","coordinates":[[[123.7188842,10.5119705],[123.7189254,10.5119872],[123.7188941,10.5120615],[123.7188529,10.5120447],[123.7188842,10.5119705]]]},"properties":{"id":"ms-404","kind":"building","storeys":1,"origin":"ai","edited":false,"source":"Microsoft Global ML Building Footprints 2026-02-03 (ODbL)"}},{"type":"Feature","geometry":{"type":"Polygon","coordinates":[[[123.7192773,10.508327],[123.7193294,10.5083457],[123.7193112,10.5083945],[123.7192591,10.5083758],[123.7192773,10.508327]]]},"properties":{"id":"ms-405","kind":"building","storeys":1,"origin":"ai","edited":false,"source":"Microsoft Global ML Building Footprints 2026-02-03 (ODbL)"}},{"type":"Feature","geometry":{"type":"Polygon","coordinates":[[[123.7121076,10.5104727],[123.7121138,10.5104287],[123.7121691,10.5104362],[123.7121629,10.5104802],[123.7121076,10.5104727]]]},"properties":{"id":"ms-406","kind":"building","storeys":1,"origin":"ai","edited":false,"source":"Microsoft Global ML Building Footprints 2026-02-03 (ODbL)"}},{"type":"Feature","geometry":{"type":"Polygon","coordinates":[[[123.7134056,10.5052737],[123.7135067,10.5050671],[123.7134391,10.5050352],[123.7134737,10.5049645],[123.7136044,10.5050263],[123.7134688,10.5053036],[123.7134056,10.5052737]]]},"properties":{"id":"ms-407","kind":"building","storeys":1,"origin":"ai","edited":false,"source":"Microsoft Global ML Building Footprints 2026-02-03 (ODbL)"}},{"type":"Feature","geometry":{"type":"Polygon","coordinates":[[[123.7135772,10.5036018],[123.7136075,10.5034826],[123.7139458,10.5035655],[123.7139691,10.5034736],[123.7142217,10.5035355],[123.7141682,10.5037466],[123.7135772,10.5036018]]]},"properties":{"id":"ms-408","kind":"building","storeys":1,"origin":"ai","edited":false,"source":"Microsoft Global ML Building Footprints 2026-02-03 (ODbL)"}},{"type":"Feature","geometry":{"type":"Polygon","coordinates":[[[123.7137403,10.5042441],[123.7137659,10.5041802],[123.7138298,10.5042049],[123.7138576,10.5041354],[123.7139331,10.5041646],[123.7138974,10.5042536],[123.7139276,10.5042653],[123.7138965,10.504343],[123.7137944,10.5043034],[123.7138077,10.5042702],[123.7137403,10.5042441]]]},"properties":{"id":"ms-409","kind":"building","storeys":1,"origin":"ai","edited":false,"source":"Microsoft Global ML Building Footprints 2026-02-03 (ODbL)"}},{"type":"Feature","geometry":{"type":"Polygon","coordinates":[[[123.7155819,10.5141167],[123.7156301,10.5141146],[123.7156314,10.514142],[123.715717,10.5141382],[123.7157136,10.5140634],[123.715826,10.5140584],[123.7158307,10.5141611],[123.7157397,10.5141651],[123.7157448,10.5142767],[123.7155896,10.5142836],[123.7155819,10.5141167]]]},"properties":{"id":"ms-410","kind":"building","storeys":1,"origin":"ai","edited":false,"source":"Microsoft Global ML Building Footprints 2026-02-03 (ODbL)"}},{"type":"Feature","geometry":{"type":"Polygon","coordinates":[[[123.7157262,10.514679],[123.7157312,10.5145658],[123.7158677,10.5145717],[123.7158596,10.5147559],[123.7158194,10.5147542],[123.7158226,10.5146832],[123.7157262,10.514679]]]},"properties":{"id":"ms-411","kind":"building","storeys":1,"origin":"ai","edited":false,"source":"Microsoft Global ML Building Footprints 2026-02-03 (ODbL)"}},{"type":"Feature","geometry":{"type":"Polygon","coordinates":[[[123.7163509,10.5064773],[123.7163175,10.5065412],[123.7162296,10.5064969],[123.7162629,10.5064329],[123.7163509,10.5064773]]]},"properties":{"id":"ms-412","kind":"building","storeys":1,"origin":"ai","edited":false,"source":"Microsoft Global ML Building Footprints 2026-02-03 (ODbL)"}},{"type":"Feature","geometry":{"type":"Polygon","coordinates":[[[123.7168182,10.5039501],[123.7168285,10.5037739],[123.7169568,10.5037812],[123.716951,10.5038811],[123.7169055,10.5038785],[123.7169011,10.5039547],[123.7168182,10.5039501]]]},"properties":{"id":"ms-413","kind":"building","storeys":1,"origin":"ai","edited":false,"source":"Microsoft Global ML Building Footprints 2026-02-03 (ODbL)"}},{"type":"Feature","geometry":{"type":"Polygon","coordinates":[[[123.7195237,10.502902],[123.7195961,10.5029028],[123.7195949,10.5030083],[123.7195225,10.5030075],[123.7195237,10.502902]]]},"properties":{"id":"ms-414","kind":"building","storeys":1,"origin":"ai","edited":false,"source":"Microsoft Global ML Building Footprints 2026-02-03 (ODbL)"}},{"type":"Feature","geometry":{"type":"Polygon","coordinates":[[[123.7148541,10.5027765],[123.7148546,10.5027555],[123.7148948,10.5027563],[123.7148915,10.5029039],[123.7147668,10.5029013],[123.7147696,10.5027747],[123.7148541,10.5027765]]]},"properties":{"id":"ms-415","kind":"building","storeys":1,"origin":"ai","edited":false,"source":"Microsoft Global ML Building Footprints 2026-02-03 (ODbL)"}},{"type":"Feature","geometry":{"type":"Polygon","coordinates":[[[123.7150571,10.5004554],[123.7150533,10.500537],[123.7149666,10.500533],[123.7149704,10.5004514],[123.7150571,10.5004554]]]},"properties":{"id":"ms-416","kind":"building","storeys":1,"origin":"ai","edited":false,"source":"Microsoft Global ML Building Footprints 2026-02-03 (ODbL)"}},{"type":"Feature","geometry":{"type":"Polygon","coordinates":[[[123.7158696,10.5020254],[123.7157356,10.5020296],[123.7157319,10.5019164],[123.7158659,10.5019121],[123.7158696,10.5020254]]]},"properties":{"id":"ms-417","kind":"building","storeys":1,"origin":"ai","edited":false,"source":"Microsoft Global ML Building Footprints 2026-02-03 (ODbL)"}},{"type":"Feature","geometry":{"type":"Polygon","coordinates":[[[123.7178017,10.5084482],[123.7178529,10.5083575],[123.7179124,10.50839],[123.7178611,10.5084807],[123.7178017,10.5084482]]]},"properties":{"id":"ms-418","kind":"building","storeys":1,"origin":"ai","edited":false,"source":"Microsoft Global ML Building Footprints 2026-02-03 (ODbL)"}},{"type":"Feature","geometry":{"type":"Polygon","coordinates":[[[123.71793,10.5040957],[123.7179048,10.5041471],[123.7178264,10.50411],[123.7178515,10.5040586],[123.71793,10.5040957]]]},"properties":{"id":"ms-419","kind":"building","storeys":1,"origin":"ai","edited":false,"source":"Microsoft Global ML Building Footprints 2026-02-03 (ODbL)"}},{"type":"Feature","geometry":{"type":"Polygon","coordinates":[[[123.7190451,10.5015499],[123.7190954,10.5014973],[123.7191403,10.5015389],[123.71909,10.5015914],[123.7190451,10.5015499]]]},"properties":{"id":"ms-420","kind":"building","storeys":1,"origin":"ai","edited":false,"source":"Microsoft Global ML Building Footprints 2026-02-03 (ODbL)"}},{"type":"Feature","geometry":{"type":"Polygon","coordinates":[[[123.719121,10.5027074],[123.7190954,10.5027681],[123.7190336,10.502743],[123.7190592,10.5026822],[123.719121,10.5027074]]]},"properties":{"id":"ms-421","kind":"building","storeys":1,"origin":"ai","edited":false,"source":"Microsoft Global ML Building Footprints 2026-02-03 (ODbL)"}},{"type":"Feature","geometry":{"type":"Polygon","coordinates":[[[123.7191885,10.5079747],[123.7191561,10.5080479],[123.7190885,10.5080189],[123.7191209,10.5079458],[123.7191885,10.5079747]]]},"properties":{"id":"ms-422","kind":"building","storeys":1,"origin":"ai","edited":false,"source":"Microsoft Global ML Building Footprints 2026-02-03 (ODbL)"}},{"type":"Feature","geometry":{"type":"Polygon","coordinates":[[[123.7195877,10.5121278],[123.7195803,10.5121795],[123.7195315,10.5121727],[123.7195389,10.512121],[123.7195877,10.5121278]]]},"properties":{"id":"ms-423","kind":"building","storeys":1,"origin":"ai","edited":false,"source":"Microsoft Global ML Building Footprints 2026-02-03 (ODbL)"}},{"type":"Feature","geometry":{"type":"Polygon","coordinates":[[[123.71274,10.5055711],[123.7128487,10.5055915],[123.7128379,10.5056475],[123.7127292,10.5056271],[123.71274,10.5055711]]]},"properties":{"id":"ms-424","kind":"building","storeys":1,"origin":"ai","edited":false,"source":"Microsoft Global ML Building Footprints 2026-02-03 (ODbL)"}},{"type":"Feature","geometry":{"type":"Polygon","coordinates":[[[123.7127802,10.5062354],[123.7128182,10.5061675],[123.7128709,10.5061959],[123.7128329,10.5062639],[123.7127802,10.5062354]]]},"properties":{"id":"ms-425","kind":"building","storeys":1,"origin":"ai","edited":false,"source":"Microsoft Global ML Building Footprints 2026-02-03 (ODbL)"}},{"type":"Feature","geometry":{"type":"Polygon","coordinates":[[[123.7131378,10.5062135],[123.7131444,10.5061643],[123.7131801,10.5061689],[123.7131735,10.5062182],[123.7131378,10.5062135]]]},"properties":{"id":"ms-426","kind":"building","storeys":1,"origin":"ai","edited":false,"source":"Microsoft Global ML Building Footprints 2026-02-03 (ODbL)"}},{"type":"Feature","geometry":{"type":"Polygon","coordinates":[[[123.7140727,10.5021959],[123.7140648,10.5022339],[123.7140159,10.502224],[123.7140238,10.502186],[123.7140727,10.5021959]]]},"properties":{"id":"ms-427","kind":"building","storeys":1,"origin":"ai","edited":false,"source":"Microsoft Global ML Building Footprints 2026-02-03 (ODbL)"}},{"type":"Feature","geometry":{"type":"Polygon","coordinates":[[[123.7140964,10.5031984],[123.7140942,10.5031669],[123.7141903,10.5031604],[123.7141925,10.5031919],[123.7140964,10.5031984]]]},"properties":{"id":"ms-428","kind":"building","storeys":1,"origin":"ai","edited":false,"source":"Microsoft Global ML Building Footprints 2026-02-03 (ODbL)"}},{"type":"Feature","geometry":{"type":"Polygon","coordinates":[[[123.7147067,10.5081066],[123.7147048,10.5081735],[123.7146404,10.5081717],[123.7146424,10.5081048],[123.7147067,10.5081066]]]},"properties":{"id":"ms-429","kind":"building","storeys":1,"origin":"ai","edited":false,"source":"Microsoft Global ML Building Footprints 2026-02-03 (ODbL)"}},{"type":"Feature","geometry":{"type":"Polygon","coordinates":[[[123.7147466,10.5029123],[123.7147444,10.5029782],[123.7146399,10.5029747],[123.7146421,10.5029089],[123.7147466,10.5029123]]]},"properties":{"id":"ms-430","kind":"building","storeys":1,"origin":"ai","edited":false,"source":"Microsoft Global ML Building Footprints 2026-02-03 (ODbL)"}},{"type":"Feature","geometry":{"type":"Polygon","coordinates":[[[123.7155237,10.5141181],[123.7155772,10.5141155],[123.7155859,10.5142865],[123.7155323,10.5142891],[123.7155237,10.5141181]]]},"properties":{"id":"ms-431","kind":"building","storeys":1,"origin":"ai","edited":false,"source":"Microsoft Global ML Building Footprints 2026-02-03 (ODbL)"}},{"type":"Feature","geometry":{"type":"Polygon","coordinates":[[[123.7163932,10.5143064],[123.7163898,10.5143828],[123.7163015,10.514379],[123.7163049,10.5143026],[123.7163932,10.5143064]]]},"properties":{"id":"ms-432","kind":"building","storeys":1,"origin":"ai","edited":false,"source":"Microsoft Global ML Building Footprints 2026-02-03 (ODbL)"}},{"type":"Feature","geometry":{"type":"Polygon","coordinates":[[[123.7167603,10.5001696],[123.7168375,10.5002712],[123.7167875,10.5003079],[123.7167104,10.5002062],[123.7167603,10.5001696]]]},"properties":{"id":"ms-433","kind":"building","storeys":1,"origin":"ai","edited":false,"source":"Microsoft Global ML Building Footprints 2026-02-03 (ODbL)"}},{"type":"Feature","geometry":{"type":"Polygon","coordinates":[[[123.7167735,10.5023501],[123.7167854,10.5021433],[123.7169191,10.5021508],[123.716907,10.5023601],[123.7169352,10.5023617],[123.71693,10.502452],[123.7167387,10.5024414],[123.7167441,10.5023484],[123.7167735,10.5023501]]]},"properties":{"id":"ms-434","kind":"building","storeys":1,"origin":"ai","edited":false,"source":"Microsoft Global ML Building Footprints 2026-02-03 (ODbL)"}},{"type":"Feature","geometry":{"type":"Polygon","coordinates":[[[123.7171907,10.5061855],[123.7172686,10.5059522],[123.717363,10.5059827],[123.7172851,10.506216],[123.7171907,10.5061855]]]},"properties":{"id":"ms-435","kind":"building","storeys":1,"origin":"ai","edited":false,"source":"Microsoft Global ML Building Footprints 2026-02-03 (ODbL)"}},{"type":"Feature","geometry":{"type":"Polygon","coordinates":[[[123.7172426,10.5150727],[123.7170879,10.5150454],[123.7171002,10.514978],[123.7172549,10.5150053],[123.7172426,10.5150727]]]},"properties":{"id":"ms-436","kind":"building","storeys":1,"origin":"ai","edited":false,"source":"Microsoft Global ML Building Footprints 2026-02-03 (ODbL)"}},{"type":"Feature","geometry":{"type":"Polygon","coordinates":[[[123.7173173,10.5106192],[123.7171792,10.510547],[123.7172422,10.5104306],[123.7172472,10.5104332],[123.7173884,10.5101721],[123.7175214,10.5102416],[123.7173173,10.5106192]]]},"properties":{"id":"ms-437","kind":"building","storeys":1,"origin":"ai","edited":false,"source":"Microsoft Global ML Building Footprints 2026-02-03 (ODbL)"}},{"type":"Feature","geometry":{"type":"Polygon","coordinates":[[[123.718217,10.5026951],[123.7182039,10.5028496],[123.7181598,10.502846],[123.718173,10.5026915],[123.718217,10.5026951]]]},"properties":{"id":"ms-438","kind":"building","storeys":1,"origin":"ai","edited":false,"source":"Microsoft Global ML Building Footprints 2026-02-03 (ODbL)"}},{"type":"Feature","geometry":{"type":"Polygon","coordinates":[[[123.7197878,10.5061064],[123.7198201,10.5061192],[123.7198626,10.5060145],[123.719932,10.5060418],[123.7198969,10.5061282],[123.719927,10.50614],[123.7198882,10.5062355],[123.7197564,10.5061838],[123.7197878,10.5061064]]]},"properties":{"id":"ms-439","kind":"building","storeys":1,"origin":"ai","edited":false,"source":"Microsoft Global ML Building Footprints 2026-02-03 (ODbL)"}},{"type":"Feature","geometry":{"type":"Polygon","coordinates":[[[123.7200078,10.5069605],[123.7200259,10.506921],[123.7201285,10.5069664],[123.7201105,10.5070059],[123.7200078,10.5069605]]]},"properties":{"id":"ms-440","kind":"building","storeys":1,"origin":"ai","edited":false,"source":"Microsoft Global ML Building Footprints 2026-02-03 (ODbL)"}},{"type":"Feature","geometry":{"type":"Polygon","coordinates":[[[123.7128583,10.5055545],[123.712934,10.5055701],[123.7129232,10.5056206],[123.7128475,10.505605],[123.7128583,10.5055545]]]},"properties":{"id":"ms-441","kind":"building","storeys":1,"origin":"ai","edited":false,"source":"Microsoft Global ML Building Footprints 2026-02-03 (ODbL)"}},{"type":"Feature","geometry":{"type":"Polygon","coordinates":[[[123.7135315,10.506902],[123.7134938,10.5069683],[123.7134377,10.5069375],[123.7135445,10.5067497],[123.7136405,10.5068025],[123.7135715,10.506924],[123.7135315,10.506902]]]},"properties":{"id":"ms-442","kind":"building","storeys":1,"origin":"ai","edited":false,"source":"Microsoft Global ML Building Footprints 2026-02-03 (ODbL)"}},{"type":"Feature","geometry":{"type":"Polygon","coordinates":[[[123.7152999,10.5045436],[123.715346,10.5045602],[123.7153208,10.5046276],[123.7152746,10.5046109],[123.7152999,10.5045436]]]},"properties":{"id":"ms-443","kind":"building","storeys":1,"origin":"ai","edited":false,"source":"Microsoft Global ML Building Footprints 2026-02-03 (ODbL)"}},{"type":"Feature","geometry":{"type":"Polygon","coordinates":[[[123.7160603,10.5041599],[123.7161181,10.5040688],[123.7161953,10.5041161],[123.7161375,10.5042072],[123.7160603,10.5041599]]]},"properties":{"id":"ms-444","kind":"building","storeys":1,"origin":"ai","edited":false,"source":"Microsoft Global ML Building Footprints 2026-02-03 (ODbL)"}},{"type":"Feature","geometry":{"type":"Polygon","coordinates":[[[123.7179517,10.5067223],[123.7179722,10.5066693],[123.7181806,10.5067475],[123.7181601,10.5068005],[123.7179517,10.5067223]]]},"properties":{"id":"ms-445","kind":"building","storeys":1,"origin":"ai","edited":false,"source":"Microsoft Global ML Building Footprints 2026-02-03 (ODbL)"}},{"type":"Feature","geometry":{"type":"Polygon","coordinates":[[[123.7193481,10.5119439],[123.7193026,10.5119206],[123.7192817,10.51196],[123.7192239,10.5119304],[123.719274,10.5118358],[123.7193773,10.5118888],[123.7193481,10.5119439]]]},"properties":{"id":"ms-446","kind":"building","storeys":1,"origin":"ai","edited":false,"source":"Microsoft Global ML Building Footprints 2026-02-03 (ODbL)"}},{"type":"Feature","geometry":{"type":"Polygon","coordinates":[[[123.7121795,10.5031546],[123.7121874,10.5030949],[123.7122323,10.5031008],[123.7122243,10.5031604],[123.7121795,10.5031546]]]},"properties":{"id":"ms-447","kind":"building","storeys":1,"origin":"ai","edited":false,"source":"Microsoft Global ML Building Footprints 2026-02-03 (ODbL)"}},{"type":"Feature","geometry":{"type":"Polygon","coordinates":[[[123.7145995,10.5115132],[123.714637,10.5115148],[123.7146341,10.5115843],[123.7145966,10.5115828],[123.7145995,10.5115132]]]},"properties":{"id":"ms-448","kind":"building","storeys":1,"origin":"ai","edited":false,"source":"Microsoft Global ML Building Footprints 2026-02-03 (ODbL)"}},{"type":"Feature","geometry":{"type":"Polygon","coordinates":[[[123.71581,10.5104456],[123.715876,10.5104464],[123.7158745,10.5105545],[123.715712,10.5105524],[123.7157126,10.5105102],[123.7158091,10.5105115],[123.71581,10.5104456]]]},"properties":{"id":"ms-449","kind":"building","storeys":1,"origin":"ai","edited":false,"source":"Microsoft Global ML Building Footprints 2026-02-03 (ODbL)"}},{"type":"Feature","geometry":{"type":"Polygon","coordinates":[[[123.7163412,10.5074631],[123.7164327,10.5074808],[123.7164044,10.507622],[123.7162381,10.5075898],[123.7162968,10.5072963],[123.7163717,10.5073107],[123.7163412,10.5074631]]]},"properties":{"id":"ms-450","kind":"building","storeys":1,"origin":"ai","edited":false,"source":"Microsoft Global ML Building Footprints 2026-02-03 (ODbL)"}},{"type":"Feature","geometry":{"type":"Polygon","coordinates":[[[123.716391,10.5072578],[123.7163378,10.5072528],[123.7163454,10.5071744],[123.7163986,10.5071794],[123.716391,10.5072578]]]},"properties":{"id":"ms-451","kind":"building","storeys":1,"origin":"ai","edited":false,"source":"Microsoft Global ML Building Footprints 2026-02-03 (ODbL)"}},{"type":"Feature","geometry":{"type":"Polygon","coordinates":[[[123.7183779,10.5051337],[123.7184093,10.505043],[123.7186053,10.5051085],[123.718574,10.5051992],[123.7183779,10.5051337]]]},"properties":{"id":"ms-452","kind":"building","storeys":1,"origin":"ai","edited":false,"source":"Microsoft Global ML Building Footprints 2026-02-03 (ODbL)"}},{"type":"Feature","geometry":{"type":"Polygon","coordinates":[[[123.7187206,10.5002074],[123.7187336,10.5002719],[123.7186288,10.5002924],[123.7186158,10.5002279],[123.7187206,10.5002074]]]},"properties":{"id":"ms-453","kind":"building","storeys":1,"origin":"ai","edited":false,"source":"Microsoft Global ML Building Footprints 2026-02-03 (ODbL)"}},{"type":"Feature","geometry":{"type":"Polygon","coordinates":[[[123.7141417,10.5114983],[123.7141396,10.5115906],[123.7140913,10.5115895],[123.7140935,10.5114972],[123.7141417,10.5114983]]]},"properties":{"id":"ms-454","kind":"building","storeys":1,"origin":"ai","edited":false,"source":"Microsoft Global ML Building Footprints 2026-02-03 (ODbL)"}},{"type":"Feature","geometry":{"type":"Polygon","coordinates":[[[123.716817,10.5035109],[123.7169241,10.5035638],[123.716893,10.5036249],[123.7167858,10.503572],[123.716817,10.5035109]]]},"properties":{"id":"ms-455","kind":"building","storeys":1,"origin":"ai","edited":false,"source":"Microsoft Global ML Building Footprints 2026-02-03 (ODbL)"}},{"type":"Feature","geometry":{"type":"Polygon","coordinates":[[[123.7169228,10.5017961],[123.7169694,10.5018139],[123.716948,10.5018681],[123.7169014,10.5018503],[123.7169228,10.5017961]]]},"properties":{"id":"ms-456","kind":"building","storeys":1,"origin":"ai","edited":false,"source":"Microsoft Global ML Building Footprints 2026-02-03 (ODbL)"}},{"type":"Feature","geometry":{"type":"Polygon","coordinates":[[[123.7170746,10.5100791],[123.7169666,10.510303],[123.7170489,10.5103414],[123.7169773,10.51049],[123.7168884,10.5104485],[123.7168662,10.5104945],[123.716804,10.5104655],[123.7170418,10.5099725],[123.7172126,10.5100521],[123.7171767,10.5101267],[123.7170746,10.5100791]]]},"properties":{"id":"ms-457","kind":"building","storeys":1,"origin":"ai","edited":false,"source":"Microsoft Global ML Building Footprints 2026-02-03 (ODbL)"}},{"type":"Feature","geometry":{"type":"Polygon","coordinates":[[[123.717312,10.504386],[123.7173421,10.5042226],[123.7174642,10.5042444],[123.7174444,10.5043516],[123.717421,10.5043474],[123.7174107,10.5044036],[123.717312,10.504386]]]},"properties":{"id":"ms-458","kind":"building","storeys":1,"origin":"ai","edited":false,"source":"Microsoft Global ML Building Footprints 2026-02-03 (ODbL)"}},{"type":"Feature","geometry":{"type":"Polygon","coordinates":[[[123.7174215,10.5044013],[123.7174316,10.5043495],[123.7174898,10.5043605],[123.7174796,10.5044123],[123.7174215,10.5044013]]]},"properties":{"id":"ms-459","kind":"building","storeys":1,"origin":"ai","edited":false,"source":"Microsoft Global ML Building Footprints 2026-02-03 (ODbL)"}},{"type":"Feature","geometry":{"type":"Polygon","coordinates":[[[123.7189405,10.5027387],[123.7189045,10.5027367],[123.7189082,10.502672],[123.7189442,10.502674],[123.7189405,10.5027387]]]},"properties":{"id":"ms-460","kind":"building","storeys":1,"origin":"ai","edited":false,"source":"Microsoft Global ML Building Footprints 2026-02-03 (ODbL)"}},{"type":"Feature","geometry":{"type":"Polygon","coordinates":[[[123.71913,10.5025747],[123.7191111,10.5026647],[123.7190248,10.5026473],[123.7190431,10.5025597],[123.7190174,10.5025545],[123.7190361,10.5024649],[123.7190747,10.5024727],[123.7190565,10.5025598],[123.71913,10.5025747]]]},"properties":{"id":"ms-461","kind":"building","storeys":1,"origin":"ai","edited":false,"source":"Microsoft Global ML Building Footprints 2026-02-03 (ODbL)"}},{"type":"Feature","geometry":{"type":"Polygon","coordinates":[[[123.7198748,10.5125058],[123.7199322,10.5125032],[123.719935,10.5125638],[123.7198776,10.5125664],[123.7198748,10.5125058]]]},"properties":{"id":"ms-462","kind":"building","storeys":1,"origin":"ai","edited":false,"source":"Microsoft Global ML Building Footprints 2026-02-03 (ODbL)"}},{"type":"Feature","geometry":{"type":"Polygon","coordinates":[[[123.7122486,10.509107],[123.7122945,10.5090745],[123.7123219,10.5091119],[123.712276,10.5091444],[123.7122486,10.509107]]]},"properties":{"id":"ms-463","kind":"building","storeys":1,"origin":"ai","edited":false,"source":"Microsoft Global ML Building Footprints 2026-02-03 (ODbL)"}},{"type":"Feature","geometry":{"type":"Polygon","coordinates":[[[123.7135271,10.5042753],[123.7133202,10.5047627],[123.7132071,10.5047163],[123.713414,10.5042289],[123.7135271,10.5042753]]]},"properties":{"id":"ms-464","kind":"building","storeys":1,"origin":"ai","edited":false,"source":"Microsoft Global ML Building Footprints 2026-02-03 (ODbL)"}},{"type":"Feature","geometry":{"type":"Polygon","coordinates":[[[123.7148092,10.5044572],[123.7148329,10.5043947],[123.7150177,10.5044626],[123.714994,10.5045251],[123.7148092,10.5044572]]]},"properties":{"id":"ms-465","kind":"building","storeys":1,"origin":"ai","edited":false,"source":"Microsoft Global ML Building Footprints 2026-02-03 (ODbL)"}},{"type":"Feature","geometry":{"type":"Polygon","coordinates":[[[123.715996,10.5103732],[123.716014,10.5103407],[123.7160595,10.5103651],[123.7160415,10.5103976],[123.715996,10.5103732]]]},"properties":{"id":"ms-466","kind":"building","storeys":1,"origin":"ai","edited":false,"source":"Microsoft Global ML Building Footprints 2026-02-03 (ODbL)"}},{"type":"Feature","geometry":{"type":"Polygon","coordinates":[[[123.7165587,10.5073855],[123.7165131,10.5074935],[123.7164628,10.507473],[123.7165083,10.5073649],[123.7165587,10.5073855]]]},"properties":{"id":"ms-467","kind":"building","storeys":1,"origin":"ai","edited":false,"source":"Microsoft Global ML Building Footprints 2026-02-03 (ODbL)"}},{"type":"Feature","geometry":{"type":"Polygon","coordinates":[[[123.7177557,10.5007288],[123.7177885,10.5008141],[123.7176783,10.5008552],[123.7176454,10.5007698],[123.7177557,10.5007288]]]},"properties":{"id":"ms-468","kind":"building","storeys":1,"origin":"ai","edited":false,"source":"Microsoft Global ML Building Footprints 2026-02-03 (ODbL)"}},{"type":"Feature","geometry":{"type":"Polygon","coordinates":[[[123.7114865,10.5084873],[123.7115398,10.5084997],[123.7115206,10.5085796],[123.7115333,10.5085826],[123.7115039,10.508705],[123.7114378,10.5086896],[123.7114865,10.5084873]]]},"properties":{"id":"ms-469","kind":"building","storeys":1,"origin":"ai","edited":false,"source":"Microsoft Global ML Building Footprints 2026-02-03 (ODbL)"}},{"type":"Feature","geometry":{"type":"Polygon","coordinates":[[[123.7118855,10.5103286],[123.7118867,10.510417],[123.7117848,10.5104183],[123.7117836,10.51033],[123.7118855,10.5103286]]]},"properties":{"id":"ms-470","kind":"building","storeys":1,"origin":"ai","edited":false,"source":"Microsoft Global ML Building Footprints 2026-02-03 (ODbL)"}},{"type":"Feature","geometry":{"type":"Polygon","coordinates":[[[123.7123291,10.5102492],[123.7123337,10.510225],[123.7122559,10.5102108],[123.7122699,10.5101369],[123.7124134,10.5101631],[123.7123949,10.5102612],[123.7123291,10.5102492]]]},"properties":{"id":"ms-471","kind":"building","storeys":1,"origin":"ai","edited":false,"source":"Microsoft Global ML Building Footprints 2026-02-03 (ODbL)"}},{"type":"Feature","geometry":{"type":"Polygon","coordinates":[[[123.7136093,10.506643],[123.7137736,10.5067055],[123.7137396,10.5067916],[123.7135754,10.5067291],[123.7136093,10.506643]]]},"properties":{"id":"ms-472","kind":"building","storeys":1,"origin":"ai","edited":false,"source":"Microsoft Global ML Building Footprints 2026-02-03 (ODbL)"}},{"type":"Feature","geometry":{"type":"Polygon","coordinates":[[[123.7144658,10.5081363],[123.7145499,10.5081389],[123.7145468,10.508239],[123.7144626,10.5082365],[123.7144658,10.5081363]]]},"properties":{"id":"ms-473","kind":"building","storeys":1,"origin":"ai","edited":false,"source":"Microsoft Global ML Building Footprints 2026-02-03 (ODbL)"}},{"type":"Feature","geometry":{"type":"Polygon","coordinates":[[[123.7150264,10.5041852],[123.7149803,10.5043202],[123.7148043,10.5042621],[123.7148505,10.504127],[123.7150264,10.5041852]]]},"properties":{"id":"ms-474","kind":"building","storeys":1,"origin":"ai","edited":false,"source":"Microsoft Global ML Building Footprints 2026-02-03 (ODbL)"}},{"type":"Feature","geometry":{"type":"Polygon","coordinates":[[[123.7152007,10.5075742],[123.7152802,10.5075943],[123.7152679,10.5076413],[123.7151884,10.5076212],[123.7152007,10.5075742]]]},"properties":{"id":"ms-475","kind":"building","storeys":1,"origin":"ai","edited":false,"source":"Microsoft Global ML Building Footprints 2026-02-03 (ODbL)"}},{"type":"Feature","geometry":{"type":"Polygon","coordinates":[[[123.7176382,10.5042302],[123.7176836,10.5041574],[123.7177021,10.5041685],[123.7177869,10.5040324],[123.7178454,10.5040677],[123.7176877,10.5043207],[123.7175931,10.5042638],[123.7176206,10.5042197],[123.7176382,10.5042302]]]},"properties":{"id":"ms-476","kind":"building","storeys":1,"origin":"ai","edited":false,"source":"Microsoft Global ML Building Footprints 2026-02-03 (ODbL)"}},{"type":"Feature","geometry":{"type":"Polygon","coordinates":[[[123.7177826,10.5100477],[123.7178451,10.5100753],[123.7177628,10.5102552],[123.7177004,10.5102276],[123.7177826,10.5100477]]]},"properties":{"id":"ms-477","kind":"building","storeys":1,"origin":"ai","edited":false,"source":"Microsoft Global ML Building Footprints 2026-02-03 (ODbL)"}},{"type":"Feature","geometry":{"type":"Polygon","coordinates":[[[123.7186649,10.5083885],[123.7186163,10.5083647],[123.7186708,10.508257],[123.7187194,10.5082808],[123.7186649,10.5083885]]]},"properties":{"id":"ms-478","kind":"building","storeys":1,"origin":"ai","edited":false,"source":"Microsoft Global ML Building Footprints 2026-02-03 (ODbL)"}},{"type":"Feature","geometry":{"type":"Polygon","coordinates":[[[123.7188939,10.5027327],[123.7188488,10.5027242],[123.7188612,10.5026606],[123.7189063,10.5026691],[123.7188939,10.5027327]]]},"properties":{"id":"ms-479","kind":"building","storeys":1,"origin":"ai","edited":false,"source":"Microsoft Global ML Building Footprints 2026-02-03 (ODbL)"}},{"type":"Feature","geometry":{"type":"Polygon","coordinates":[[[123.7196691,10.5123074],[123.7196305,10.5123089],[123.7196283,10.5122536],[123.7196669,10.5122522],[123.7196691,10.5123074]]]},"properties":{"id":"ms-480","kind":"building","storeys":1,"origin":"ai","edited":false,"source":"Microsoft Global ML Building Footprints 2026-02-03 (ODbL)"}},{"type":"Feature","geometry":{"type":"Polygon","coordinates":[[[123.7199599,10.5029085],[123.7199455,10.5029572],[123.7199109,10.5029473],[123.7199252,10.5028986],[123.7199599,10.5029085]]]},"properties":{"id":"ms-481","kind":"building","storeys":1,"origin":"ai","edited":false,"source":"Microsoft Global ML Building Footprints 2026-02-03 (ODbL)"}},{"type":"Feature","geometry":{"type":"Polygon","coordinates":[[[123.7118296,10.5072628],[123.7118742,10.5071995],[123.7119384,10.5072432],[123.7118938,10.5073065],[123.7118296,10.5072628]]]},"properties":{"id":"ms-482","kind":"building","storeys":1,"origin":"ai","edited":false,"source":"Microsoft Global ML Building Footprints 2026-02-03 (ODbL)"}},{"type":"Feature","geometry":{"type":"Polygon","coordinates":[[[123.7153672,10.5007731],[123.7151849,10.5007699],[123.7151877,10.500617],[123.71537,10.5006202],[123.7153672,10.5007731]]]},"properties":{"id":"ms-483","kind":"building","storeys":1,"origin":"ai","edited":false,"source":"Microsoft Global ML Building Footprints 2026-02-03 (ODbL)"}},{"type":"Feature","geometry":{"type":"Polygon","coordinates":[[[123.715617,10.5100597],[123.7155727,10.5101494],[123.7155271,10.5101276],[123.7155714,10.5100379],[123.715617,10.5100597]]]},"properties":{"id":"ms-484","kind":"building","storeys":1,"origin":"ai","edited":false,"source":"Microsoft Global ML Building Footprints 2026-02-03 (ODbL)"}},{"type":"Feature","geometry":{"type":"Polygon","coordinates":[[[123.7160158,10.512983],[123.7160613,10.5129675],[123.7160788,10.5130168],[123.7160333,10.5130324],[123.7160158,10.512983]]]},"properties":{"id":"ms-485","kind":"building","storeys":1,"origin":"ai","edited":false,"source":"Microsoft Global ML Building Footprints 2026-02-03 (ODbL)"}},{"type":"Feature","geometry":{"type":"Polygon","coordinates":[[[123.7167218,10.5080781],[123.7168476,10.5080841],[123.7168419,10.5082008],[123.716776,10.5081977],[123.7167776,10.5081661],[123.7167176,10.5081633],[123.7167218,10.5080781]]]},"properties":{"id":"ms-486","kind":"building","storeys":1,"origin":"ai","edited":false,"source":"Microsoft Global ML Building Footprints 2026-02-03 (ODbL)"}},{"type":"Feature","geometry":{"type":"Polygon","coordinates":[[[123.7172113,10.5036886],[123.7173583,10.5036973],[123.7173541,10.5037657],[123.7172071,10.5037569],[123.7172113,10.5036886]]]},"properties":{"id":"ms-487","kind":"building","storeys":1,"origin":"ai","edited":false,"source":"Microsoft Global ML Building Footprints 2026-02-03 (ODbL)"}},{"type":"Feature","geometry":{"type":"Polygon","coordinates":[[[123.7193958,10.5029638],[123.7194021,10.5029091],[123.7194563,10.5029151],[123.7194501,10.5029698],[123.7193958,10.5029638]]]},"properties":{"id":"ms-488","kind":"building","storeys":1,"origin":"ai","edited":false,"source":"Microsoft Global ML Building Footprints 2026-02-03 (ODbL)"}},{"type":"Feature","geometry":{"type":"Polygon","coordinates":[[[123.7123834,10.5083999],[123.7123631,10.5084417],[123.7123093,10.5084165],[123.7123295,10.5083746],[123.7123834,10.5083999]]]},"properties":{"id":"ms-489","kind":"building","storeys":1,"origin":"ai","edited":false,"source":"Microsoft Global ML Building Footprints 2026-02-03 (ODbL)"}},{"type":"Feature","geometry":{"type":"Polygon","coordinates":[[[123.715657,10.5016315],[123.7156554,10.5016869],[123.7155965,10.5016853],[123.715598,10.50163],[123.715657,10.5016315]]]},"properties":{"id":"ms-490","kind":"building","storeys":1,"origin":"ai","edited":false,"source":"Microsoft Global ML Building Footprints 2026-02-03 (ODbL)"}},{"type":"Feature","geometry":{"type":"Polygon","coordinates":[[[123.7161602,10.5085705],[123.7161309,10.5086528],[123.715978,10.5086002],[123.7160072,10.5085179],[123.7161602,10.5085705]]]},"properties":{"id":"ms-491","kind":"building","storeys":1,"origin":"ai","edited":false,"source":"Microsoft Global ML Building Footprints 2026-02-03 (ODbL)"}},{"type":"Feature","geometry":{"type":"Polygon","coordinates":[[[123.7162142,10.5142852],[123.7162111,10.5143659],[123.7161213,10.5143625],[123.7161244,10.5142819],[123.7162142,10.5142852]]]},"properties":{"id":"ms-492","kind":"building","storeys":1,"origin":"ai","edited":false,"source":"Microsoft Global ML Building Footprints 2026-02-03 (ODbL)"}},{"type":"Feature","geometry":{"type":"Polygon","coordinates":[[[123.7164201,10.5052429],[123.7165262,10.5052779],[123.7165141,10.5053134],[123.7165696,10.5053317],[123.7165251,10.5054621],[123.7166602,10.5055066],[123.7166375,10.505573],[123.7163409,10.5054752],[123.7164201,10.5052429]]]},"properties":{"id":"ms-493","kind":"building","storeys":1,"origin":"ai","edited":false,"source":"Microsoft Global ML Building Footprints 2026-02-03 (ODbL)"}},{"type":"Feature","geometry":{"type":"Polygon","coordinates":[[[123.7119035,10.5096155],[123.7119539,10.5096431],[123.7119289,10.5096874],[123.7118784,10.5096598],[123.7119035,10.5096155]]]},"properties":{"id":"ms-494","kind":"building","storeys":1,"origin":"ai","edited":false,"source":"Microsoft Global ML Building Footprints 2026-02-03 (ODbL)"}},{"type":"Feature","geometry":{"type":"Polygon","coordinates":[[[123.7131698,10.5036129],[123.7131411,10.5037244],[123.7130831,10.50371],[123.7131118,10.5035985],[123.7131698,10.5036129]]]},"properties":{"id":"ms-495","kind":"building","storeys":1,"origin":"ai","edited":false,"source":"Microsoft Global ML Building Footprints 2026-02-03 (ODbL)"}},{"type":"Feature","geometry":{"type":"Polygon","coordinates":[[[123.7139197,10.5073259],[123.7139568,10.5073434],[123.7139328,10.5073927],[123.7138957,10.5073753],[123.7139197,10.5073259]]]},"properties":{"id":"ms-496","kind":"building","storeys":1,"origin":"ai","edited":false,"source":"Microsoft Global ML Building Footprints 2026-02-03 (ODbL)"}},{"type":"Feature","geometry":{"type":"Polygon","coordinates":[[[123.7146326,10.5009309],[123.7147345,10.5009297],[123.7147354,10.5010061],[123.7146335,10.5010073],[123.7146326,10.5009309]]]},"properties":{"id":"ms-497","kind":"building","storeys":1,"origin":"ai","edited":false,"source":"Microsoft Global ML Building Footprints 2026-02-03 (ODbL)"}},{"type":"Feature","geometry":{"type":"Polygon","coordinates":[[[123.7148685,10.5075074],[123.7148786,10.5072916],[123.7149723,10.5072958],[123.7149622,10.5075116],[123.7148685,10.5075074]]]},"properties":{"id":"ms-498","kind":"building","storeys":1,"origin":"ai","edited":false,"source":"Microsoft Global ML Building Footprints 2026-02-03 (ODbL)"}},{"type":"Feature","geometry":{"type":"Polygon","coordinates":[[[123.7150569,10.5078183],[123.7153944,10.5078064],[123.7153994,10.5079434],[123.7150618,10.5079552],[123.7150569,10.5078183]]]},"properties":{"id":"ms-499","kind":"building","storeys":1,"origin":"ai","edited":false,"source":"Microsoft Global ML Building Footprints 2026-02-03 (ODbL)"}},{"type":"Feature","geometry":{"type":"Polygon","coordinates":[[[123.7154808,10.5063516],[123.7154634,10.5063836],[123.7154155,10.5063583],[123.715433,10.5063263],[123.7154808,10.5063516]]]},"properties":{"id":"ms-500","kind":"building","storeys":1,"origin":"ai","edited":false,"source":"Microsoft Global ML Building Footprints 2026-02-03 (ODbL)"}},{"type":"Feature","geometry":{"type":"Polygon","coordinates":[[[123.7158353,10.5027121],[123.715842,10.5025357],[123.7159223,10.5025386],[123.7159156,10.5027151],[123.7158353,10.5027121]]]},"properties":{"id":"ms-501","kind":"building","storeys":1,"origin":"ai","edited":false,"source":"Microsoft Global ML Building Footprints 2026-02-03 (ODbL)"}},{"type":"Feature","geometry":{"type":"Polygon","coordinates":[[[123.7202456,10.5062947],[123.7202787,10.5062467],[123.720331,10.5062815],[123.7202979,10.5063295],[123.7202456,10.5062947]]]},"properties":{"id":"ms-502","kind":"building","storeys":1,"origin":"ai","edited":false,"source":"Microsoft Global ML Building Footprints 2026-02-03 (ODbL)"}},{"type":"Feature","geometry":{"type":"Polygon","coordinates":[[[123.7112737,10.5088081],[123.7113089,10.5088476],[123.711261,10.5088889],[123.7112258,10.5088495],[123.7112737,10.5088081]]]},"properties":{"id":"ms-503","kind":"building","storeys":1,"origin":"ai","edited":false,"source":"Microsoft Global ML Building Footprints 2026-02-03 (ODbL)"}},{"type":"Feature","geometry":{"type":"Polygon","coordinates":[[[123.7115347,10.5107838],[123.7118162,10.5107895],[123.7118146,10.510866],[123.7115331,10.5108603],[123.7115347,10.5107838]]]},"properties":{"id":"ms-504","kind":"building","storeys":1,"origin":"ai","edited":false,"source":"Microsoft Global ML Building Footprints 2026-02-03 (ODbL)"}},{"type":"Feature","geometry":{"type":"Polygon","coordinates":[[[123.7139995,10.5038843],[123.7141137,10.5039138],[123.7140993,10.5039681],[123.7139851,10.5039386],[123.7139995,10.5038843]]]},"properties":{"id":"ms-505","kind":"building","storeys":1,"origin":"ai","edited":false,"source":"Microsoft Global ML Building Footprints 2026-02-03 (ODbL)"}},{"type":"Feature","geometry":{"type":"Polygon","coordinates":[[[123.714099,10.502112],[123.7141216,10.5021132],[123.7141247,10.5020527],[123.7141836,10.5020556],[123.7141764,10.502195],[123.7140949,10.502191],[123.714099,10.502112]]]},"properties":{"id":"ms-506","kind":"building","storeys":1,"origin":"ai","edited":false,"source":"Microsoft Global ML Building Footprints 2026-02-03 (ODbL)"}},{"type":"Feature","geometry":{"type":"Polygon","coordinates":[[[123.7161776,10.5065273],[123.7161048,10.5065085],[123.7161213,10.5064468],[123.716194,10.5064656],[123.7161776,10.5065273]]]},"properties":{"id":"ms-507","kind":"building","storeys":1,"origin":"ai","edited":false,"source":"Microsoft Global ML Building Footprints 2026-02-03 (ODbL)"}},{"type":"Feature","geometry":{"type":"Polygon","coordinates":[[[123.7165258,10.5095157],[123.716574,10.5095167],[123.7165723,10.5095958],[123.716524,10.5095947],[123.7165258,10.5095157]]]},"properties":{"id":"ms-508","kind":"building","storeys":1,"origin":"ai","edited":false,"source":"Microsoft Global ML Building Footprints 2026-02-03 (ODbL)"}},{"type":"Feature","geometry":{"type":"Polygon","coordinates":[[[123.7168206,10.505838],[123.7168827,10.5058594],[123.7168473,10.5059589],[123.7167852,10.5059376],[123.7168206,10.505838]]]},"properties":{"id":"ms-509","kind":"building","storeys":1,"origin":"ai","edited":false,"source":"Microsoft Global ML Building Footprints 2026-02-03 (ODbL)"}},{"type":"Feature","geometry":{"type":"Polygon","coordinates":[[[123.7172373,10.5041215],[123.7172422,10.5039739],[123.7173521,10.5039775],[123.7173471,10.504125],[123.7172373,10.5041215]]]},"properties":{"id":"ms-510","kind":"building","storeys":1,"origin":"ai","edited":false,"source":"Microsoft Global ML Building Footprints 2026-02-03 (ODbL)"}},{"type":"Feature","geometry":{"type":"Polygon","coordinates":[[[123.7173924,10.5020087],[123.7173924,10.502035],[123.7172073,10.502035],[123.7172073,10.5019586],[123.7173629,10.5019586],[123.7173629,10.5020087],[123.7173924,10.5020087]]]},"properties":{"id":"ms-511","kind":"building","storeys":1,"origin":"ai","edited":false,"source":"Microsoft Global ML Building Footprints 2026-02-03 (ODbL)"}},{"type":"Feature","geometry":{"type":"Polygon","coordinates":[[[123.7175143,10.5033483],[123.7174892,10.5033926],[123.7174492,10.5033707],[123.7174743,10.5033264],[123.7175143,10.5033483]]]},"properties":{"id":"ms-512","kind":"building","storeys":1,"origin":"ai","edited":false,"source":"Microsoft Global ML Building Footprints 2026-02-03 (ODbL)"}},{"type":"Feature","geometry":{"type":"Polygon","coordinates":[[[123.718045,10.5096915],[123.7180196,10.5097822],[123.7179638,10.5097672],[123.7179892,10.5096764],[123.718045,10.5096915]]]},"properties":{"id":"ms-513","kind":"building","storeys":1,"origin":"ai","edited":false,"source":"Microsoft Global ML Building Footprints 2026-02-03 (ODbL)"}},{"type":"Feature","geometry":{"type":"Polygon","coordinates":[[[123.7111666,10.5108068],[123.7111519,10.5108581],[123.7111121,10.5108471],[123.7111268,10.5107958],[123.7111666,10.5108068]]]},"properties":{"id":"ms-514","kind":"building","storeys":1,"origin":"ai","edited":false,"source":"Microsoft Global ML Building Footprints 2026-02-03 (ODbL)"}},{"type":"Feature","geometry":{"type":"Polygon","coordinates":[[[123.7124129,10.5096816],[123.7124303,10.5096634],[123.7123974,10.5096331],[123.7124269,10.5096023],[123.7125539,10.5097194],[123.7125071,10.5097685],[123.7124129,10.5096816]]]},"properties":{"id":"ms-515","kind":"building","storeys":1,"origin":"ai","edited":false,"source":"Microsoft Global ML Building Footprints 2026-02-03 (ODbL)"}},{"type":"Feature","geometry":{"type":"Polygon","coordinates":[[[123.7149894,10.504318],[123.7150356,10.504189],[123.7151239,10.5042196],[123.7150777,10.5043486],[123.7149894,10.504318]]]},"properties":{"id":"ms-516","kind":"building","storeys":1,"origin":"ai","edited":false,"source":"Microsoft Global ML Building Footprints 2026-02-03 (ODbL)"}},{"type":"Feature","geometry":{"type":"Polygon","coordinates":[[[123.715629,10.5014537],[123.7156258,10.50138],[123.7157489,10.5013747],[123.7157522,10.5014484],[123.715629,10.5014537]]]},"properties":{"id":"ms-517","kind":"building","storeys":1,"origin":"ai","edited":false,"source":"Microsoft Global ML Building Footprints 2026-02-03 (ODbL)"}},{"type":"Feature","geometry":{"type":"Polygon","coordinates":[[[123.7159699,10.5144272],[123.7160208,10.5144299],[123.7160176,10.5144868],[123.7159668,10.514484],[123.7159699,10.5144272]]]},"properties":{"id":"ms-518","kind":"building","storeys":1,"origin":"ai","edited":false,"source":"Microsoft Global ML Building Footprints 2026-02-03 (ODbL)"}},{"type":"Feature","geometry":{"type":"Polygon","coordinates":[[[123.7163123,10.5060606],[123.716321,10.5059985],[123.7163932,10.5060083],[123.7163845,10.5060704],[123.7163123,10.5060606]]]},"properties":{"id":"ms-519","kind":"building","storeys":1,"origin":"ai","edited":false,"source":"Microsoft Global ML Building Footprints 2026-02-03 (ODbL)"}},{"type":"Feature","geometry":{"type":"Polygon","coordinates":[[[123.7174014,10.5028035],[123.7173545,10.5028015],[123.7173573,10.5027357],[123.7174042,10.5027377],[123.7174014,10.5028035]]]},"properties":{"id":"ms-520","kind":"building","storeys":1,"origin":"ai","edited":false,"source":"Microsoft Global ML Building Footprints 2026-02-03 (ODbL)"}},{"type":"Feature","geometry":{"type":"Polygon","coordinates":[[[123.7174388,10.5065502],[123.717475,10.5065572],[123.7174694,10.5065851],[123.7175133,10.5065937],[123.7174975,10.5066723],[123.7174252,10.5066583],[123.7174349,10.5066101],[123.7174271,10.5066086],[123.7174388,10.5065502]]]},"properties":{"id":"ms-521","kind":"building","storeys":1,"origin":"ai","edited":false,"source":"Microsoft Global ML Building Footprints 2026-02-03 (ODbL)"}},{"type":"Feature","geometry":{"type":"Polygon","coordinates":[[[123.7177906,10.5020866],[123.7177265,10.5020828],[123.7177314,10.502003],[123.7176619,10.5019989],[123.7176659,10.5019332],[123.7177995,10.5019411],[123.7177906,10.5020866]]]},"properties":{"id":"ms-522","kind":"building","storeys":1,"origin":"ai","edited":false,"source":"Microsoft Global ML Building Footprints 2026-02-03 (ODbL)"}},{"type":"Feature","geometry":{"type":"Polygon","coordinates":[[[123.7187096,10.5024284],[123.7186619,10.5025069],[123.7185868,10.5024628],[123.7186345,10.5023842],[123.7187096,10.5024284]]]},"properties":{"id":"ms-523","kind":"building","storeys":1,"origin":"ai","edited":false,"source":"Microsoft Global ML Building Footprints 2026-02-03 (ODbL)"}},{"type":"Feature","geometry":{"type":"Polygon","coordinates":[[[123.7141741,10.5090717],[123.7143279,10.5088132],[123.7144039,10.5088569],[123.7142501,10.5091154],[123.7141741,10.5090717]]]},"properties":{"id":"ms-524","kind":"building","storeys":1,"origin":"ai","edited":false,"source":"Microsoft Global ML Building Footprints 2026-02-03 (ODbL)"}},{"type":"Feature","geometry":{"type":"Polygon","coordinates":[[[123.715706,10.501522],[123.7158224,10.5015248],[123.7158189,10.5016603],[123.7157025,10.5016574],[123.715706,10.501522]]]},"properties":{"id":"ms-525","kind":"building","storeys":1,"origin":"ai","edited":false,"source":"Microsoft Global ML Building Footprints 2026-02-03 (ODbL)"}},{"type":"Feature","geometry":{"type":"Polygon","coordinates":[[[123.7169762,10.5004023],[123.7170057,10.5004468],[123.7169661,10.5004721],[123.7169367,10.5004277],[123.7169762,10.5004023]]]},"properties":{"id":"ms-526","kind":"building","storeys":1,"origin":"ai","edited":false,"source":"Microsoft Global ML Building Footprints 2026-02-03 (ODbL)"}},{"type":"Feature","geometry":{"type":"Polygon","coordinates":[[[123.7175992,10.5137857],[123.7177037,10.5137884],[123.7177011,10.5138817],[123.7175966,10.5138789],[123.7175992,10.5137857]]]},"properties":{"id":"ms-527","kind":"building","storeys":1,"origin":"ai","edited":false,"source":"Microsoft Global ML Building Footprints 2026-02-03 (ODbL)"}},{"type":"Feature","geometry":{"type":"Polygon","coordinates":[[[123.7178111,10.5084594],[123.7178572,10.5084834],[123.7178085,10.5085741],[123.7177623,10.5085501],[123.7178111,10.5084594]]]},"properties":{"id":"ms-528","kind":"building","storeys":1,"origin":"ai","edited":false,"source":"Microsoft Global ML Building Footprints 2026-02-03 (ODbL)"}},{"type":"Feature","geometry":{"type":"Polygon","coordinates":[[[123.7193173,10.5074453],[123.7193037,10.5074379],[123.7192522,10.5075297],[123.7191609,10.5074801],[123.7192465,10.5073277],[123.7193513,10.5073846],[123.7193173,10.5074453]]]},"properties":{"id":"ms-529","kind":"building","storeys":1,"origin":"ai","edited":false,"source":"Microsoft Global ML Building Footprints 2026-02-03 (ODbL)"}},{"type":"Feature","geometry":{"type":"Polygon","coordinates":[[[123.7202046,10.5033044],[123.7201941,10.5033887],[123.7201307,10.503381],[123.7201428,10.5032838],[123.7200966,10.5032782],[123.7201089,10.5031795],[123.7201577,10.5031853],[123.7201438,10.5032971],[123.7202046,10.5033044]]]},"properties":{"id":"ms-530","kind":"building","storeys":1,"origin":"ai","edited":false,"source":"Microsoft Global ML Building Footprints 2026-02-03 (ODbL)"}},{"type":"Feature","geometry":{"type":"Polygon","coordinates":[[[123.7122117,10.5147842],[123.7122614,10.5147764],[123.7122697,10.5148279],[123.71222,10.5148356],[123.7122117,10.5147842]]]},"properties":{"id":"ms-531","kind":"building","storeys":1,"origin":"ai","edited":false,"source":"Microsoft Global ML Building Footprints 2026-02-03 (ODbL)"}},{"type":"Feature","geometry":{"type":"Polygon","coordinates":[[[123.7130293,10.5065683],[123.7130755,10.5065142],[123.7131652,10.5065882],[123.713119,10.5066424],[123.7130293,10.5065683]]]},"properties":{"id":"ms-532","kind":"building","storeys":1,"origin":"ai","edited":false,"source":"Microsoft Global ML Building Footprints 2026-02-03 (ODbL)"}},{"type":"Feature","geometry":{"type":"Polygon","coordinates":[[[123.7130458,10.5067946],[123.7130251,10.5068594],[123.7129284,10.5068296],[123.7129491,10.5067648],[123.7130458,10.5067946]]]},"properties":{"id":"ms-533","kind":"building","storeys":1,"origin":"ai","edited":false,"source":"Microsoft Global ML Building Footprints 2026-02-03 (ODbL)"}},{"type":"Feature","geometry":{"type":"Polygon","coordinates":[[[123.7140778,10.5100954],[123.714169,10.5101044],[123.7141613,10.5101802],[123.71407,10.5101711],[123.7140778,10.5100954]]]},"properties":{"id":"ms-534","kind":"building","storeys":1,"origin":"ai","edited":false,"source":"Microsoft Global ML Building Footprints 2026-02-03 (ODbL)"}},{"type":"Feature","geometry":{"type":"Polygon","coordinates":[[[123.7161922,10.5010266],[123.7160825,10.5010212],[123.7160859,10.5009538],[123.7161154,10.5009553],[123.7161222,10.5008227],[123.7162078,10.500827],[123.7162052,10.500877],[123.7162465,10.500879],[123.7162345,10.5011131],[123.7161879,10.5011108],[123.7161922,10.5010266]]]},"properties":{"id":"ms-535","kind":"building","storeys":1,"origin":"ai","edited":false,"source":"Microsoft Global ML Building Footprints 2026-02-03 (ODbL)"}},{"type":"Feature","geometry":{"type":"Polygon","coordinates":[[[123.7164887,10.5072595],[123.7165431,10.5072639],[123.716537,10.5073372],[123.7164826,10.5073329],[123.7164887,10.5072595]]]},"properties":{"id":"ms-536","kind":"building","storeys":1,"origin":"ai","edited":false,"source":"Microsoft Global ML Building Footprints 2026-02-03 (ODbL)"}},{"type":"Feature","geometry":{"type":"Polygon","coordinates":[[[123.7167777,10.5021375],[123.716774,10.5022851],[123.7167096,10.5022835],[123.7167134,10.5021359],[123.7167777,10.5021375]]]},"properties":{"id":"ms-537","kind":"building","storeys":1,"origin":"ai","edited":false,"source":"Microsoft Global ML Building Footprints 2026-02-03 (ODbL)"}},{"type":"Feature","geometry":{"type":"Polygon","coordinates":[[[123.7194697,10.5073213],[123.7195398,10.5073704],[123.7194797,10.5074534],[123.7194096,10.5074043],[123.7194697,10.5073213]]]},"properties":{"id":"ms-538","kind":"building","storeys":1,"origin":"ai","edited":false,"source":"Microsoft Global ML Building Footprints 2026-02-03 (ODbL)"}},{"type":"Feature","geometry":{"type":"Polygon","coordinates":[[[123.7201175,10.5000544],[123.7201175,10.5000887],[123.7200505,10.5000887],[123.7200505,10.5000544],[123.7201175,10.5000544]]]},"properties":{"id":"ms-539","kind":"building","storeys":1,"origin":"ai","edited":false,"source":"Microsoft Global ML Building Footprints 2026-02-03 (ODbL)"}},{"type":"Feature","geometry":{"type":"Polygon","coordinates":[[[123.7204627,10.5044229],[123.7204036,10.5045063],[123.7202476,10.5043992],[123.7203067,10.5043159],[123.7204627,10.5044229]]]},"properties":{"id":"ms-540","kind":"building","storeys":1,"origin":"ai","edited":false,"source":"Microsoft Global ML Building Footprints 2026-02-03 (ODbL)"}},{"type":"Feature","geometry":{"type":"Polygon","coordinates":[[[123.7125254,10.5062607],[123.7126213,10.5062892],[123.7126053,10.5063412],[123.7125094,10.5063128],[123.7125254,10.5062607]]]},"properties":{"id":"ms-541","kind":"building","storeys":1,"origin":"ai","edited":false,"source":"Microsoft Global ML Building Footprints 2026-02-03 (ODbL)"}},{"type":"Feature","geometry":{"type":"Polygon","coordinates":[[[123.7134756,10.5089302],[123.7134578,10.5089197],[123.7134813,10.5088808],[123.7135586,10.508926],[123.7134713,10.5090701],[123.7134119,10.5090353],[123.7134756,10.5089302]]]},"properties":{"id":"ms-542","kind":"building","storeys":1,"origin":"ai","edited":false,"source":"Microsoft Global ML Building Footprints 2026-02-03 (ODbL)"}},{"type":"Feature","geometry":{"type":"Polygon","coordinates":[[[123.7144571,10.5109031],[123.7145104,10.5108905],[123.7145195,10.5109279],[123.7144663,10.5109405],[123.7144571,10.5109031]]]},"properties":{"id":"ms-543","kind":"building","storeys":1,"origin":"ai","edited":false,"source":"Microsoft Global ML Building Footprints 2026-02-03 (ODbL)"}},{"type":"Feature","geometry":{"type":"Polygon","coordinates":[[[123.7152196,10.500303],[123.7153332,10.5002992],[123.7153373,10.5004177],[123.7152237,10.5004215],[123.7152196,10.500303]]]},"properties":{"id":"ms-544","kind":"building","storeys":1,"origin":"ai","edited":false,"source":"Microsoft Global ML Building Footprints 2026-02-03 (ODbL)"}},{"type":"Feature","geometry":{"type":"Polygon","coordinates":[[[123.7191081,10.51178],[123.7191702,10.5118132],[123.7191364,10.5118743],[123.7190743,10.5118411],[123.7191081,10.51178]]]},"properties":{"id":"ms-545","kind":"building","storeys":1,"origin":"ai","edited":false,"source":"Microsoft Global ML Building Footprints 2026-02-03 (ODbL)"}},{"type":"Feature","geometry":{"type":"Polygon","coordinates":[[[123.7110582,10.5089642],[123.711016,10.5089882],[123.7109817,10.5089298],[123.7110239,10.5089058],[123.7110582,10.5089642]]]},"properties":{"id":"ms-546","kind":"building","storeys":1,"origin":"ai","edited":false,"source":"Microsoft Global ML Building Footprints 2026-02-03 (ODbL)"}},{"type":"Feature","geometry":{"type":"Polygon","coordinates":[[[123.7124842,10.5097694],[123.7124744,10.5098285],[123.7124431,10.5098235],[123.7124337,10.50988],[123.7123945,10.5098737],[123.7124136,10.5097581],[123.7124842,10.5097694]]]},"properties":{"id":"ms-547","kind":"building","storeys":1,"origin":"ai","edited":false,"source":"Microsoft Global ML Building Footprints 2026-02-03 (ODbL)"}},{"type":"Feature","geometry":{"type":"Polygon","coordinates":[[[123.7128964,10.5044114],[123.7128798,10.5044507],[123.7128066,10.5044208],[123.7128231,10.5043815],[123.7128964,10.5044114]]]},"properties":{"id":"ms-548","kind":"building","storeys":1,"origin":"ai","edited":false,"source":"Microsoft Global ML Building Footprints 2026-02-03 (ODbL)"}},{"type":"Feature","geometry":{"type":"Polygon","coordinates":[[[123.714815,10.5025467],[123.7149195,10.5025487],[123.7149172,10.5026715],[123.7148126,10.5026695],[123.714815,10.5025467]]]},"properties":{"id":"ms-549","kind":"building","storeys":1,"origin":"ai","edited":false,"source":"Microsoft Global ML Building Footprints 2026-02-03 (ODbL)"}},{"type":"Feature","geometry":{"type":"Polygon","coordinates":[[[123.7152461,10.5144161],[123.7151434,10.5144231],[123.7151342,10.5142946],[123.7152369,10.5142875],[123.7152461,10.5144161]]]},"properties":{"id":"ms-550","kind":"building","storeys":1,"origin":"ai","edited":false,"source":"Microsoft Global ML Building Footprints 2026-02-03 (ODbL)"}},{"type":"Feature","geometry":{"type":"Polygon","coordinates":[[[123.7152864,10.5037618],[123.7153407,10.5037723],[123.7153272,10.5038398],[123.7154073,10.5038552],[123.7153939,10.5039223],[123.7152596,10.5038964],[123.7152864,10.5037618]]]},"properties":{"id":"ms-551","kind":"building","storeys":1,"origin":"ai","edited":false,"source":"Microsoft Global ML Building Footprints 2026-02-03 (ODbL)"}},{"type":"Feature","geometry":{"type":"Polygon","coordinates":[[[123.7152933,10.5010362],[123.7152462,10.5010339],[123.7152497,10.5009629],[123.7152968,10.5009651],[123.7152933,10.5010362]]]},"properties":{"id":"ms-552","kind":"building","storeys":1,"origin":"ai","edited":false,"source":"Microsoft Global ML Building Footprints 2026-02-03 (ODbL)"}},{"type":"Feature","geometry":{"type":"Polygon","coordinates":[[[123.7166167,10.5068717],[123.7166229,10.5069996],[123.7164768,10.5070064],[123.7164729,10.5069249],[123.716414,10.5069276],[123.7164118,10.5068812],[123.7166167,10.5068717]]]},"properties":{"id":"ms-553","kind":"building","storeys":1,"origin":"ai","edited":false,"source":"Microsoft Global ML Building Footprints 2026-02-03 (ODbL)"}},{"type":"Feature","geometry":{"type":"Polygon","coordinates":[[[123.7173606,10.5021491],[123.7173637,10.5022202],[123.7172914,10.5022232],[123.7172883,10.5021522],[123.7173606,10.5021491]]]},"properties":{"id":"ms-554","kind":"building","storeys":1,"origin":"ai","edited":false,"source":"Microsoft Global ML Building Footprints 2026-02-03 (ODbL)"}},{"type":"Feature","geometry":{"type":"Polygon","coordinates":[[[123.7177174,10.5102912],[123.7176704,10.5103719],[123.7175506,10.5103043],[123.7175976,10.5102237],[123.7177174,10.5102912]]]},"properties":{"id":"ms-555","kind":"building","storeys":1,"origin":"ai","edited":false,"source":"Microsoft Global ML Building Footprints 2026-02-03 (ODbL)"}},{"type":"Feature","geometry":{"type":"Polygon","coordinates":[[[123.719457,10.503253],[123.7196325,10.5032579],[123.7196297,10.5033543],[123.7195534,10.5033522],[123.7195545,10.5033137],[123.7194875,10.5033119],[123.719489,10.5032592],[123.7194045,10.5032568],[123.7194077,10.5031461],[123.71946,10.5031476],[123.719457,10.503253]]]},"properties":{"id":"ms-556","kind":"building","storeys":1,"origin":"ai","edited":false,"source":"Microsoft Global ML Building Footprints 2026-02-03 (ODbL)"}},{"type":"Feature","geometry":{"type":"Polygon","coordinates":[[[123.7196484,10.5002257],[123.7197182,10.5002267],[123.7197171,10.5003016],[123.7196474,10.5003007],[123.7196484,10.5002257]]]},"properties":{"id":"ms-557","kind":"building","storeys":1,"origin":"ai","edited":false,"source":"Microsoft Global ML Building Footprints 2026-02-03 (ODbL)"}},{"type":"Feature","geometry":{"type":"Polygon","coordinates":[[[123.7126046,10.5084409],[123.7126117,10.5083731],[123.7126876,10.5083808],[123.7126805,10.5084486],[123.7126046,10.5084409]]]},"properties":{"id":"ms-558","kind":"building","storeys":1,"origin":"ai","edited":false,"source":"Microsoft Global ML Building Footprints 2026-02-03 (ODbL)"}},{"type":"Feature","geometry":{"type":"Polygon","coordinates":[[[123.7143132,10.5064375],[123.714835,10.5066303],[123.7147908,10.5067458],[123.7143771,10.506593],[123.7143533,10.5066554],[123.7142452,10.5066155],[123.7143132,10.5064375]]]},"properties":{"id":"ms-559","kind":"building","storeys":1,"origin":"ai","edited":false,"source":"Microsoft Global ML Building Footprints 2026-02-03 (ODbL)"}},{"type":"Feature","geometry":{"type":"Polygon","coordinates":[[[123.7150396,10.5107398],[123.7150814,10.510741],[123.7150805,10.5107726],[123.7150028,10.5107705],[123.7150068,10.5106282],[123.715107,10.5106309],[123.7151049,10.5107057],[123.7150406,10.510704],[123.7150396,10.5107398]]]},"properties":{"id":"ms-560","kind":"building","storeys":1,"origin":"ai","edited":false,"source":"Microsoft Global ML Building Footprints 2026-02-03 (ODbL)"}},{"type":"Feature","geometry":{"type":"Polygon","coordinates":[[[123.715195,10.5012104],[123.7151442,10.5012137],[123.7151407,10.5011601],[123.7151914,10.5011569],[123.715195,10.5012104]]]},"properties":{"id":"ms-561","kind":"building","storeys":1,"origin":"ai","edited":false,"source":"Microsoft Global ML Building Footprints 2026-02-03 (ODbL)"}},{"type":"Feature","geometry":{"type":"Polygon","coordinates":[[[123.7159238,10.5136219],[123.7159205,10.5137089],[123.7158482,10.5137062],[123.7158484,10.5137009],[123.7157038,10.5136956],[123.7157069,10.513614],[123.7159238,10.5136219]]]},"properties":{"id":"ms-562","kind":"building","storeys":1,"origin":"ai","edited":false,"source":"Microsoft Global ML Building Footprints 2026-02-03 (ODbL)"}},{"type":"Feature","geometry":{"type":"Polygon","coordinates":[[[123.7169824,10.514405],[123.7170412,10.5144078],[123.7170376,10.5144815],[123.7171393,10.5144864],[123.7171338,10.5145959],[123.717,10.5145895],[123.7170038,10.5145142],[123.716977,10.5145129],[123.7169824,10.514405]]]},"properties":{"id":"ms-563","kind":"building","storeys":1,"origin":"ai","edited":false,"source":"Microsoft Global ML Building Footprints 2026-02-03 (ODbL)"}},{"type":"Feature","geometry":{"type":"Polygon","coordinates":[[[123.7171574,10.5143768],[123.7171541,10.5144778],[123.7170563,10.5144747],[123.7170596,10.5143737],[123.7171574,10.5143768]]]},"properties":{"id":"ms-564","kind":"building","storeys":1,"origin":"ai","edited":false,"source":"Microsoft Global ML Building Footprints 2026-02-03 (ODbL)"}},{"type":"Feature","geometry":{"type":"Polygon","coordinates":[[[123.7202656,10.5130702],[123.7200847,10.5130634],[123.720089,10.5129528],[123.7202699,10.5129596],[123.7202656,10.5130702]]]},"properties":{"id":"ms-565","kind":"building","storeys":1,"origin":"ai","edited":false,"source":"Microsoft Global ML Building Footprints 2026-02-03 (ODbL)"}},{"type":"Feature","geometry":{"type":"Polygon","coordinates":[[[123.7130836,10.5058395],[123.7130489,10.5059149],[123.7129744,10.5058818],[123.7129537,10.5059268],[123.7129035,10.5059044],[123.7129247,10.5058585],[123.7129036,10.5058491],[123.7129278,10.5057966],[123.7130379,10.5058455],[123.713048,10.5058237],[123.7130836,10.5058395]]]},"properties":{"id":"ms-566","kind":"building","storeys":1,"origin":"ai","edited":false,"source":"Microsoft Global ML Building Footprints 2026-02-03 (ODbL)"}},{"type":"Feature","geometry":{"type":"Polygon","coordinates":[[[123.7130892,10.504],[123.7131201,10.5039318],[123.7134008,10.504055],[123.7133699,10.5041232],[123.7130892,10.504]]]},"properties":{"id":"ms-567","kind":"building","storeys":1,"origin":"ai","edited":false,"source":"Microsoft Global ML Building Footprints 2026-02-03 (ODbL)"}},{"type":"Feature","geometry":{"type":"Polygon","coordinates":[[[123.7158172,10.5140454],[123.715718,10.5140427],[123.7157202,10.5139673],[123.7158193,10.51397],[123.7158172,10.5140454]]]},"properties":{"id":"ms-568","kind":"building","storeys":1,"origin":"ai","edited":false,"source":"Microsoft Global ML Building Footprints 2026-02-03 (ODbL)"}},{"type":"Feature","geometry":{"type":"Polygon","coordinates":[[[123.7184711,10.5115966],[123.7185247,10.5115534],[123.7185649,10.5116016],[123.7185114,10.5116448],[123.7184711,10.5115966]]]},"properties":{"id":"ms-569","kind":"building","storeys":1,"origin":"ai","edited":false,"source":"Microsoft Global ML Building Footprints 2026-02-03 (ODbL)"}},{"type":"Feature","geometry":{"type":"Polygon","coordinates":[[[123.7190814,10.5087954],[123.719197,10.5088757],[123.7191414,10.5089531],[123.7190258,10.5088728],[123.7190814,10.5087954]]]},"properties":{"id":"ms-570","kind":"building","storeys":1,"origin":"ai","edited":false,"source":"Microsoft Global ML Building Footprints 2026-02-03 (ODbL)"}},{"type":"Feature","geometry":{"type":"Polygon","coordinates":[[[123.7116569,10.510044],[123.7116809,10.510018],[123.7117265,10.5100587],[123.7117025,10.5100847],[123.7116569,10.510044]]]},"properties":{"id":"ms-571","kind":"building","storeys":1,"origin":"ai","edited":false,"source":"Microsoft Global ML Building Footprints 2026-02-03 (ODbL)"}},{"type":"Feature","geometry":{"type":"Polygon","coordinates":[[[123.7129326,10.5089244],[123.7128839,10.5089892],[123.7128417,10.5089585],[123.7128904,10.5088937],[123.7129326,10.5089244]]]},"properties":{"id":"ms-572","kind":"building","storeys":1,"origin":"ai","edited":false,"source":"Microsoft Global ML Building Footprints 2026-02-03 (ODbL)"}},{"type":"Feature","geometry":{"type":"Polygon","coordinates":[[[123.7142288,10.5114634],[123.7142269,10.5114028],[123.7142939,10.5114007],[123.7142958,10.5114613],[123.7142288,10.5114634]]]},"properties":{"id":"ms-573","kind":"building","storeys":1,"origin":"ai","edited":false,"source":"Microsoft Global ML Building Footprints 2026-02-03 (ODbL)"}},{"type":"Feature","geometry":{"type":"Polygon","coordinates":[[[123.7167522,10.506503],[123.7167396,10.5065382],[123.7166669,10.5065132],[123.7166795,10.5064779],[123.7167522,10.506503]]]},"properties":{"id":"ms-574","kind":"building","storeys":1,"origin":"ai","edited":false,"source":"Microsoft Global ML Building Footprints 2026-02-03 (ODbL)"}},{"type":"Feature","geometry":{"type":"Polygon","coordinates":[[[123.7192917,10.5074731],[123.7192978,10.5074438],[123.7193452,10.5074533],[123.7193391,10.5074827],[123.7192917,10.5074731]]]},"properties":{"id":"ms-575","kind":"building","storeys":1,"origin":"ai","edited":false,"source":"Microsoft Global ML Building Footprints 2026-02-03 (ODbL)"}},{"type":"Feature","geometry":{"type":"Polygon","coordinates":[[[123.7121053,10.5077754],[123.7120667,10.5078176],[123.7119867,10.5077468],[123.7120253,10.5077046],[123.7121053,10.5077754]]]},"properties":{"id":"ms-576","kind":"building","storeys":1,"origin":"ai","edited":false,"source":"Microsoft Global ML Building Footprints 2026-02-03 (ODbL)"}},{"type":"Feature","geometry":{"type":"Polygon","coordinates":[[[123.7125326,10.5069795],[123.7124714,10.5070809],[123.7123892,10.507033],[123.7124504,10.5069316],[123.7125326,10.5069795]]]},"properties":{"id":"ms-577","kind":"building","storeys":1,"origin":"ai","edited":false,"source":"Microsoft Global ML Building Footprints 2026-02-03 (ODbL)"}},{"type":"Feature","geometry":{"type":"Polygon","coordinates":[[[123.7196095,10.5028295],[123.7196554,10.5027384],[123.7196865,10.5027536],[123.7196406,10.5028446],[123.7196095,10.5028295]]]},"properties":{"id":"ms-578","kind":"building","storeys":1,"origin":"ai","edited":false,"source":"Microsoft Global ML Building Footprints 2026-02-03 (ODbL)"}},{"type":"Feature","geometry":{"type":"Polygon","coordinates":[[[123.7196592,10.5081332],[123.7196276,10.5081106],[123.7196691,10.5080544],[123.7197675,10.5081246],[123.7196731,10.5082523],[123.7196064,10.5082047],[123.7196592,10.5081332]]]},"properties":{"id":"ms-579","kind":"building","storeys":1,"origin":"ai","edited":false,"source":"Microsoft Global ML Building Footprints 2026-02-03 (ODbL)"}},{"type":"Feature","geometry":{"type":"Polygon","coordinates":[[[123.7119338,10.5099569],[123.7119059,10.5099894],[123.7118888,10.5099945],[123.7118489,10.5099835],[123.7118496,10.5098888],[123.7117815,10.5098701],[123.7118076,10.5097787],[123.7118662,10.5098273],[123.711866,10.5098537],[123.7119312,10.5098341],[123.7119544,10.5097529],[123.7119068,10.5097134],[123.7119658,10.5097138],[123.7119806,10.5097615],[123.7120072,10.5097836],[123.7120833,10.5097607],[123.7121696,10.5097844],[123.7121692,10.5098371],[123.7122263,10.5098528],[123.7122417,10.5099024],[123.7121979,10.510056],[123.7122412,10.5100679],[123.7122552,10.510068],[123.7122428,10.5101114],[123.7122063,10.5101112],[123.7121819,10.5101396],[123.712122,10.5100899],[123.7121112,10.5100551],[123.7120692,10.5100548],[123.7120412,10.5100471],[123.7120572,10.5099908],[123.7119338,10.5099569]]]},"properties":{"id":"ms-580","kind":"building","storeys":1,"origin":"ai","edited":false,"source":"Microsoft Global ML Building Footprints 2026-02-03 (ODbL)"}},{"type":"Feature","geometry":{"type":"Polygon","coordinates":[[[123.7131868,10.5037754],[123.713214,10.5037068],[123.7133863,10.5037729],[123.7134444,10.5036264],[123.7135143,10.5036532],[123.7134289,10.5038683],[123.7131868,10.5037754]]]},"properties":{"id":"ms-581","kind":"building","storeys":1,"origin":"ai","edited":false,"source":"Microsoft Global ML Building Footprints 2026-02-03 (ODbL)"}},{"type":"Feature","geometry":{"type":"Polygon","coordinates":[[[123.7132437,10.5073838],[123.7132848,10.5074025],[123.7132563,10.5074634],[123.7132151,10.5074448],[123.7132437,10.5073838]]]},"properties":{"id":"ms-582","kind":"building","storeys":1,"origin":"ai","edited":false,"source":"Microsoft Global ML Building Footprints 2026-02-03 (ODbL)"}},{"type":"Feature","geometry":{"type":"Polygon","coordinates":[[[123.7149843,10.5018187],[123.7148636,10.5018161],[123.7148654,10.5017381],[123.714986,10.5017407],[123.7149843,10.5018187]]]},"properties":{"id":"ms-583","kind":"building","storeys":1,"origin":"ai","edited":false,"source":"Microsoft Global ML Building Footprints 2026-02-03 (ODbL)"}},{"type":"Feature","geometry":{"type":"Polygon","coordinates":[[[123.7166932,10.5011529],[123.7168641,10.5010209],[123.7169102,10.5010786],[123.7168206,10.5011478],[123.7168605,10.5011978],[123.7167792,10.5012606],[123.7166932,10.5011529]]]},"properties":{"id":"ms-584","kind":"building","storeys":1,"origin":"ai","edited":false,"source":"Microsoft Global ML Building Footprints 2026-02-03 (ODbL)"}},{"type":"Feature","geometry":{"type":"Polygon","coordinates":[[[123.7167421,10.5000842],[123.7168212,10.5000573],[123.7168402,10.5001114],[123.7167612,10.5001383],[123.7167421,10.5000842]]]},"properties":{"id":"ms-585","kind":"building","storeys":1,"origin":"ai","edited":false,"source":"Microsoft Global ML Building Footprints 2026-02-03 (ODbL)"}},{"type":"Feature","geometry":{"type":"Polygon","coordinates":[[[123.7174199,10.5099212],[123.7174521,10.5098353],[123.7175537,10.5098721],[123.7175215,10.509958],[123.7174199,10.5099212]]]},"properties":{"id":"ms-586","kind":"building","storeys":1,"origin":"ai","edited":false,"source":"Microsoft Global ML Building Footprints 2026-02-03 (ODbL)"}},{"type":"Feature","geometry":{"type":"Polygon","coordinates":[[[123.7180516,10.5082283],[123.7180113,10.5083872],[123.7179406,10.5083698],[123.7179809,10.5082109],[123.7180516,10.5082283]]]},"properties":{"id":"ms-587","kind":"building","storeys":1,"origin":"ai","edited":false,"source":"Microsoft Global ML Building Footprints 2026-02-03 (ODbL)"}},{"type":"Feature","geometry":{"type":"Polygon","coordinates":[[[123.7108971,10.5095706],[123.7109769,10.5096604],[123.7109307,10.5097],[123.7108509,10.5096103],[123.7108971,10.5095706]]]},"properties":{"id":"ms-588","kind":"building","storeys":1,"origin":"ai","edited":false,"source":"Microsoft Global ML Building Footprints 2026-02-03 (ODbL)"}},{"type":"Feature","geometry":{"type":"Polygon","coordinates":[[[123.7117704,10.5075187],[123.7118503,10.5074503],[123.7118829,10.507487],[123.7118029,10.5075555],[123.7117704,10.5075187]]]},"properties":{"id":"ms-589","kind":"building","storeys":1,"origin":"ai","edited":false,"source":"Microsoft Global ML Building Footprints 2026-02-03 (ODbL)"}},{"type":"Feature","geometry":{"type":"Polygon","coordinates":[[[123.7124804,10.5072823],[123.7124966,10.5072247],[123.7125539,10.5072403],[123.7125376,10.5072979],[123.7124804,10.5072823]]]},"properties":{"id":"ms-590","kind":"building","storeys":1,"origin":"ai","edited":false,"source":"Microsoft Global ML Building Footprints 2026-02-03 (ODbL)"}},{"type":"Feature","geometry":{"type":"Polygon","coordinates":[[[123.7126491,10.5095369],[123.712709,10.509553],[123.7127257,10.5094928],[123.7128081,10.5095149],[123.7127832,10.5096046],[123.7126734,10.5095751],[123.7126553,10.5096401],[123.7126229,10.5096314],[123.7126491,10.5095369]]]},"properties":{"id":"ms-591","kind":"building","storeys":1,"origin":"ai","edited":false,"source":"Microsoft Global ML Building Footprints 2026-02-03 (ODbL)"}},{"type":"Feature","geometry":{"type":"Polygon","coordinates":[[[123.7130559,10.507223],[123.7131764,10.5072732],[123.7131166,10.5074118],[123.7129961,10.5073615],[123.7130559,10.507223]]]},"properties":{"id":"ms-592","kind":"building","storeys":1,"origin":"ai","edited":false,"source":"Microsoft Global ML Building Footprints 2026-02-03 (ODbL)"}},{"type":"Feature","geometry":{"type":"Polygon","coordinates":[[[123.7150179,10.5114805],[123.7148386,10.5114715],[123.714843,10.5113863],[123.7150223,10.5113952],[123.7150179,10.5114805]]]},"properties":{"id":"ms-593","kind":"building","storeys":1,"origin":"ai","edited":false,"source":"Microsoft Global ML Building Footprints 2026-02-03 (ODbL)"}},{"type":"Feature","geometry":{"type":"Polygon","coordinates":[[[123.7151187,10.5075574],[123.7151929,10.5075707],[123.7151848,10.5076141],[123.7151106,10.5076008],[123.7151187,10.5075574]]]},"properties":{"id":"ms-594","kind":"building","storeys":1,"origin":"ai","edited":false,"source":"Microsoft Global ML Building Footprints 2026-02-03 (ODbL)"}},{"type":"Feature","geometry":{"type":"Polygon","coordinates":[[[123.7154811,10.5006022],[123.7154104,10.5006054],[123.7154086,10.5005659],[123.7154793,10.5005628],[123.7154811,10.5006022]]]},"properties":{"id":"ms-595","kind":"building","storeys":1,"origin":"ai","edited":false,"source":"Microsoft Global ML Building Footprints 2026-02-03 (ODbL)"}},{"type":"Feature","geometry":{"type":"Polygon","coordinates":[[[123.716281,10.5046333],[123.7162624,10.5046908],[123.7161771,10.5046642],[123.7161957,10.5046067],[123.716281,10.5046333]]]},"properties":{"id":"ms-596","kind":"building","storeys":1,"origin":"ai","edited":false,"source":"Microsoft Global ML Building Footprints 2026-02-03 (ODbL)"}},{"type":"Feature","geometry":{"type":"Polygon","coordinates":[[[123.7163454,10.5145733],[123.7164178,10.5145753],[123.7164148,10.5146781],[123.7163746,10.5146769],[123.7163728,10.5147376],[123.7163406,10.5147366],[123.7163454,10.5145733]]]},"properties":{"id":"ms-597","kind":"building","storeys":1,"origin":"ai","edited":false,"source":"Microsoft Global ML Building Footprints 2026-02-03 (ODbL)"}},{"type":"Feature","geometry":{"type":"Polygon","coordinates":[[[123.716944,10.5078408],[123.7169405,10.5079145],[123.7167087,10.5079041],[123.7167122,10.5078304],[123.716944,10.5078408]]]},"properties":{"id":"ms-598","kind":"building","storeys":1,"origin":"ai","edited":false,"source":"Microsoft Global ML Building Footprints 2026-02-03 (ODbL)"}},{"type":"Feature","geometry":{"type":"Polygon","coordinates":[[[123.7091868,10.5142026],[123.7092165,10.5141412],[123.7093007,10.5141807],[123.7092709,10.514242],[123.7091868,10.5142026]]]},"properties":{"id":"ms-599","kind":"building","storeys":1,"origin":"ai","edited":false,"source":"Microsoft Global ML Building Footprints 2026-02-03 (ODbL)"}},{"type":"Feature","geometry":{"type":"Polygon","coordinates":[[[123.7142335,10.5035767],[123.7144405,10.5035979],[123.7144096,10.5038901],[123.7143061,10.5038795],[123.7143126,10.503818],[123.7142158,10.5038081],[123.7142293,10.5036803],[123.7142226,10.5036796],[123.7142335,10.5035767]]]},"properties":{"id":"ms-600","kind":"building","storeys":1,"origin":"ai","edited":false,"source":"Microsoft Global ML Building Footprints 2026-02-03 (ODbL)"}},{"type":"Feature","geometry":{"type":"Polygon","coordinates":[[[123.7149898,10.5013648],[123.7149846,10.5016205],[123.7148907,10.5016187],[123.7148922,10.5015475],[123.71486,10.5015469],[123.7148638,10.5013623],[123.7149898,10.5013648]]]},"properties":{"id":"ms-601","kind":"building","storeys":1,"origin":"ai","edited":false,"source":"Microsoft Global ML Building Footprints 2026-02-03 (ODbL)"}},{"type":"Feature","geometry":{"type":"Polygon","coordinates":[[[123.7173517,10.5022279],[123.7173504,10.5022938],[123.7173007,10.5022929],[123.717302,10.502227],[123.7173517,10.5022279]]]},"properties":{"id":"ms-602","kind":"building","storeys":1,"origin":"ai","edited":false,"source":"Microsoft Global ML Building Footprints 2026-02-03 (ODbL)"}},{"type":"Feature","geometry":{"type":"Polygon","coordinates":[[[123.717415,10.5101303],[123.7174562,10.5100472],[123.7176049,10.5101185],[123.7175637,10.5102016],[123.717415,10.5101303]]]},"properties":{"id":"ms-603","kind":"building","storeys":1,"origin":"ai","edited":false,"source":"Microsoft Global ML Building Footprints 2026-02-03 (ODbL)"}},{"type":"Feature","geometry":{"type":"Polygon","coordinates":[[[123.7192404,10.5124257],[123.7191626,10.5124257],[123.7191626,10.5123519],[123.7192404,10.5123519],[123.7192404,10.5124257]]]},"properties":{"id":"ms-604","kind":"building","storeys":1,"origin":"ai","edited":false,"source":"Microsoft Global ML Building Footprints 2026-02-03 (ODbL)"}},{"type":"Feature","geometry":{"type":"Polygon","coordinates":[[[123.7146599,10.5111793],[123.7146619,10.511385],[123.7145616,10.511386],[123.7145601,10.5112251],[123.7146202,10.5112246],[123.7146197,10.5111797],[123.7146599,10.5111793]]]},"properties":{"id":"ms-605","kind":"building","storeys":1,"origin":"ai","edited":false,"source":"Microsoft Global ML Building Footprints 2026-02-03 (ODbL)"}},{"type":"Feature","geometry":{"type":"Polygon","coordinates":[[[123.7164084,10.501555],[123.7164444,10.5015541],[123.7164457,10.5016059],[123.7164097,10.5016067],[123.7164084,10.501555]]]},"properties":{"id":"ms-606","kind":"building","storeys":1,"origin":"ai","edited":false,"source":"Microsoft Global ML Building Footprints 2026-02-03 (ODbL)"}},{"type":"Feature","geometry":{"type":"Polygon","coordinates":[[[123.716842,10.5044411],[123.7167905,10.5046008],[123.7166722,10.5045639],[123.7167238,10.5044043],[123.716842,10.5044411]]]},"properties":{"id":"ms-607","kind":"building","storeys":1,"origin":"ai","edited":false,"source":"Microsoft Global ML Building Footprints 2026-02-03 (ODbL)"}},{"type":"Feature","geometry":{"type":"Polygon","coordinates":[[[123.7172245,10.5040487],[123.7172213,10.5041162],[123.7171236,10.5041117],[123.7171268,10.5040442],[123.7172245,10.5040487]]]},"properties":{"id":"ms-608","kind":"building","storeys":1,"origin":"ai","edited":false,"source":"Microsoft Global ML Building Footprints 2026-02-03 (ODbL)"}},{"type":"Feature","geometry":{"type":"Polygon","coordinates":[[[123.7173727,10.5042325],[123.7174086,10.503904],[123.7176062,10.5039249],[123.7175702,10.5042534],[123.7173727,10.5042325]]]},"properties":{"id":"ms-609","kind":"building","storeys":1,"origin":"ai","edited":false,"source":"Microsoft Global ML Building Footprints 2026-02-03 (ODbL)"}},{"type":"Feature","geometry":{"type":"Polygon","coordinates":[[[123.7198368,10.5021188],[123.7197849,10.5021338],[123.7197411,10.5019871],[123.719793,10.5019721],[123.7198368,10.5021188]]]},"properties":{"id":"ms-610","kind":"building","storeys":1,"origin":"ai","edited":false,"source":"Microsoft Global ML Building Footprints 2026-02-03 (ODbL)"}},{"type":"Feature","geometry":{"type":"Polygon","coordinates":[[[123.7199844,10.500293],[123.7200566,10.500289],[123.720065,10.5004336],[123.7200489,10.5004345],[123.7200526,10.5004976],[123.7199964,10.5005007],[123.7199844,10.500293]]]},"properties":{"id":"ms-611","kind":"building","storeys":1,"origin":"ai","edited":false,"source":"Microsoft Global ML Building Footprints 2026-02-03 (ODbL)"}},{"type":"Feature","geometry":{"type":"Polygon","coordinates":[[[123.7203514,10.5041708],[123.7203802,10.5038235],[123.7206213,10.5038428],[123.7205926,10.50419],[123.7203514,10.5041708]]]},"properties":{"id":"ms-612","kind":"building","storeys":1,"origin":"ai","edited":false,"source":"Microsoft Global ML Building Footprints 2026-02-03 (ODbL)"}},{"type":"Feature","geometry":{"type":"Polygon","coordinates":[[[123.7126026,10.5093236],[123.7126388,10.5093055],[123.7126757,10.5093767],[123.7126394,10.5093948],[123.7126026,10.5093236]]]},"properties":{"id":"ms-613","kind":"building","storeys":1,"origin":"ai","edited":false,"source":"Microsoft Global ML Building Footprints 2026-02-03 (ODbL)"}},{"type":"Feature","geometry":{"type":"Polygon","coordinates":[[[123.7144237,10.5009555],[123.7144772,10.5009523],[123.7144835,10.5010521],[123.71443,10.5010553],[123.7144237,10.5009555]]]},"properties":{"id":"ms-614","kind":"building","storeys":1,"origin":"ai","edited":false,"source":"Microsoft Global ML Building Footprints 2026-02-03 (ODbL)"}},{"type":"Feature","geometry":{"type":"Polygon","coordinates":[[[123.7157042,10.5021255],[123.7157019,10.5021888],[123.7156161,10.5021857],[123.7156184,10.5021225],[123.7157042,10.5021255]]]},"properties":{"id":"ms-615","kind":"building","storeys":1,"origin":"ai","edited":false,"source":"Microsoft Global ML Building Footprints 2026-02-03 (ODbL)"}},{"type":"Feature","geometry":{"type":"Polygon","coordinates":[[[123.7165446,10.5137198],[123.716538,10.5137851],[123.7164982,10.5137812],[123.7165047,10.5137159],[123.7165446,10.5137198]]]},"properties":{"id":"ms-616","kind":"building","storeys":1,"origin":"ai","edited":false,"source":"Microsoft Global ML Building Footprints 2026-02-03 (ODbL)"}},{"type":"Feature","geometry":{"type":"Polygon","coordinates":[[[123.7188099,10.5012914],[123.7188847,10.5013419],[123.7188264,10.5014255],[123.7187516,10.501375],[123.7188099,10.5012914]]]},"properties":{"id":"ms-617","kind":"building","storeys":1,"origin":"ai","edited":false,"source":"Microsoft Global ML Building Footprints 2026-02-03 (ODbL)"}},{"type":"Feature","geometry":{"type":"Polygon","coordinates":[[[123.7116494,10.5093178],[123.7116815,10.5092258],[123.7117647,10.5092538],[123.7117326,10.5093458],[123.7116494,10.5093178]]]},"properties":{"id":"ms-618","kind":"building","storeys":1,"origin":"ai","edited":false,"source":"Microsoft Global ML Building Footprints 2026-02-03 (ODbL)"}},{"type":"Feature","geometry":{"type":"Polygon","coordinates":[[[123.7118237,10.5106487],[123.7117515,10.5106783],[123.7117348,10.5106389],[123.711807,10.5106093],[123.7118237,10.5106487]]]},"properties":{"id":"ms-619","kind":"building","storeys":1,"origin":"ai","edited":false,"source":"Microsoft Global ML Building Footprints 2026-02-03 (ODbL)"}},{"type":"Feature","geometry":{"type":"Polygon","coordinates":[[[123.7132105,10.5063917],[123.7132006,10.5064343],[123.7131507,10.5064232],[123.7131606,10.5063805],[123.7132105,10.5063917]]]},"properties":{"id":"ms-620","kind":"building","storeys":1,"origin":"ai","edited":false,"source":"Microsoft Global ML Building Footprints 2026-02-03 (ODbL)"}},{"type":"Feature","geometry":{"type":"Polygon","coordinates":[[[123.7139448,10.5093172],[123.7139756,10.5092213],[123.7140512,10.5092447],[123.7140205,10.5093406],[123.7139448,10.5093172]]]},"properties":{"id":"ms-621","kind":"building","storeys":1,"origin":"ai","edited":false,"source":"Microsoft Global ML Building Footprints 2026-02-03 (ODbL)"}},{"type":"Feature","geometry":{"type":"Polygon","coordinates":[[[123.715108,10.5085264],[123.7151509,10.5085258],[123.7151514,10.5085617],[123.7151085,10.5085623],[123.715108,10.5085264]]]},"properties":{"id":"ms-622","kind":"building","storeys":1,"origin":"ai","edited":false,"source":"Microsoft Global ML Building Footprints 2026-02-03 (ODbL)"}},{"type":"Feature","geometry":{"type":"Polygon","coordinates":[[[123.7152485,10.5140487],[123.7152549,10.5140954],[123.715218,10.5141002],[123.7152116,10.5140536],[123.7152485,10.5140487]]]},"properties":{"id":"ms-623","kind":"building","storeys":1,"origin":"ai","edited":false,"source":"Microsoft Global ML Building Footprints 2026-02-03 (ODbL)"}},{"type":"Feature","geometry":{"type":"Polygon","coordinates":[[[123.7154216,10.5106887],[123.7153503,10.5106908],[123.7153486,10.5106371],[123.7154199,10.510635],[123.7154216,10.5106887]]]},"properties":{"id":"ms-624","kind":"building","storeys":1,"origin":"ai","edited":false,"source":"Microsoft Global ML Building Footprints 2026-02-03 (ODbL)"}},{"type":"Feature","geometry":{"type":"Polygon","coordinates":[[[123.7158063,10.500472],[123.7157998,10.5003563],[123.7158988,10.500351],[123.7159052,10.5004667],[123.7158063,10.500472]]]},"properties":{"id":"ms-625","kind":"building","storeys":1,"origin":"ai","edited":false,"source":"Microsoft Global ML Building Footprints 2026-02-03 (ODbL)"}},{"type":"Feature","geometry":{"type":"Polygon","coordinates":[[[123.7160658,10.5091244],[123.7160051,10.5091096],[123.7160216,10.5090441],[123.7160823,10.5090588],[123.7160658,10.5091244]]]},"properties":{"id":"ms-626","kind":"building","storeys":1,"origin":"ai","edited":false,"source":"Microsoft Global ML Building Footprints 2026-02-03 (ODbL)"}},{"type":"Feature","geometry":{"type":"Polygon","coordinates":[[[123.7169106,10.5003187],[123.7168664,10.5003719],[123.716802,10.5003202],[123.7168462,10.500267],[123.7169106,10.5003187]]]},"properties":{"id":"ms-627","kind":"building","storeys":1,"origin":"ai","edited":false,"source":"Microsoft Global ML Building Footprints 2026-02-03 (ODbL)"}},{"type":"Feature","geometry":{"type":"Polygon","coordinates":[[[123.711299,10.5091451],[123.7113195,10.5090891],[123.7113884,10.5091135],[123.7113678,10.5091695],[123.711299,10.5091451]]]},"properties":{"id":"ms-628","kind":"building","storeys":1,"origin":"ai","edited":false,"source":"Microsoft Global ML Building Footprints 2026-02-03 (ODbL)"}},{"type":"Feature","geometry":{"type":"Polygon","coordinates":[[[123.7129124,10.5072133],[123.7130035,10.5072688],[123.7129687,10.5073241],[123.7128776,10.5072686],[123.7129124,10.5072133]]]},"properties":{"id":"ms-629","kind":"building","storeys":1,"origin":"ai","edited":false,"source":"Microsoft Global ML Building Footprints 2026-02-03 (ODbL)"}},{"type":"Feature","geometry":{"type":"Polygon","coordinates":[[[123.7148129,10.5066767],[123.7149291,10.5066912],[123.7148785,10.5070842],[123.7147624,10.5070698],[123.7148129,10.5066767]]]},"properties":{"id":"ms-630","kind":"building","storeys":1,"origin":"ai","edited":false,"source":"Microsoft Global ML Building Footprints 2026-02-03 (ODbL)"}},{"type":"Feature","geometry":{"type":"Polygon","coordinates":[[[123.7149099,10.5043084],[123.7150511,10.5043603],[123.7150145,10.5044565],[123.7148733,10.5044046],[123.7149099,10.5043084]]]},"properties":{"id":"ms-631","kind":"building","storeys":1,"origin":"ai","edited":false,"source":"Microsoft Global ML Building Footprints 2026-02-03 (ODbL)"}},{"type":"Feature","geometry":{"type":"Polygon","coordinates":[[[123.7163413,10.5057054],[123.7164227,10.5057481],[123.7163582,10.5058672],[123.7162767,10.5058245],[123.7163413,10.5057054]]]},"properties":{"id":"ms-632","kind":"building","storeys":1,"origin":"ai","edited":false,"source":"Microsoft Global ML Building Footprints 2026-02-03 (ODbL)"}},{"type":"Feature","geometry":{"type":"Polygon","coordinates":[[[123.7166689,10.5030206],[123.7165897,10.5030306],[123.7165787,10.5029467],[123.7166103,10.5029427],[123.7166028,10.5028856],[123.7166503,10.5028796],[123.7166689,10.5030206]]]},"properties":{"id":"ms-633","kind":"building","storeys":1,"origin":"ai","edited":false,"source":"Microsoft Global ML Building Footprints 2026-02-03 (ODbL)"}},{"type":"Feature","geometry":{"type":"Polygon","coordinates":[[[123.7168673,10.5020107],[123.7167858,10.5020073],[123.7167889,10.5019362],[123.7168704,10.5019396],[123.7168673,10.5020107]]]},"properties":{"id":"ms-634","kind":"building","storeys":1,"origin":"ai","edited":false,"source":"Microsoft Global ML Building Footprints 2026-02-03 (ODbL)"}},{"type":"Feature","geometry":{"type":"Polygon","coordinates":[[[123.7102016,10.5098721],[123.7102402,10.5099071],[123.7102015,10.5099485],[123.7101629,10.5099135],[123.7102016,10.5098721]]]},"properties":{"id":"ms-635","kind":"building","storeys":1,"origin":"ai","edited":false,"source":"Microsoft Global ML Building Footprints 2026-02-03 (ODbL)"}},{"type":"Feature","geometry":{"type":"Polygon","coordinates":[[[123.7134409,10.5066062],[123.7134818,10.5066246],[123.7134554,10.5066813],[123.7134145,10.5066629],[123.7134409,10.5066062]]]},"properties":{"id":"ms-636","kind":"building","storeys":1,"origin":"ai","edited":false,"source":"Microsoft Global ML Building Footprints 2026-02-03 (ODbL)"}},{"type":"Feature","geometry":{"type":"Polygon","coordinates":[[[123.7151198,10.5051583],[123.7150485,10.5051332],[123.7151018,10.5049874],[123.7151731,10.5050126],[123.7151198,10.5051583]]]},"properties":{"id":"ms-637","kind":"building","storeys":1,"origin":"ai","edited":false,"source":"Microsoft Global ML Building Footprints 2026-02-03 (ODbL)"}},{"type":"Feature","geometry":{"type":"Polygon","coordinates":[[[123.7162497,10.5120162],[123.7163848,10.5112236],[123.7162596,10.511203],[123.7162744,10.5111158],[123.7164336,10.511142],[123.71642,10.5112215],[123.7165948,10.5112503],[123.7165315,10.5116222],[123.7165341,10.5116227],[123.7164611,10.5120511],[123.7162497,10.5120162]]]},"properties":{"id":"ms-638","kind":"building","storeys":1,"origin":"ai","edited":false,"source":"Microsoft Global ML Building Footprints 2026-02-03 (ODbL)"}},{"type":"Feature","geometry":{"type":"Polygon","coordinates":[[[123.7182606,10.5024126],[123.718291,10.5023505],[123.7183314,10.5023697],[123.7183009,10.5024317],[123.7182606,10.5024126]]]},"properties":{"id":"ms-639","kind":"building","storeys":1,"origin":"ai","edited":false,"source":"Microsoft Global ML Building Footprints 2026-02-03 (ODbL)"}},{"type":"Feature","geometry":{"type":"Polygon","coordinates":[[[123.7184477,10.5140086],[123.7184103,10.5140102],[123.7184075,10.513947],[123.718445,10.5139455],[123.7184477,10.5140086]]]},"properties":{"id":"ms-640","kind":"building","storeys":1,"origin":"ai","edited":false,"source":"Microsoft Global ML Building Footprints 2026-02-03 (ODbL)"}},{"type":"Feature","geometry":{"type":"Polygon","coordinates":[[[123.7188939,10.5081405],[123.7190388,10.5082155],[123.7189917,10.5083035],[123.7188468,10.5082285],[123.7188939,10.5081405]]]},"properties":{"id":"ms-641","kind":"building","storeys":1,"origin":"ai","edited":false,"source":"Microsoft Global ML Building Footprints 2026-02-03 (ODbL)"}},{"type":"Feature","geometry":{"type":"Polygon","coordinates":[[[123.7146874,10.500279],[123.7148696,10.5002836],[123.7148683,10.5003337],[123.714686,10.5003291],[123.7146874,10.500279]]]},"properties":{"id":"ms-642","kind":"building","storeys":1,"origin":"ai","edited":false,"source":"Microsoft Global ML Building Footprints 2026-02-03 (ODbL)"}},{"type":"Feature","geometry":{"type":"Polygon","coordinates":[[[123.7157693,10.5106386],[123.7157277,10.5106314],[123.7157379,10.5105751],[123.7157795,10.5105824],[123.7157693,10.5106386]]]},"properties":{"id":"ms-643","kind":"building","storeys":1,"origin":"ai","edited":false,"source":"Microsoft Global ML Building Footprints 2026-02-03 (ODbL)"}},{"type":"Feature","geometry":{"type":"Polygon","coordinates":[[[123.7158227,10.5093258],[123.7158248,10.5092705],[123.7159203,10.5092741],[123.7159181,10.5093294],[123.7158227,10.5093258]]]},"properties":{"id":"ms-644","kind":"building","storeys":1,"origin":"ai","edited":false,"source":"Microsoft Global ML Building Footprints 2026-02-03 (ODbL)"}},{"type":"Feature","geometry":{"type":"Polygon","coordinates":[[[123.7159307,10.5007055],[123.716031,10.5006565],[123.7160786,10.5007509],[123.7159784,10.5007998],[123.7159307,10.5007055]]]},"properties":{"id":"ms-645","kind":"building","storeys":1,"origin":"ai","edited":false,"source":"Microsoft Global ML Building Footprints 2026-02-03 (ODbL)"}},{"type":"Feature","geometry":{"type":"Polygon","coordinates":[[[123.7160552,10.5110055],[123.7160402,10.5110634],[123.7159506,10.5110409],[123.7159656,10.510983],[123.7160552,10.5110055]]]},"properties":{"id":"ms-646","kind":"building","storeys":1,"origin":"ai","edited":false,"source":"Microsoft Global ML Building Footprints 2026-02-03 (ODbL)"}},{"type":"Feature","geometry":{"type":"Polygon","coordinates":[[[123.710855,10.5099201],[123.7109097,10.5098403],[123.7110173,10.5099117],[123.7109626,10.5099915],[123.710855,10.5099201]]]},"properties":{"id":"ms-647","kind":"building","storeys":1,"origin":"ai","edited":false,"source":"Microsoft Global ML Building Footprints 2026-02-03 (ODbL)"}},{"type":"Feature","geometry":{"type":"Polygon","coordinates":[[[123.7112869,10.5089563],[123.7112318,10.5090298],[123.7111946,10.5090029],[123.7112586,10.5089174],[123.7112749,10.5089292],[123.7113377,10.5088453],[123.7113899,10.5088831],[123.7113182,10.5089789],[123.7112869,10.5089563]]]},"properties":{"id":"ms-648","kind":"building","storeys":1,"origin":"ai","edited":false,"source":"Microsoft Global ML Building Footprints 2026-02-03 (ODbL)"}},{"type":"Feature","geometry":{"type":"Polygon","coordinates":[[[123.7115396,10.5099646],[123.7116049,10.5100365],[123.7115273,10.5101046],[123.711462,10.5100328],[123.7115396,10.5099646]]]},"properties":{"id":"ms-649","kind":"building","storeys":1,"origin":"ai","edited":false,"source":"Microsoft Global ML Building Footprints 2026-02-03 (ODbL)"}},{"type":"Feature","geometry":{"type":"Polygon","coordinates":[[[123.7118516,10.5059822],[123.7118283,10.5060684],[123.7114663,10.5059735],[123.7115107,10.5058098],[123.7117135,10.5058629],[123.7116925,10.5059405],[123.7118516,10.5059822]]]},"properties":{"id":"ms-650","kind":"building","storeys":1,"origin":"ai","edited":false,"source":"Microsoft Global ML Building Footprints 2026-02-03 (ODbL)"}},{"type":"Feature","geometry":{"type":"Polygon","coordinates":[[[123.7125896,10.5080907],[123.7126376,10.5081479],[123.7125505,10.5082186],[123.7125024,10.5081614],[123.7125896,10.5080907]]]},"properties":{"id":"ms-651","kind":"building","storeys":1,"origin":"ai","edited":false,"source":"Microsoft Global ML Building Footprints 2026-02-03 (ODbL)"}},{"type":"Feature","geometry":{"type":"Polygon","coordinates":[[[123.7129432,10.5064021],[123.7131095,10.5064554],[123.7130886,10.5065187],[123.7130169,10.5064957],[123.7129944,10.5065636],[123.7126719,10.5064603],[123.7126999,10.5063757],[123.7126624,10.5063637],[123.7126909,10.5062779],[123.7127623,10.5063008],[123.712782,10.5062412],[123.7129192,10.5062851],[123.712948,10.506198],[123.7130049,10.5062162],[123.7129432,10.5064021]]]},"properties":{"id":"ms-652","kind":"building","storeys":1,"origin":"ai","edited":false,"source":"Microsoft Global ML Building Footprints 2026-02-03 (ODbL)"}},{"type":"Feature","geometry":{"type":"Polygon","coordinates":[[[123.713729,10.5090826],[123.7138363,10.5090993],[123.7138176,10.509215],[123.7137104,10.5091983],[123.713729,10.5090826]]]},"properties":{"id":"ms-653","kind":"building","storeys":1,"origin":"ai","edited":false,"source":"Microsoft Global ML Building Footprints 2026-02-03 (ODbL)"}},{"type":"Feature","geometry":{"type":"Polygon","coordinates":[[[123.7148953,10.5076292],[123.7149376,10.5076339],[123.714929,10.5077094],[123.7148866,10.5077048],[123.7148953,10.5076292]]]},"properties":{"id":"ms-654","kind":"building","storeys":1,"origin":"ai","edited":false,"source":"Microsoft Global ML Building Footprints 2026-02-03 (ODbL)"}},{"type":"Feature","geometry":{"type":"Polygon","coordinates":[[[123.7163239,10.5030296],[123.7162597,10.5030267],[123.7162637,10.5029399],[123.7163279,10.5029428],[123.7163239,10.5030296]]]},"properties":{"id":"ms-655","kind":"building","storeys":1,"origin":"ai","edited":false,"source":"Microsoft Global ML Building Footprints 2026-02-03 (ODbL)"}},{"type":"Feature","geometry":{"type":"Polygon","coordinates":[[[123.7187813,10.5052698],[123.7188197,10.5052104],[123.7188609,10.505236],[123.7188226,10.5052955],[123.7187813,10.5052698]]]},"properties":{"id":"ms-656","kind":"building","storeys":1,"origin":"ai","edited":false,"source":"Microsoft Global ML Building Footprints 2026-02-03 (ODbL)"}},{"type":"Feature","geometry":{"type":"Polygon","coordinates":[[[123.7156161,10.503325],[123.7156453,10.5032615],[123.7157735,10.5033184],[123.7157443,10.5033819],[123.7156161,10.503325]]]},"properties":{"id":"ms-657","kind":"building","storeys":1,"origin":"ai","edited":false,"source":"Microsoft Global ML Building Footprints 2026-02-03 (ODbL)"}},{"type":"Feature","geometry":{"type":"Polygon","coordinates":[[[123.7158495,10.5150177],[123.7158708,10.5149446],[123.7159341,10.5149624],[123.7159128,10.5150355],[123.7158495,10.5150177]]]},"properties":{"id":"ms-658","kind":"building","storeys":1,"origin":"ai","edited":false,"source":"Microsoft Global ML Building Footprints 2026-02-03 (ODbL)"}},{"type":"Feature","geometry":{"type":"Polygon","coordinates":[[[123.7161296,10.5035682],[123.7161419,10.5034883],[123.7162258,10.5035008],[123.7162135,10.5035807],[123.7161296,10.5035682]]]},"properties":{"id":"ms-659","kind":"building","storeys":1,"origin":"ai","edited":false,"source":"Microsoft Global ML Building Footprints 2026-02-03 (ODbL)"}},{"type":"Feature","geometry":{"type":"Polygon","coordinates":[[[123.7169162,10.5029973],[123.7169376,10.5029186],[123.716989,10.5029321],[123.7169675,10.5030108],[123.7169162,10.5029973]]]},"properties":{"id":"ms-660","kind":"building","storeys":1,"origin":"ai","edited":false,"source":"Microsoft Global ML Building Footprints 2026-02-03 (ODbL)"}},{"type":"Feature","geometry":{"type":"Polygon","coordinates":[[[123.7172079,10.5031547],[123.7172747,10.5031499],[123.7172785,10.5032024],[123.7172118,10.5032071],[123.7172079,10.5031547]]]},"properties":{"id":"ms-661","kind":"building","storeys":1,"origin":"ai","edited":false,"source":"Microsoft Global ML Building Footprints 2026-02-03 (ODbL)"}},{"type":"Feature","geometry":{"type":"Polygon","coordinates":[[[123.7184886,10.506794],[123.7184766,10.5068713],[123.7184411,10.506866],[123.7184355,10.5069021],[123.7183594,10.5068907],[123.718377,10.5067773],[123.7184886,10.506794]]]},"properties":{"id":"ms-662","kind":"building","storeys":1,"origin":"ai","edited":false,"source":"Microsoft Global ML Building Footprints 2026-02-03 (ODbL)"}},{"type":"Feature","geometry":{"type":"Polygon","coordinates":[[[123.7185157,10.5085823],[123.7184847,10.5086324],[123.718435,10.5086027],[123.718466,10.5085526],[123.7185157,10.5085823]]]},"properties":{"id":"ms-663","kind":"building","storeys":1,"origin":"ai","edited":false,"source":"Microsoft Global ML Building Footprints 2026-02-03 (ODbL)"}},{"type":"Feature","geometry":{"type":"Polygon","coordinates":[[[123.7187018,10.5079087],[123.7186391,10.5080194],[123.7184991,10.5079428],[123.7185618,10.5078321],[123.7187018,10.5079087]]]},"properties":{"id":"ms-664","kind":"building","storeys":1,"origin":"ai","edited":false,"source":"Microsoft Global ML Building Footprints 2026-02-03 (ODbL)"}},{"type":"Feature","geometry":{"type":"Polygon","coordinates":[[[123.7187773,10.5016357],[123.718838,10.5016017],[123.7188865,10.5016853],[123.718924,10.5016642],[123.7189737,10.5017498],[123.7189158,10.5017822],[123.7188974,10.5017504],[123.7188569,10.5017731],[123.7187773,10.5016357]]]},"properties":{"id":"ms-665","kind":"building","storeys":1,"origin":"ai","edited":false,"source":"Microsoft Global ML Building Footprints 2026-02-03 (ODbL)"}},{"type":"Feature","geometry":{"type":"Polygon","coordinates":[[[123.7121165,10.5067234],[123.712282,10.5064801],[123.7124498,10.5065905],[123.7122844,10.5068338],[123.7121165,10.5067234]]]},"properties":{"id":"ms-666","kind":"building","storeys":1,"origin":"ai","edited":false,"source":"Microsoft Global ML Building Footprints 2026-02-03 (ODbL)"}},{"type":"Feature","geometry":{"type":"Polygon","coordinates":[[[123.714991,10.5094093],[123.7149988,10.5094582],[123.7149229,10.50947],[123.7149151,10.5094211],[123.714991,10.5094093]]]},"properties":{"id":"ms-667","kind":"building","storeys":1,"origin":"ai","edited":false,"source":"Microsoft Global ML Building Footprints 2026-02-03 (ODbL)"}},{"type":"Feature","geometry":{"type":"Polygon","coordinates":[[[123.7156337,10.5141076],[123.715702,10.5141044],[123.7157034,10.5141344],[123.7156351,10.5141376],[123.7156337,10.5141076]]]},"properties":{"id":"ms-668","kind":"building","storeys":1,"origin":"ai","edited":false,"source":"Microsoft Global ML Building Footprints 2026-02-03 (ODbL)"}},{"type":"Feature","geometry":{"type":"Polygon","coordinates":[[[123.7163725,10.5008965],[123.7163095,10.5009291],[123.7162686,10.5008526],[123.7163316,10.5008201],[123.7163725,10.5008965]]]},"properties":{"id":"ms-669","kind":"building","storeys":1,"origin":"ai","edited":false,"source":"Microsoft Global ML Building Footprints 2026-02-03 (ODbL)"}},{"type":"Feature","geometry":{"type":"Polygon","coordinates":[[[123.7163922,10.5058952],[123.7164022,10.5058482],[123.7165036,10.5058691],[123.7164936,10.5059161],[123.7163922,10.5058952]]]},"properties":{"id":"ms-670","kind":"building","storeys":1,"origin":"ai","edited":false,"source":"Microsoft Global ML Building Footprints 2026-02-03 (ODbL)"}},{"type":"Feature","geometry":{"type":"Polygon","coordinates":[[[123.7171112,10.5137248],[123.7171896,10.5137172],[123.7172056,10.5138765],[123.7171272,10.5138841],[123.7171112,10.5137248]]]},"properties":{"id":"ms-671","kind":"building","storeys":1,"origin":"ai","edited":false,"source":"Microsoft Global ML Building Footprints 2026-02-03 (ODbL)"}},{"type":"Feature","geometry":{"type":"Polygon","coordinates":[[[123.7172804,10.5032546],[123.7172085,10.5032607],[123.7172051,10.5032214],[123.7172769,10.5032154],[123.7172804,10.5032546]]]},"properties":{"id":"ms-672","kind":"building","storeys":1,"origin":"ai","edited":false,"source":"Microsoft Global ML Building Footprints 2026-02-03 (ODbL)"}},{"type":"Feature","geometry":{"type":"Polygon","coordinates":[[[123.7173121,10.5038168],[123.7173083,10.5038958],[123.717228,10.503892],[123.7172319,10.5038131],[123.7173121,10.5038168]]]},"properties":{"id":"ms-673","kind":"building","storeys":1,"origin":"ai","edited":false,"source":"Microsoft Global ML Building Footprints 2026-02-03 (ODbL)"}},{"type":"Feature","geometry":{"type":"Polygon","coordinates":[[[123.7132356,10.5068538],[123.7131794,10.5068309],[123.7132581,10.506644],[123.7133143,10.506667],[123.7132356,10.5068538]]]},"properties":{"id":"ms-674","kind":"building","storeys":1,"origin":"ai","edited":false,"source":"Microsoft Global ML Building Footprints 2026-02-03 (ODbL)"}},{"type":"Feature","geometry":{"type":"Polygon","coordinates":[[[123.7149348,10.50021],[123.714936,10.5002759],[123.7148582,10.5002772],[123.714857,10.5002113],[123.7149348,10.50021]]]},"properties":{"id":"ms-675","kind":"building","storeys":1,"origin":"ai","edited":false,"source":"Microsoft Global ML Building Footprints 2026-02-03 (ODbL)"}},{"type":"Feature","geometry":{"type":"Polygon","coordinates":[[[123.7152908,10.5022029],[123.7152871,10.5023083],[123.7152202,10.5023061],[123.7152238,10.5022007],[123.7152908,10.5022029]]]},"properties":{"id":"ms-676","kind":"building","storeys":1,"origin":"ai","edited":false,"source":"Microsoft Global ML Building Footprints 2026-02-03 (ODbL)"}},{"type":"Feature","geometry":{"type":"Polygon","coordinates":[[[123.7164187,10.5032321],[123.7164176,10.503269],[123.7163827,10.503268],[123.7163839,10.5032311],[123.7164187,10.5032321]]]},"properties":{"id":"ms-677","kind":"building","storeys":1,"origin":"ai","edited":false,"source":"Microsoft Global ML Building Footprints 2026-02-03 (ODbL)"}},{"type":"Feature","geometry":{"type":"Polygon","coordinates":[[[123.7167878,10.5058241],[123.7167682,10.5058896],[123.7166585,10.5058578],[123.7166781,10.5057923],[123.7167878,10.5058241]]]},"properties":{"id":"ms-678","kind":"building","storeys":1,"origin":"ai","edited":false,"source":"Microsoft Global ML Building Footprints 2026-02-03 (ODbL)"}},{"type":"Feature","geometry":{"type":"Polygon","coordinates":[[[123.7180252,10.5054071],[123.718091,10.505423],[123.7180794,10.5054693],[123.7180136,10.5054534],[123.7180252,10.5054071]]]},"properties":{"id":"ms-679","kind":"building","storeys":1,"origin":"ai","edited":false,"source":"Microsoft Global ML Building Footprints 2026-02-03 (ODbL)"}},{"type":"Feature","geometry":{"type":"Polygon","coordinates":[[[123.7190878,10.5031106],[123.719106,10.5032102],[123.7190658,10.5032174],[123.7190476,10.5031178],[123.7190878,10.5031106]]]},"properties":{"id":"ms-680","kind":"building","storeys":1,"origin":"ai","edited":false,"source":"Microsoft Global ML Building Footprints 2026-02-03 (ODbL)"}},{"type":"Feature","geometry":{"type":"Polygon","coordinates":[[[123.714539,10.5072594],[123.7145212,10.5073631],[123.7144247,10.507347],[123.7144425,10.5072434],[123.714539,10.5072594]]]},"properties":{"id":"ms-681","kind":"building","storeys":1,"origin":"ai","edited":false,"source":"Microsoft Global ML Building Footprints 2026-02-03 (ODbL)"}},{"type":"Feature","geometry":{"type":"Polygon","coordinates":[[[123.7151904,10.5116036],[123.7152333,10.5116043],[123.7152325,10.5116544],[123.7151896,10.5116537],[123.7151904,10.5116036]]]},"properties":{"id":"ms-682","kind":"building","storeys":1,"origin":"ai","edited":false,"source":"Microsoft Global ML Building Footprints 2026-02-03 (ODbL)"}},{"type":"Feature","geometry":{"type":"Polygon","coordinates":[[[123.7158133,10.5051118],[123.7157777,10.5051946],[123.7156743,10.5051515],[123.71571,10.5050687],[123.7158133,10.5051118]]]},"properties":{"id":"ms-683","kind":"building","storeys":1,"origin":"ai","edited":false,"source":"Microsoft Global ML Building Footprints 2026-02-03 (ODbL)"}},{"type":"Feature","geometry":{"type":"Polygon","coordinates":[[[123.7171649,10.5041501],[123.7171551,10.5042343],[123.7170902,10.5042271],[123.7171,10.5041428],[123.7171649,10.5041501]]]},"properties":{"id":"ms-684","kind":"building","storeys":1,"origin":"ai","edited":false,"source":"Microsoft Global ML Building Footprints 2026-02-03 (ODbL)"}},{"type":"Feature","geometry":{"type":"Polygon","coordinates":[[[123.7181772,10.5023711],[123.7182215,10.5022886],[123.7182718,10.5023148],[123.7182275,10.5023972],[123.7181772,10.5023711]]]},"properties":{"id":"ms-685","kind":"building","storeys":1,"origin":"ai","edited":false,"source":"Microsoft Global ML Building Footprints 2026-02-03 (ODbL)"}},{"type":"Feature","geometry":{"type":"Polygon","coordinates":[[[123.7127062,10.5031761],[123.7127128,10.5031188],[123.7128399,10.5031329],[123.7128334,10.5031902],[123.7127062,10.5031761]]]},"properties":{"id":"ms-686","kind":"building","storeys":1,"origin":"ai","edited":false,"source":"Microsoft Global ML Building Footprints 2026-02-03 (ODbL)"}},{"type":"Feature","geometry":{"type":"Polygon","coordinates":[[[123.7143283,10.5113162],[123.7143291,10.5112872],[123.7143881,10.5112887],[123.7143873,10.5113177],[123.7143283,10.5113162]]]},"properties":{"id":"ms-687","kind":"building","storeys":1,"origin":"ai","edited":false,"source":"Microsoft Global ML Building Footprints 2026-02-03 (ODbL)"}},{"type":"Feature","geometry":{"type":"Polygon","coordinates":[[[123.7143575,10.5073954],[123.7141324,10.5073898],[123.714135,10.5072896],[123.7143601,10.5072952],[123.7143575,10.5073954]]]},"properties":{"id":"ms-688","kind":"building","storeys":1,"origin":"ai","edited":false,"source":"Microsoft Global ML Building Footprints 2026-02-03 (ODbL)"}},{"type":"Feature","geometry":{"type":"Polygon","coordinates":[[[123.715337,10.5010355],[123.7153022,10.501036],[123.7153012,10.5009648],[123.7153361,10.5009644],[123.715337,10.5010355]]]},"properties":{"id":"ms-689","kind":"building","storeys":1,"origin":"ai","edited":false,"source":"Microsoft Global ML Building Footprints 2026-02-03 (ODbL)"}},{"type":"Feature","geometry":{"type":"Polygon","coordinates":[[[123.715665,10.5139184],[123.7155873,10.5139184],[123.7155873,10.5138103],[123.715665,10.5138103],[123.715665,10.5139184]]]},"properties":{"id":"ms-690","kind":"building","storeys":1,"origin":"ai","edited":false,"source":"Microsoft Global ML Building Footprints 2026-02-03 (ODbL)"}},{"type":"Feature","geometry":{"type":"Polygon","coordinates":[[[123.7157773,10.5006787],[123.7157103,10.5006811],[123.7157073,10.5005994],[123.7157743,10.5005971],[123.7157773,10.5006787]]]},"properties":{"id":"ms-691","kind":"building","storeys":1,"origin":"ai","edited":false,"source":"Microsoft Global ML Building Footprints 2026-02-03 (ODbL)"}},{"type":"Feature","geometry":{"type":"Polygon","coordinates":[[[123.7158559,10.5080343],[123.7159625,10.5081242],[123.7158994,10.5081966],[123.7157928,10.5081067],[123.7158559,10.5080343]]]},"properties":{"id":"ms-692","kind":"building","storeys":1,"origin":"ai","edited":false,"source":"Microsoft Global ML Building Footprints 2026-02-03 (ODbL)"}},{"type":"Feature","geometry":{"type":"Polygon","coordinates":[[[123.7160358,10.5006536],[123.7159715,10.5006557],[123.7159686,10.5005661],[123.7160329,10.500564],[123.7160358,10.5006536]]]},"properties":{"id":"ms-693","kind":"building","storeys":1,"origin":"ai","edited":false,"source":"Microsoft Global ML Building Footprints 2026-02-03 (ODbL)"}},{"type":"Feature","geometry":{"type":"Polygon","coordinates":[[[123.7165134,10.5133627],[123.7165724,10.5133619],[123.7165734,10.5134357],[123.7165144,10.5134365],[123.7165134,10.5133627]]]},"properties":{"id":"ms-694","kind":"building","storeys":1,"origin":"ai","edited":false,"source":"Microsoft Global ML Building Footprints 2026-02-03 (ODbL)"}},{"type":"Feature","geometry":{"type":"Polygon","coordinates":[[[123.7181679,10.5068087],[123.7182123,10.5067027],[123.7183109,10.5067426],[123.7183242,10.506711],[123.7183976,10.5067407],[123.71834,10.5068783],[123.7181679,10.5068087]]]},"properties":{"id":"ms-695","kind":"building","storeys":1,"origin":"ai","edited":false,"source":"Microsoft Global ML Building Footprints 2026-02-03 (ODbL)"}},{"type":"Feature","geometry":{"type":"Polygon","coordinates":[[[123.7188066,10.5122612],[123.718816,10.5122172],[123.7188777,10.5122299],[123.7188683,10.5122739],[123.7188066,10.5122612]]]},"properties":{"id":"ms-696","kind":"building","storeys":1,"origin":"ai","edited":false,"source":"Microsoft Global ML Building Footprints 2026-02-03 (ODbL)"}},{"type":"Feature","geometry":{"type":"Polygon","coordinates":[[[123.719799,10.5068088],[123.7197768,10.5068521],[123.719746,10.5068367],[123.7197682,10.5067935],[123.719799,10.5068088]]]},"properties":{"id":"ms-697","kind":"building","storeys":1,"origin":"ai","edited":false,"source":"Microsoft Global ML Building Footprints 2026-02-03 (ODbL)"}},{"type":"Feature","geometry":{"type":"Polygon","coordinates":[[[123.7117805,10.5085833],[123.7117667,10.5086206],[123.7118369,10.5086456],[123.7117948,10.5087598],[123.7116582,10.5087111],[123.7117141,10.5085596],[123.7117805,10.5085833]]]},"properties":{"id":"ms-698","kind":"building","storeys":1,"origin":"ai","edited":false,"source":"Microsoft Global ML Building Footprints 2026-02-03 (ODbL)"}},{"type":"Feature","geometry":{"type":"Polygon","coordinates":[[[123.7137214,10.5042516],[123.7137709,10.5042547],[123.7137683,10.5042941],[123.7137189,10.504291],[123.7137214,10.5042516]]]},"properties":{"id":"ms-699","kind":"building","storeys":1,"origin":"ai","edited":false,"source":"Microsoft Global ML Building Footprints 2026-02-03 (ODbL)"}},{"type":"Feature","geometry":{"type":"Polygon","coordinates":[[[123.7152191,10.5142192],[123.7153129,10.514221],[123.715312,10.514271],[123.7152181,10.5142693],[123.7152191,10.5142192]]]},"properties":{"id":"ms-700","kind":"building","storeys":1,"origin":"ai","edited":false,"source":"Microsoft Global ML Building Footprints 2026-02-03 (ODbL)"}},{"type":"Feature","geometry":{"type":"Polygon","coordinates":[[[123.7160484,10.5143871],[123.7161074,10.5143889],[123.716105,10.5144679],[123.7160433,10.5144661],[123.7160449,10.514416],[123.7159122,10.5144121],[123.7159143,10.5143436],[123.7158915,10.5143429],[123.715894,10.5142612],[123.7160522,10.5142659],[123.7160484,10.5143871]]]},"properties":{"id":"ms-701","kind":"building","storeys":1,"origin":"ai","edited":false,"source":"Microsoft Global ML Building Footprints 2026-02-03 (ODbL)"}},{"type":"Feature","geometry":{"type":"Polygon","coordinates":[[[123.7165358,10.5063559],[123.7165693,10.5062021],[123.7166462,10.5062182],[123.7166127,10.5063721],[123.7165358,10.5063559]]]},"properties":{"id":"ms-702","kind":"building","storeys":1,"origin":"ai","edited":false,"source":"Microsoft Global ML Building Footprints 2026-02-03 (ODbL)"}},{"type":"Feature","geometry":{"type":"Polygon","coordinates":[[[123.7166704,10.5018125],[123.7166716,10.5018599],[123.7166261,10.5018611],[123.7166249,10.5018136],[123.7166704,10.5018125]]]},"properties":{"id":"ms-703","kind":"building","storeys":1,"origin":"ai","edited":false,"source":"Microsoft Global ML Building Footprints 2026-02-03 (ODbL)"}},{"type":"Feature","geometry":{"type":"Polygon","coordinates":[[[123.7128071,10.5081079],[123.7127849,10.5081453],[123.7126747,10.5080823],[123.7127447,10.5079641],[123.7128809,10.508042],[123.7128331,10.5081228],[123.7128071,10.5081079]]]},"properties":{"id":"ms-704","kind":"building","storeys":1,"origin":"ai","edited":false,"source":"Microsoft Global ML Building Footprints 2026-02-03 (ODbL)"}},{"type":"Feature","geometry":{"type":"Polygon","coordinates":[[[123.714886,10.5138599],[123.7148478,10.5136395],[123.7149873,10.5136161],[123.7150255,10.5138365],[123.714886,10.5138599]]]},"properties":{"id":"ms-705","kind":"building","storeys":1,"origin":"ai","edited":false,"source":"Microsoft Global ML Building Footprints 2026-02-03 (ODbL)"}},{"type":"Feature","geometry":{"type":"Polygon","coordinates":[[[123.7151359,10.506398],[123.7150823,10.5064704],[123.7150157,10.5064227],[123.7150693,10.5063503],[123.7151359,10.506398]]]},"properties":{"id":"ms-706","kind":"building","storeys":1,"origin":"ai","edited":false,"source":"Microsoft Global ML Building Footprints 2026-02-03 (ODbL)"}},{"type":"Feature","geometry":{"type":"Polygon","coordinates":[[[123.7153944,10.5149414],[123.7153983,10.5149849],[123.7153397,10.5149899],[123.7153369,10.5149585],[123.7152624,10.5149649],[123.7152526,10.514855],[123.7153138,10.5148497],[123.7153226,10.5149476],[123.7153944,10.5149414]]]},"properties":{"id":"ms-707","kind":"building","storeys":1,"origin":"ai","edited":false,"source":"Microsoft Global ML Building Footprints 2026-02-03 (ODbL)"}},{"type":"Feature","geometry":{"type":"Polygon","coordinates":[[[123.7169635,10.5017349],[123.7169847,10.5016393],[123.7169386,10.5016294],[123.7169548,10.5015564],[123.7170814,10.5015835],[123.7170674,10.5016464],[123.7170868,10.5016505],[123.7170634,10.5017563],[123.7169635,10.5017349]]]},"properties":{"id":"ms-708","kind":"building","storeys":1,"origin":"ai","edited":false,"source":"Microsoft Global ML Building Footprints 2026-02-03 (ODbL)"}},{"type":"Feature","geometry":{"type":"Polygon","coordinates":[[[123.7172621,10.5148216],[123.7173736,10.5147901],[123.7174123,10.5149226],[123.7173007,10.5149541],[123.7172621,10.5148216]]]},"properties":{"id":"ms-709","kind":"building","storeys":1,"origin":"ai","edited":false,"source":"Microsoft Global ML Building Footprints 2026-02-03 (ODbL)"}},{"type":"Feature","geometry":{"type":"Polygon","coordinates":[[[123.7174868,10.5048439],[123.7175139,10.5047601],[123.7176151,10.5047917],[123.717588,10.5048755],[123.7174868,10.5048439]]]},"properties":{"id":"ms-710","kind":"building","storeys":1,"origin":"ai","edited":false,"source":"Microsoft Global ML Building Footprints 2026-02-03 (ODbL)"}},{"type":"Feature","geometry":{"type":"Polygon","coordinates":[[[123.7202415,10.5065164],[123.7202647,10.5064374],[123.7203824,10.5064709],[123.7203881,10.5064514],[123.7204387,10.5064658],[123.7204098,10.5065643],[123.7202415,10.5065164]]]},"properties":{"id":"ms-711","kind":"building","storeys":1,"origin":"ai","edited":false,"source":"Microsoft Global ML Building Footprints 2026-02-03 (ODbL)"}},{"type":"Feature","geometry":{"type":"Polygon","coordinates":[[[123.7204307,10.5022836],[123.7205202,10.5022788],[123.7205267,10.5023945],[123.7204372,10.5023993],[123.7204307,10.5022836]]]},"properties":{"id":"ms-712","kind":"building","storeys":1,"origin":"ai","edited":false,"source":"Microsoft Global ML Building Footprints 2026-02-03 (ODbL)"}},{"type":"Feature","geometry":{"type":"Polygon","coordinates":[[[123.7123808,10.5045488],[123.7123521,10.5046128],[123.712287,10.5045846],[123.7123156,10.5045206],[123.7123808,10.5045488]]]},"properties":{"id":"ms-713","kind":"building","storeys":1,"origin":"ai","edited":false,"source":"Microsoft Global ML Building Footprints 2026-02-03 (ODbL)"}},{"type":"Feature","geometry":{"type":"Polygon","coordinates":[[[123.7150735,10.5022828],[123.7150748,10.5021943],[123.715217,10.5021963],[123.7152157,10.5022848],[123.7150735,10.5022828]]]},"properties":{"id":"ms-714","kind":"building","storeys":1,"origin":"ai","edited":false,"source":"Microsoft Global ML Building Footprints 2026-02-03 (ODbL)"}},{"type":"Feature","geometry":{"type":"Polygon","coordinates":[[[123.7151182,10.5029018],[123.7151263,10.5028278],[123.7152058,10.5028362],[123.7151977,10.5029102],[123.7151182,10.5029018]]]},"properties":{"id":"ms-715","kind":"building","storeys":1,"origin":"ai","edited":false,"source":"Microsoft Global ML Building Footprints 2026-02-03 (ODbL)"}},{"type":"Feature","geometry":{"type":"Polygon","coordinates":[[[123.715508,10.5060551],[123.7155316,10.5059368],[123.715626,10.5059549],[123.7156024,10.5060733],[123.715508,10.5060551]]]},"properties":{"id":"ms-716","kind":"building","storeys":1,"origin":"ai","edited":false,"source":"Microsoft Global ML Building Footprints 2026-02-03 (ODbL)"}},{"type":"Feature","geometry":{"type":"Polygon","coordinates":[[[123.715522,10.501222],[123.7155607,10.5012225],[123.7155601,10.501262],[123.7154824,10.501261],[123.715484,10.5011424],[123.7155231,10.5011429],[123.715522,10.501222]]]},"properties":{"id":"ms-717","kind":"building","storeys":1,"origin":"ai","edited":false,"source":"Microsoft Global ML Building Footprints 2026-02-03 (ODbL)"}},{"type":"Feature","geometry":{"type":"Polygon","coordinates":[[[123.7163534,10.501545],[123.7163438,10.501623],[123.7162789,10.5016152],[123.7162885,10.5015372],[123.7163534,10.501545]]]},"properties":{"id":"ms-718","kind":"building","storeys":1,"origin":"ai","edited":false,"source":"Microsoft Global ML Building Footprints 2026-02-03 (ODbL)"}},{"type":"Feature","geometry":{"type":"Polygon","coordinates":[[[123.7107973,10.5098678],[123.7108319,10.5098166],[123.7108673,10.5098397],[123.7108327,10.5098909],[123.7107973,10.5098678]]]},"properties":{"id":"ms-719","kind":"building","storeys":1,"origin":"ai","edited":false,"source":"Microsoft Global ML Building Footprints 2026-02-03 (ODbL)"}},{"type":"Feature","geometry":{"type":"Polygon","coordinates":[[[123.7130828,10.5083907],[123.7130362,10.5084507],[123.7129989,10.5084227],[123.7130455,10.5083627],[123.7130828,10.5083907]]]},"properties":{"id":"ms-720","kind":"building","storeys":1,"origin":"ai","edited":false,"source":"Microsoft Global ML Building Footprints 2026-02-03 (ODbL)"}},{"type":"Feature","geometry":{"type":"Polygon","coordinates":[[[123.7134597,10.50498],[123.7134342,10.5050252],[123.7133286,10.5049675],[123.7133541,10.5049223],[123.7134597,10.50498]]]},"properties":{"id":"ms-721","kind":"building","storeys":1,"origin":"ai","edited":false,"source":"Microsoft Global ML Building Footprints 2026-02-03 (ODbL)"}},{"type":"Feature","geometry":{"type":"Polygon","coordinates":[[[123.7144619,10.5074575],[123.71446,10.5075023],[123.7142967,10.5074958],[123.7142949,10.5075379],[123.7141771,10.5075332],[123.7141807,10.5074463],[123.7144619,10.5074575]]]},"properties":{"id":"ms-722","kind":"building","storeys":1,"origin":"ai","edited":false,"source":"Microsoft Global ML Building Footprints 2026-02-03 (ODbL)"}},{"type":"Feature","geometry":{"type":"Polygon","coordinates":[[[123.7148044,10.5101519],[123.7147669,10.5101506],[123.7147689,10.5100968],[123.7148064,10.5100982],[123.7148044,10.5101519]]]},"properties":{"id":"ms-723","kind":"building","storeys":1,"origin":"ai","edited":false,"source":"Microsoft Global ML Building Footprints 2026-02-03 (ODbL)"}},{"type":"Feature","geometry":{"type":"Polygon","coordinates":[[[123.7158565,10.5079661],[123.7157916,10.5080847],[123.7157188,10.5080462],[123.7157837,10.5079276],[123.7158565,10.5079661]]]},"properties":{"id":"ms-724","kind":"building","storeys":1,"origin":"ai","edited":false,"source":"Microsoft Global ML Building Footprints 2026-02-03 (ODbL)"}},{"type":"Feature","geometry":{"type":"Polygon","coordinates":[[[123.7169653,10.5046062],[123.7170189,10.5046046],[123.7170209,10.5046705],[123.7169673,10.5046721],[123.7169653,10.5046062]]]},"properties":{"id":"ms-725","kind":"building","storeys":1,"origin":"ai","edited":false,"source":"Microsoft Global ML Building Footprints 2026-02-03 (ODbL)"}},{"type":"Feature","geometry":{"type":"Polygon","coordinates":[[[123.7122992,10.5069694],[123.7122679,10.5070338],[123.712198,10.507001],[123.7122294,10.5069366],[123.7122992,10.5069694]]]},"properties":{"id":"ms-726","kind":"building","storeys":1,"origin":"ai","edited":false,"source":"Microsoft Global ML Building Footprints 2026-02-03 (ODbL)"}},{"type":"Feature","geometry":{"type":"Polygon","coordinates":[[[123.7139963,10.5037637],[123.7141347,10.5038034],[123.7141153,10.503869],[123.7139768,10.5038293],[123.7139963,10.5037637]]]},"properties":{"id":"ms-727","kind":"building","storeys":1,"origin":"ai","edited":false,"source":"Microsoft Global ML Building Footprints 2026-02-03 (ODbL)"}},{"type":"Feature","geometry":{"type":"Polygon","coordinates":[[[123.7141751,10.511286],[123.7141742,10.5113376],[123.7141474,10.5113371],[123.7141483,10.5112881],[123.7141349,10.5112879],[123.7141351,10.5112762],[123.7141726,10.5112769],[123.7141741,10.5112016],[123.714225,10.5112025],[123.7142251,10.5111972],[123.7143297,10.5111991],[123.714328,10.5112888],[123.7141751,10.511286]]]},"properties":{"id":"ms-728","kind":"building","storeys":1,"origin":"ai","edited":false,"source":"Microsoft Global ML Building Footprints 2026-02-03 (ODbL)"}},{"type":"Feature","geometry":{"type":"Polygon","coordinates":[[[123.7143184,10.5095895],[123.7143522,10.5096005],[123.7143362,10.509648],[123.7143846,10.5096638],[123.7143558,10.5097493],[123.7142107,10.5097021],[123.7142371,10.5096237],[123.7143,10.5096442],[123.7143184,10.5095895]]]},"properties":{"id":"ms-729","kind":"building","storeys":1,"origin":"ai","edited":false,"source":"Microsoft Global ML Building Footprints 2026-02-03 (ODbL)"}},{"type":"Feature","geometry":{"type":"Polygon","coordinates":[[[123.7165641,10.5137835],[123.7165628,10.5137228],[123.7166271,10.5137215],[123.7166284,10.5137821],[123.7165641,10.5137835]]]},"properties":{"id":"ms-730","kind":"building","storeys":1,"origin":"ai","edited":false,"source":"Microsoft Global ML Building Footprints 2026-02-03 (ODbL)"}},{"type":"Feature","geometry":{"type":"Polygon","coordinates":[[[123.7181144,10.5083314],[123.7181231,10.5082855],[123.7181786,10.5082957],[123.7181698,10.5083416],[123.7181144,10.5083314]]]},"properties":{"id":"ms-731","kind":"building","storeys":1,"origin":"ai","edited":false,"source":"Microsoft Global ML Building Footprints 2026-02-03 (ODbL)"}},{"type":"Feature","geometry":{"type":"Polygon","coordinates":[[[123.720229,10.5063268],[123.7202999,10.5063587],[123.7202613,10.5064415],[123.7201904,10.5064096],[123.720229,10.5063268]]]},"properties":{"id":"ms-732","kind":"building","storeys":1,"origin":"ai","edited":false,"source":"Microsoft Global ML Building Footprints 2026-02-03 (ODbL)"}},{"type":"Feature","geometry":{"type":"Polygon","coordinates":[[[123.7202455,10.4999643],[123.7202658,10.5002503],[123.7202925,10.5002485],[123.7202958,10.5002958],[123.7202531,10.5002987],[123.7202557,10.5003354],[123.7201703,10.5003413],[123.7201643,10.5002573],[123.7202017,10.5002547],[123.7201815,10.4999686],[123.7202455,10.4999643]]]},"properties":{"id":"ms-733","kind":"building","storeys":1,"origin":"ai","edited":false,"source":"Microsoft Global ML Building Footprints 2026-02-03 (ODbL)"}},{"type":"Feature","geometry":{"type":"Polygon","coordinates":[[[123.7204898,10.5026553],[123.7204854,10.5025236],[123.7205846,10.5025204],[123.7205889,10.5026522],[123.7204898,10.5026553]]]},"properties":{"id":"ms-734","kind":"building","storeys":1,"origin":"ai","edited":false,"source":"Microsoft Global ML Building Footprints 2026-02-03 (ODbL)"}},{"type":"Feature","geometry":{"type":"Polygon","coordinates":[[[123.7135761,10.5070767],[123.7136196,10.5069988],[123.7136732,10.5070277],[123.7136297,10.5071056],[123.7135761,10.5070767]]]},"properties":{"id":"ms-735","kind":"building","storeys":1,"origin":"ai","edited":false,"source":"Microsoft Global ML Building Footprints 2026-02-03 (ODbL)"}},{"type":"Feature","geometry":{"type":"Polygon","coordinates":[[[123.7142853,10.5094917],[123.7142914,10.5093892],[123.7143876,10.5093947],[123.7143815,10.5094972],[123.7142853,10.5094917]]]},"properties":{"id":"ms-736","kind":"building","storeys":1,"origin":"ai","edited":false,"source":"Microsoft Global ML Building Footprints 2026-02-03 (ODbL)"}},{"type":"Feature","geometry":{"type":"Polygon","coordinates":[[[123.7143992,10.5091694],[123.7144594,10.5089795],[123.7145352,10.5090028],[123.714475,10.5091927],[123.7143992,10.5091694]]]},"properties":{"id":"ms-737","kind":"building","storeys":1,"origin":"ai","edited":false,"source":"Microsoft Global ML Building Footprints 2026-02-03 (ODbL)"}},{"type":"Feature","geometry":{"type":"Polygon","coordinates":[[[123.714927,10.5115575],[123.7149851,10.51155],[123.7149896,10.5115837],[123.7149315,10.5115912],[123.714927,10.5115575]]]},"properties":{"id":"ms-738","kind":"building","storeys":1,"origin":"ai","edited":false,"source":"Microsoft Global ML Building Footprints 2026-02-03 (ODbL)"}},{"type":"Feature","geometry":{"type":"Polygon","coordinates":[[[123.7152978,10.5009605],[123.7152945,10.5008551],[123.7154017,10.5008518],[123.7154057,10.5009783],[123.7153387,10.5009804],[123.715338,10.5009593],[123.7152978,10.5009605]]]},"properties":{"id":"ms-739","kind":"building","storeys":1,"origin":"ai","edited":false,"source":"Microsoft Global ML Building Footprints 2026-02-03 (ODbL)"}},{"type":"Feature","geometry":{"type":"Polygon","coordinates":[[[123.7162692,10.5058208],[123.7161812,10.5058043],[123.7162117,10.5056465],[123.7162997,10.505663],[123.7162692,10.5058208]]]},"properties":{"id":"ms-740","kind":"building","storeys":1,"origin":"ai","edited":false,"source":"Microsoft Global ML Building Footprints 2026-02-03 (ODbL)"}},{"type":"Feature","geometry":{"type":"Polygon","coordinates":[[[123.7164697,10.5029958],[123.7165124,10.5029986],[123.7165086,10.5030537],[123.7164659,10.5030509],[123.7164697,10.5029958]]]},"properties":{"id":"ms-741","kind":"building","storeys":1,"origin":"ai","edited":false,"source":"Microsoft Global ML Building Footprints 2026-02-03 (ODbL)"}},{"type":"Feature","geometry":{"type":"Polygon","coordinates":[[[123.7164863,10.5017166],[123.7165821,10.5017252],[123.716573,10.5018236],[123.7164772,10.5018151],[123.7164863,10.5017166]]]},"properties":{"id":"ms-742","kind":"building","storeys":1,"origin":"ai","edited":false,"source":"Microsoft Global ML Building Footprints 2026-02-03 (ODbL)"}},{"type":"Feature","geometry":{"type":"Polygon","coordinates":[[[123.7167438,10.5028981],[123.7167981,10.5029043],[123.7167915,10.5029599],[123.7167371,10.5029536],[123.7167438,10.5028981]]]},"properties":{"id":"ms-743","kind":"building","storeys":1,"origin":"ai","edited":false,"source":"Microsoft Global ML Building Footprints 2026-02-03 (ODbL)"}},{"type":"Feature","geometry":{"type":"Polygon","coordinates":[[[123.7167844,10.5146218],[123.7168909,10.5146364],[123.7168789,10.5147217],[123.7167723,10.5147072],[123.7167844,10.5146218]]]},"properties":{"id":"ms-744","kind":"building","storeys":1,"origin":"ai","edited":false,"source":"Microsoft Global ML Building Footprints 2026-02-03 (ODbL)"}},{"type":"Feature","geometry":{"type":"Polygon","coordinates":[[[123.7176788,10.5040222],[123.7176675,10.5040612],[123.7176241,10.5040491],[123.7176354,10.5040101],[123.7176788,10.5040222]]]},"properties":{"id":"ms-745","kind":"building","storeys":1,"origin":"ai","edited":false,"source":"Microsoft Global ML Building Footprints 2026-02-03 (ODbL)"}},{"type":"Feature","geometry":{"type":"Polygon","coordinates":[[[123.718965,10.5023982],[123.7189808,10.5023429],[123.7190852,10.5023717],[123.7190695,10.502427],[123.718965,10.5023982]]]},"properties":{"id":"ms-746","kind":"building","storeys":1,"origin":"ai","edited":false,"source":"Microsoft Global ML Building Footprints 2026-02-03 (ODbL)"}},{"type":"Feature","geometry":{"type":"Polygon","coordinates":[[[123.7198364,10.5099283],[123.7198746,10.5099151],[123.7198951,10.5099725],[123.7198568,10.5099857],[123.7198364,10.5099283]]]},"properties":{"id":"ms-747","kind":"building","storeys":1,"origin":"ai","edited":false,"source":"Microsoft Global ML Building Footprints 2026-02-03 (ODbL)"}},{"type":"Feature","geometry":{"type":"Polygon","coordinates":[[[123.7208846,10.5031295],[123.7208042,10.5031295],[123.7208042,10.5030662],[123.7208846,10.5030662],[123.7208846,10.5031295]]]},"properties":{"id":"ms-748","kind":"building","storeys":1,"origin":"ai","edited":false,"source":"Microsoft Global ML Building Footprints 2026-02-03 (ODbL)"}},{"type":"Feature","geometry":{"type":"Polygon","coordinates":[[[123.7122567,10.5101232],[123.7122595,10.5102181],[123.7121754,10.5102204],[123.7121727,10.5101256],[123.7122567,10.5101232]]]},"properties":{"id":"ms-749","kind":"building","storeys":1,"origin":"ai","edited":false,"source":"Microsoft Global ML Building Footprints 2026-02-03 (ODbL)"}},{"type":"Feature","geometry":{"type":"Polygon","coordinates":[[[123.7136893,10.5069692],[123.713733,10.5069063],[123.7137886,10.5069437],[123.7137448,10.5070066],[123.7136893,10.5069692]]]},"properties":{"id":"ms-750","kind":"building","storeys":1,"origin":"ai","edited":false,"source":"Microsoft Global ML Building Footprints 2026-02-03 (ODbL)"}},{"type":"Feature","geometry":{"type":"Polygon","coordinates":[[[123.7149586,10.5010361],[123.71496,10.5009807],[123.7150431,10.5009828],[123.7150417,10.5010382],[123.7149586,10.5010361]]]},"properties":{"id":"ms-751","kind":"building","storeys":1,"origin":"ai","edited":false,"source":"Microsoft Global ML Building Footprints 2026-02-03 (ODbL)"}},{"type":"Feature","geometry":{"type":"Polygon","coordinates":[[[123.7167102,10.5060906],[123.7166815,10.5061444],[123.7165932,10.5060987],[123.716622,10.506045],[123.7167102,10.5060906]]]},"properties":{"id":"ms-752","kind":"building","storeys":1,"origin":"ai","edited":false,"source":"Microsoft Global ML Building Footprints 2026-02-03 (ODbL)"}},{"type":"Feature","geometry":{"type":"Polygon","coordinates":[[[123.7169849,10.506075],[123.7168992,10.5060722],[123.7169039,10.5059336],[123.7169896,10.5059364],[123.7169849,10.506075]]]},"properties":{"id":"ms-753","kind":"building","storeys":1,"origin":"ai","edited":false,"source":"Microsoft Global ML Building Footprints 2026-02-03 (ODbL)"}},{"type":"Feature","geometry":{"type":"Polygon","coordinates":[[[123.717012,10.5004401],[123.7170845,10.5003871],[123.7171204,10.5004346],[123.7170479,10.5004876],[123.717012,10.5004401]]]},"properties":{"id":"ms-754","kind":"building","storeys":1,"origin":"ai","edited":false,"source":"Microsoft Global ML Building Footprints 2026-02-03 (ODbL)"}},{"type":"Feature","geometry":{"type":"Polygon","coordinates":[[[123.7171011,10.5002151],[123.7170562,10.5002273],[123.7170424,10.5001783],[123.7170872,10.5001661],[123.7171011,10.5002151]]]},"properties":{"id":"ms-755","kind":"building","storeys":1,"origin":"ai","edited":false,"source":"Microsoft Global ML Building Footprints 2026-02-03 (ODbL)"}},{"type":"Feature","geometry":{"type":"Polygon","coordinates":[[[123.718198,10.5091371],[123.718154,10.5092215],[123.7181591,10.509224],[123.7181264,10.5092867],[123.7180096,10.5092278],[123.7179987,10.5092487],[123.7179477,10.5092231],[123.7179945,10.5091332],[123.7178683,10.5090697],[123.717909,10.5089916],[123.718198,10.5091371]]]},"properties":{"id":"ms-756","kind":"building","storeys":1,"origin":"ai","edited":false,"source":"Microsoft Global ML Building Footprints 2026-02-03 (ODbL)"}},{"type":"Feature","geometry":{"type":"Polygon","coordinates":[[[123.7187533,10.5117743],[123.7187382,10.5118339],[123.7186992,10.5118244],[123.7187143,10.5117648],[123.7187533,10.5117743]]]},"properties":{"id":"ms-757","kind":"building","storeys":1,"origin":"ai","edited":false,"source":"Microsoft Global ML Building Footprints 2026-02-03 (ODbL)"}},{"type":"Feature","geometry":{"type":"Polygon","coordinates":[[[123.7150659,10.5022819],[123.7151822,10.502287],[123.7151784,10.5023712],[123.7151397,10.5023695],[123.7151356,10.5024617],[123.715058,10.5024583],[123.7150659,10.5022819]]]},"properties":{"id":"ms-758","kind":"building","storeys":1,"origin":"ai","edited":false,"source":"Microsoft Global ML Building Footprints 2026-02-03 (ODbL)"}},{"type":"Feature","geometry":{"type":"Polygon","coordinates":[[[123.7155553,10.5025168],[123.7155521,10.5026011],[123.7154542,10.5025974],[123.7154575,10.5025132],[123.7155553,10.5025168]]]},"properties":{"id":"ms-759","kind":"building","storeys":1,"origin":"ai","edited":false,"source":"Microsoft Global ML Building Footprints 2026-02-03 (ODbL)"}},{"type":"Feature","geometry":{"type":"Polygon","coordinates":[[[123.7156863,10.5082061],[123.7156623,10.5082554],[123.7156186,10.5082349],[123.7156427,10.5081856],[123.7156863,10.5082061]]]},"properties":{"id":"ms-760","kind":"building","storeys":1,"origin":"ai","edited":false,"source":"Microsoft Global ML Building Footprints 2026-02-03 (ODbL)"}},{"type":"Feature","geometry":{"type":"Polygon","coordinates":[[[123.7161151,10.5048518],[123.7161835,10.504897],[123.7161151,10.5049968],[123.7160468,10.5049517],[123.7161151,10.5048518]]]},"properties":{"id":"ms-761","kind":"building","storeys":1,"origin":"ai","edited":false,"source":"Microsoft Global ML Building Footprints 2026-02-03 (ODbL)"}},{"type":"Feature","geometry":{"type":"Polygon","coordinates":[[[123.7161352,10.5112934],[123.7162881,10.5113085],[123.7162805,10.5113826],[123.7161276,10.5113674],[123.7161352,10.5112934]]]},"properties":{"id":"ms-762","kind":"building","storeys":1,"origin":"ai","edited":false,"source":"Microsoft Global ML Building Footprints 2026-02-03 (ODbL)"}},{"type":"Feature","geometry":{"type":"Polygon","coordinates":[[[123.7163172,10.5050407],[123.7163479,10.5049525],[123.7164211,10.5049772],[123.7163903,10.5050653],[123.7163172,10.5050407]]]},"properties":{"id":"ms-763","kind":"building","storeys":1,"origin":"ai","edited":false,"source":"Microsoft Global ML Building Footprints 2026-02-03 (ODbL)"}},{"type":"Feature","geometry":{"type":"Polygon","coordinates":[[[123.7166927,10.5015964],[123.716697,10.5014753],[123.7167441,10.5014769],[123.7167398,10.501598],[123.7166927,10.5015964]]]},"properties":{"id":"ms-764","kind":"building","storeys":1,"origin":"ai","edited":false,"source":"Microsoft Global ML Building Footprints 2026-02-03 (ODbL)"}},{"type":"Feature","geometry":{"type":"Polygon","coordinates":[[[123.7192681,10.5068435],[123.7193332,10.5065963],[123.7193961,10.5066123],[123.7193824,10.5066642],[123.7194226,10.5066744],[123.7194061,10.5067373],[123.7194438,10.5067469],[123.7194089,10.5068793],[123.7192681,10.5068435]]]},"properties":{"id":"ms-765","kind":"building","storeys":1,"origin":"ai","edited":false,"source":"Microsoft Global ML Building Footprints 2026-02-03 (ODbL)"}},{"type":"Feature","geometry":{"type":"Polygon","coordinates":[[[123.7197992,10.5096828],[123.7198266,10.5096428],[123.7198716,10.5096726],[123.7198442,10.5097125],[123.7197992,10.5096828]]]},"properties":{"id":"ms-766","kind":"building","storeys":1,"origin":"ai","edited":false,"source":"Microsoft Global ML Building Footprints 2026-02-03 (ODbL)"}},{"type":"Feature","geometry":{"type":"Polygon","coordinates":[[[123.7118143,10.5084098],[123.7117836,10.5084783],[123.7116848,10.5084356],[123.7117154,10.5083671],[123.7118143,10.5084098]]]},"properties":{"id":"ms-767","kind":"building","storeys":1,"origin":"ai","edited":false,"source":"Microsoft Global ML Building Footprints 2026-02-03 (ODbL)"}},{"type":"Feature","geometry":{"type":"Polygon","coordinates":[[[123.7118197,10.5098005],[123.7118445,10.5097038],[123.7119529,10.5097307],[123.7119281,10.5098274],[123.7118197,10.5098005]]]},"properties":{"id":"ms-768","kind":"building","storeys":1,"origin":"ai","edited":false,"source":"Microsoft Global ML Building Footprints 2026-02-03 (ODbL)"}},{"type":"Feature","geometry":{"type":"Polygon","coordinates":[[[123.7130367,10.5047661],[123.7130108,10.5048233],[123.7129191,10.5047831],[123.712945,10.5047259],[123.7130367,10.5047661]]]},"properties":{"id":"ms-769","kind":"building","storeys":1,"origin":"ai","edited":false,"source":"Microsoft Global ML Building Footprints 2026-02-03 (ODbL)"}},{"type":"Feature","geometry":{"type":"Polygon","coordinates":[[[123.714561,10.5014879],[123.7145342,10.5014874],[123.7145354,10.5014268],[123.7145622,10.5014273],[123.714561,10.5014879]]]},"properties":{"id":"ms-770","kind":"building","storeys":1,"origin":"ai","edited":false,"source":"Microsoft Global ML Building Footprints 2026-02-03 (ODbL)"}},{"type":"Feature","geometry":{"type":"Polygon","coordinates":[[[123.7149786,10.5120326],[123.7149835,10.5121918],[123.7149058,10.5121941],[123.7149009,10.5120349],[123.7149786,10.5120326]]]},"properties":{"id":"ms-771","kind":"building","storeys":1,"origin":"ai","edited":false,"source":"Microsoft Global ML Building Footprints 2026-02-03 (ODbL)"}},{"type":"Feature","geometry":{"type":"Polygon","coordinates":[[[123.7171574,10.5020506],[123.7170743,10.5020513],[123.7170733,10.5019379],[123.7172021,10.5019369],[123.7172023,10.5019659],[123.7171567,10.5019663],[123.7171574,10.5020506]]]},"properties":{"id":"ms-772","kind":"building","storeys":1,"origin":"ai","edited":false,"source":"Microsoft Global ML Building Footprints 2026-02-03 (ODbL)"}},{"type":"Feature","geometry":{"type":"Polygon","coordinates":[[[123.7142455,10.503133],[123.7141585,10.5031308],[123.7141616,10.5030137],[123.7142486,10.5030159],[123.7142455,10.503133]]]},"properties":{"id":"ms-773","kind":"building","storeys":1,"origin":"ai","edited":false,"source":"Microsoft Global ML Building Footprints 2026-02-03 (ODbL)"}},{"type":"Feature","geometry":{"type":"Polygon","coordinates":[[[123.7149693,10.503778],[123.7149778,10.5036997],[123.715052,10.5037075],[123.7150435,10.5037857],[123.7149693,10.503778]]]},"properties":{"id":"ms-774","kind":"building","storeys":1,"origin":"ai","edited":false,"source":"Microsoft Global ML Building Footprints 2026-02-03 (ODbL)"}},{"type":"Feature","geometry":{"type":"Polygon","coordinates":[[[123.7159154,10.5008103],[123.7159203,10.5008493],[123.7158649,10.5008561],[123.7158599,10.5008172],[123.7159154,10.5008103]]]},"properties":{"id":"ms-775","kind":"building","storeys":1,"origin":"ai","edited":false,"source":"Microsoft Global ML Building Footprints 2026-02-03 (ODbL)"}},{"type":"Feature","geometry":{"type":"Polygon","coordinates":[[[123.7166786,10.5071646],[123.7166424,10.5072168],[123.7166131,10.5071972],[123.7166493,10.5071449],[123.7166786,10.5071646]]]},"properties":{"id":"ms-776","kind":"building","storeys":1,"origin":"ai","edited":false,"source":"Microsoft Global ML Building Footprints 2026-02-03 (ODbL)"}},{"type":"Feature","geometry":{"type":"Polygon","coordinates":[[[123.7171106,10.5002724],[123.7170812,10.5002992],[123.7170505,10.5002666],[123.7170799,10.5002398],[123.7171106,10.5002724]]]},"properties":{"id":"ms-777","kind":"building","storeys":1,"origin":"ai","edited":false,"source":"Microsoft Global ML Building Footprints 2026-02-03 (ODbL)"}},{"type":"Feature","geometry":{"type":"Polygon","coordinates":[[[123.7174992,10.5063866],[123.717493,10.506443],[123.7175168,10.5064456],[123.7175054,10.5065482],[123.7173915,10.506536],[123.7174091,10.506377],[123.7174992,10.5063866]]]},"properties":{"id":"ms-778","kind":"building","storeys":1,"origin":"ai","edited":false,"source":"Microsoft Global ML Building Footprints 2026-02-03 (ODbL)"}},{"type":"Feature","geometry":{"type":"Polygon","coordinates":[[[123.7207257,10.5042617],[123.7210343,10.5042902],[123.721057,10.5043285],[123.720976,10.504375],[123.7209485,10.5044171],[123.7205853,10.5046257],[123.720408,10.5045138],[123.7204506,10.5044485],[123.7204704,10.5044504],[123.720559,10.5045063],[123.7207107,10.5044192],[123.7207257,10.5042617]]]},"properties":{"id":"ms-779","kind":"building","storeys":1,"origin":"ai","edited":false,"source":"Microsoft Global ML Building Footprints 2026-02-03 (ODbL)"}},{"type":"Feature","geometry":{"type":"Polygon","coordinates":[[[123.711451,10.5090775],[123.7114962,10.5091158],[123.7115168,10.5090923],[123.711586,10.509151],[123.7116364,10.5090935],[123.7116851,10.5091348],[123.711644,10.5091817],[123.7116378,10.5091765],[123.7115582,10.5092673],[123.7115265,10.5092403],[123.7115424,10.5092222],[123.7114731,10.5091635],[123.711369,10.5092823],[123.7113131,10.5092348],[123.711451,10.5090775]]]},"properties":{"id":"ms-780","kind":"building","storeys":1,"origin":"ai","edited":false,"source":"Microsoft Global ML Building Footprints 2026-02-03 (ODbL)"}},{"type":"Feature","geometry":{"type":"Polygon","coordinates":[[[123.7118689,10.5086699],[123.7119199,10.5086813],[123.7119094,10.5087265],[123.7118585,10.508715],[123.7118689,10.5086699]]]},"properties":{"id":"ms-781","kind":"building","storeys":1,"origin":"ai","edited":false,"source":"Microsoft Global ML Building Footprints 2026-02-03 (ODbL)"}},{"type":"Feature","geometry":{"type":"Polygon","coordinates":[[[123.7127056,10.5073874],[123.7126649,10.5073967],[123.7126536,10.5073492],[123.7126943,10.5073399],[123.7127056,10.5073874]]]},"properties":{"id":"ms-782","kind":"building","storeys":1,"origin":"ai","edited":false,"source":"Microsoft Global ML Building Footprints 2026-02-03 (ODbL)"}},{"type":"Feature","geometry":{"type":"Polygon","coordinates":[[[123.713797,10.508636],[123.7138053,10.5085326],[123.713856,10.5085365],[123.7138524,10.5085811],[123.713902,10.5085849],[123.7138973,10.5086438],[123.713797,10.508636]]]},"properties":{"id":"ms-783","kind":"building","storeys":1,"origin":"ai","edited":false,"source":"Microsoft Global ML Building Footprints 2026-02-03 (ODbL)"}},{"type":"Feature","geometry":{"type":"Polygon","coordinates":[[[123.7151972,10.5092414],[123.7151999,10.5091899],[123.7152507,10.5091924],[123.7152481,10.509244],[123.7151972,10.5092414]]]},"properties":{"id":"ms-784","kind":"building","storeys":1,"origin":"ai","edited":false,"source":"Microsoft Global ML Building Footprints 2026-02-03 (ODbL)"}},{"type":"Feature","geometry":{"type":"Polygon","coordinates":[[[123.71582,10.5139166],[123.7157652,10.5139201],[123.7157609,10.5138555],[123.7158157,10.513852],[123.71582,10.5139166]]]},"properties":{"id":"ms-785","kind":"building","storeys":1,"origin":"ai","edited":false,"source":"Microsoft Global ML Building Footprints 2026-02-03 (ODbL)"}},{"type":"Feature","geometry":{"type":"Polygon","coordinates":[[[123.7160559,10.5005959],[123.7160422,10.5005312],[123.7161527,10.5005085],[123.7161665,10.5005733],[123.7160559,10.5005959]]]},"properties":{"id":"ms-786","kind":"building","storeys":1,"origin":"ai","edited":false,"source":"Microsoft Global ML Building Footprints 2026-02-03 (ODbL)"}},{"type":"Feature","geometry":{"type":"Polygon","coordinates":[[[123.7163409,10.5031225],[123.7163945,10.503121],[123.7163964,10.5031843],[123.7163428,10.5031858],[123.7163409,10.5031225]]]},"properties":{"id":"ms-787","kind":"building","storeys":1,"origin":"ai","edited":false,"source":"Microsoft Global ML Building Footprints 2026-02-03 (ODbL)"}},{"type":"Feature","geometry":{"type":"Polygon","coordinates":[[[123.7171557,10.5061562],[123.7171282,10.5061812],[123.7171006,10.5061518],[123.7171281,10.5061269],[123.7171557,10.5061562]]]},"properties":{"id":"ms-788","kind":"building","storeys":1,"origin":"ai","edited":false,"source":"Microsoft Global ML Building Footprints 2026-02-03 (ODbL)"}},{"type":"Feature","geometry":{"type":"Polygon","coordinates":[[[123.7172418,10.5045863],[123.7174234,10.5046314],[123.7174113,10.5046785],[123.717371,10.5046685],[123.7173385,10.5047949],[123.7171455,10.504747],[123.7171752,10.5046314],[123.717227,10.5046442],[123.7172418,10.5045863]]]},"properties":{"id":"ms-789","kind":"building","storeys":1,"origin":"ai","edited":false,"source":"Microsoft Global ML Building Footprints 2026-02-03 (ODbL)"}},{"type":"Feature","geometry":{"type":"Polygon","coordinates":[[[123.7179359,10.5033449],[123.717988,10.5033482],[123.7179819,10.5034417],[123.7179299,10.5034385],[123.7179359,10.5033449]]]},"properties":{"id":"ms-790","kind":"building","storeys":1,"origin":"ai","edited":false,"source":"Microsoft Global ML Building Footprints 2026-02-03 (ODbL)"}},{"type":"Feature","geometry":{"type":"Polygon","coordinates":[[[123.7180773,10.5097199],[123.7180527,10.5097996],[123.7180208,10.5097901],[123.7180454,10.5097104],[123.7180773,10.5097199]]]},"properties":{"id":"ms-791","kind":"building","storeys":1,"origin":"ai","edited":false,"source":"Microsoft Global ML Building Footprints 2026-02-03 (ODbL)"}},{"type":"Feature","geometry":{"type":"Polygon","coordinates":[[[123.7124048,10.5084851],[123.7124798,10.5085016],[123.7124597,10.5085895],[123.7123847,10.5085729],[123.7124048,10.5084851]]]},"properties":{"id":"ms-792","kind":"building","storeys":1,"origin":"ai","edited":false,"source":"Microsoft Global ML Building Footprints 2026-02-03 (ODbL)"}},{"type":"Feature","geometry":{"type":"Polygon","coordinates":[[[123.7139473,10.5122327],[123.7138995,10.5122372],[123.7138928,10.5121692],[123.7139912,10.51216],[123.7140037,10.512288],[123.7139532,10.5122928],[123.7139473,10.5122327]]]},"properties":{"id":"ms-793","kind":"building","storeys":1,"origin":"ai","edited":false,"source":"Microsoft Global ML Building Footprints 2026-02-03 (ODbL)"}},{"type":"Feature","geometry":{"type":"Polygon","coordinates":[[[123.7143508,10.50773],[123.7143139,10.5078451],[123.7142505,10.5078255],[123.7142874,10.5077103],[123.7143508,10.50773]]]},"properties":{"id":"ms-794","kind":"building","storeys":1,"origin":"ai","edited":false,"source":"Microsoft Global ML Building Footprints 2026-02-03 (ODbL)"}},{"type":"Feature","geometry":{"type":"Polygon","coordinates":[[[123.7153437,10.5094188],[123.7152972,10.5095816],[123.7152326,10.5095637],[123.7152889,10.5093667],[123.7153361,10.5093797],[123.7153263,10.509414],[123.7153437,10.5094188]]]},"properties":{"id":"ms-795","kind":"building","storeys":1,"origin":"ai","edited":false,"source":"Microsoft Global ML Building Footprints 2026-02-03 (ODbL)"}},{"type":"Feature","geometry":{"type":"Polygon","coordinates":[[[123.715625,10.5062799],[123.7156006,10.5063769],[123.715454,10.5063412],[123.7154784,10.5062443],[123.715625,10.5062799]]]},"properties":{"id":"ms-796","kind":"building","storeys":1,"origin":"ai","edited":false,"source":"Microsoft Global ML Building Footprints 2026-02-03 (ODbL)"}},{"type":"Feature","geometry":{"type":"Polygon","coordinates":[[[123.715796,10.5024574],[123.7157978,10.5025286],[123.7156947,10.5025311],[123.7156957,10.5025696],[123.7156513,10.5025707],[123.7156486,10.502461],[123.715796,10.5024574]]]},"properties":{"id":"ms-797","kind":"building","storeys":1,"origin":"ai","edited":false,"source":"Microsoft Global ML Building Footprints 2026-02-03 (ODbL)"}},{"type":"Feature","geometry":{"type":"Polygon","coordinates":[[[123.7172163,10.5019112],[123.7171227,10.5019154],[123.7171201,10.5018601],[123.7172138,10.5018559],[123.7172163,10.5019112]]]},"properties":{"id":"ms-798","kind":"building","storeys":1,"origin":"ai","edited":false,"source":"Microsoft Global ML Building Footprints 2026-02-03 (ODbL)"}},{"type":"Feature","geometry":{"type":"Polygon","coordinates":[[[123.7173341,10.5147439],[123.717226,10.5147657],[123.7172135,10.5147058],[123.7173216,10.5146841],[123.7173341,10.5147439]]]},"properties":{"id":"ms-799","kind":"building","storeys":1,"origin":"ai","edited":false,"source":"Microsoft Global ML Building Footprints 2026-02-03 (ODbL)"}},{"type":"Feature","geometry":{"type":"Polygon","coordinates":[[[123.7194224,10.5089938],[123.7193325,10.5089468],[123.719318,10.5089735],[123.7192385,10.508932],[123.7193342,10.5087551],[123.719422,10.5088011],[123.7194053,10.5088319],[123.7194869,10.5088745],[123.7194224,10.5089938]]]},"properties":{"id":"ms-800","kind":"building","storeys":1,"origin":"ai","edited":false,"source":"Microsoft Global ML Building Footprints 2026-02-03 (ODbL)"}},{"type":"Feature","geometry":{"type":"Polygon","coordinates":[[[123.7120488,10.5094527],[123.7120443,10.5094865],[123.7120048,10.5094814],[123.7120092,10.5094477],[123.7120488,10.5094527]]]},"properties":{"id":"ms-801","kind":"building","storeys":1,"origin":"ai","edited":false,"source":"Microsoft Global ML Building Footprints 2026-02-03 (ODbL)"}},{"type":"Feature","geometry":{"type":"Polygon","coordinates":[[[123.712492,10.5083182],[123.7125333,10.5083368],[123.7125465,10.5083085],[123.7126293,10.5083459],[123.7125851,10.5084407],[123.712461,10.5083847],[123.712492,10.5083182]]]},"properties":{"id":"ms-802","kind":"building","storeys":1,"origin":"ai","edited":false,"source":"Microsoft Global ML Building Footprints 2026-02-03 (ODbL)"}},{"type":"Feature","geometry":{"type":"Polygon","coordinates":[[[123.7149642,10.5032221],[123.7150204,10.5032196],[123.7150235,10.5032869],[123.7149673,10.5032895],[123.7149642,10.5032221]]]},"properties":{"id":"ms-803","kind":"building","storeys":1,"origin":"ai","edited":false,"source":"Microsoft Global ML Building Footprints 2026-02-03 (ODbL)"}},{"type":"Feature","geometry":{"type":"Polygon","coordinates":[[[123.7190129,10.5120815],[123.7190363,10.5120011],[123.7190894,10.512016],[123.719066,10.5120965],[123.7190129,10.5120815]]]},"properties":{"id":"ms-804","kind":"building","storeys":1,"origin":"ai","edited":false,"source":"Microsoft Global ML Building Footprints 2026-02-03 (ODbL)"}},{"type":"Feature","geometry":{"type":"Polygon","coordinates":[[[123.7127201,10.5068678],[123.7126906,10.5069121],[123.712637,10.5068775],[123.7126665,10.5068333],[123.7127201,10.5068678]]]},"properties":{"id":"ms-805","kind":"building","storeys":1,"origin":"ai","edited":false,"source":"Microsoft Global ML Building Footprints 2026-02-03 (ODbL)"}},{"type":"Feature","geometry":{"type":"Polygon","coordinates":[[[123.7147042,10.5130489],[123.7146662,10.5130784],[123.7146245,10.5130263],[123.7146625,10.5129968],[123.7147042,10.5130489]]]},"properties":{"id":"ms-806","kind":"building","storeys":1,"origin":"ai","edited":false,"source":"Microsoft Global ML Building Footprints 2026-02-03 (ODbL)"}},{"type":"Feature","geometry":{"type":"Polygon","coordinates":[[[123.7147308,10.5000604],[123.7148986,10.5000564],[123.7149007,10.5001408],[123.7146337,10.5001471],[123.7146293,10.4999679],[123.7146641,10.4999671],[123.7146657,10.5000303],[123.71473,10.5000288],[123.7147308,10.5000604]]]},"properties":{"id":"ms-807","kind":"building","storeys":1,"origin":"ai","edited":false,"source":"Microsoft Global ML Building Footprints 2026-02-03 (ODbL)"}},{"type":"Feature","geometry":{"type":"Polygon","coordinates":[[[123.7151488,10.5057668],[123.7151183,10.5058887],[123.7149337,10.5058441],[123.7149486,10.5057844],[123.7150346,10.5058052],[123.7150501,10.505743],[123.7151488,10.5057668]]]},"properties":{"id":"ms-808","kind":"building","storeys":1,"origin":"ai","edited":false,"source":"Microsoft Global ML Building Footprints 2026-02-03 (ODbL)"}},{"type":"Feature","geometry":{"type":"Polygon","coordinates":[[[123.7151801,10.5081356],[123.7150944,10.5081336],[123.7150965,10.5080466],[123.7151823,10.5080486],[123.7151801,10.5081356]]]},"properties":{"id":"ms-809","kind":"building","storeys":1,"origin":"ai","edited":false,"source":"Microsoft Global ML Building Footprints 2026-02-03 (ODbL)"}},{"type":"Feature","geometry":{"type":"Polygon","coordinates":[[[123.7159142,10.5043227],[123.7159578,10.5042055],[123.7160087,10.5042238],[123.7159651,10.504341],[123.7159142,10.5043227]]]},"properties":{"id":"ms-810","kind":"building","storeys":1,"origin":"ai","edited":false,"source":"Microsoft Global ML Building Footprints 2026-02-03 (ODbL)"}},{"type":"Feature","geometry":{"type":"Polygon","coordinates":[[[123.71669,10.5047071],[123.716674,10.5047528],[123.7166956,10.5047601],[123.7166463,10.5049017],[123.7165395,10.5048657],[123.7165477,10.5048421],[123.7164949,10.5048243],[123.7165174,10.5047597],[123.7165282,10.5047634],[123.7165628,10.5046642],[123.71669,10.5047071]]]},"properties":{"id":"ms-811","kind":"building","storeys":1,"origin":"ai","edited":false,"source":"Microsoft Global ML Building Footprints 2026-02-03 (ODbL)"}},{"type":"Feature","geometry":{"type":"Polygon","coordinates":[[[123.7168306,10.5088913],[123.7167931,10.508904],[123.7167746,10.5088513],[123.7168121,10.5088386],[123.7168306,10.5088913]]]},"properties":{"id":"ms-812","kind":"building","storeys":1,"origin":"ai","edited":false,"source":"Microsoft Global ML Building Footprints 2026-02-03 (ODbL)"}},{"type":"Feature","geometry":{"type":"Polygon","coordinates":[[[123.717041,10.5047027],[123.7170393,10.5045894],[123.7171385,10.5045879],[123.7171403,10.5047012],[123.717041,10.5047027]]]},"properties":{"id":"ms-813","kind":"building","storeys":1,"origin":"ai","edited":false,"source":"Microsoft Global ML Building Footprints 2026-02-03 (ODbL)"}},{"type":"Feature","geometry":{"type":"Polygon","coordinates":[[[123.7175463,10.5043605],[123.7174592,10.5043391],[123.7174756,10.5042746],[123.7175627,10.504296],[123.7175463,10.5043605]]]},"properties":{"id":"ms-814","kind":"building","storeys":1,"origin":"ai","edited":false,"source":"Microsoft Global ML Building Footprints 2026-02-03 (ODbL)"}},{"type":"Feature","geometry":{"type":"Polygon","coordinates":[[[123.7191919,10.5078596],[123.7191658,10.5079429],[123.7191413,10.5079355],[123.7191519,10.5079018],[123.7191152,10.5078906],[123.7191307,10.507841],[123.7191919,10.5078596]]]},"properties":{"id":"ms-815","kind":"building","storeys":1,"origin":"ai","edited":false,"source":"Microsoft Global ML Building Footprints 2026-02-03 (ODbL)"}},{"type":"Feature","geometry":{"type":"Polygon","coordinates":[[[123.7194234,10.5055393],[123.7193985,10.5055775],[123.7193566,10.5055512],[123.7193815,10.5055129],[123.7194234,10.5055393]]]},"properties":{"id":"ms-816","kind":"building","storeys":1,"origin":"ai","edited":false,"source":"Microsoft Global ML Building Footprints 2026-02-03 (ODbL)"}},{"type":"Feature","geometry":{"type":"Polygon","coordinates":[[[123.7137401,10.5060411],[123.7136818,10.5061374],[123.7135769,10.5060759],[123.7136352,10.5059797],[123.7137401,10.5060411]]]},"properties":{"id":"ms-817","kind":"building","storeys":1,"origin":"ai","edited":false,"source":"Microsoft Global ML Building Footprints 2026-02-03 (ODbL)"}},{"type":"Feature","geometry":{"type":"Polygon","coordinates":[[[123.7157265,10.505205],[123.7157757,10.5052143],[123.7157595,10.5052972],[123.7157103,10.5052879],[123.7157265,10.505205]]]},"properties":{"id":"ms-818","kind":"building","storeys":1,"origin":"ai","edited":false,"source":"Microsoft Global ML Building Footprints 2026-02-03 (ODbL)"}},{"type":"Feature","geometry":{"type":"Polygon","coordinates":[[[123.7169487,10.5016793],[123.7169541,10.5017209],[123.7169092,10.5017265],[123.7169038,10.5016849],[123.7169487,10.5016793]]]},"properties":{"id":"ms-819","kind":"building","storeys":1,"origin":"ai","edited":false,"source":"Microsoft Global ML Building Footprints 2026-02-03 (ODbL)"}},{"type":"Feature","geometry":{"type":"Polygon","coordinates":[[[123.7176752,10.5085281],[123.717603,10.5086939],[123.7175206,10.5086592],[123.7175927,10.5084934],[123.7176752,10.5085281]]]},"properties":{"id":"ms-820","kind":"building","storeys":1,"origin":"ai","edited":false,"source":"Microsoft Global ML Building Footprints 2026-02-03 (ODbL)"}},{"type":"Feature","geometry":{"type":"Polygon","coordinates":[[[123.7113535,10.5106112],[123.7114471,10.5106163],[123.7114438,10.5106742],[123.7113502,10.510669],[123.7113535,10.5106112]]]},"properties":{"id":"ms-821","kind":"building","storeys":1,"origin":"ai","edited":false,"source":"Microsoft Global ML Building Footprints 2026-02-03 (ODbL)"}},{"type":"Feature","geometry":{"type":"Polygon","coordinates":[[[123.7194028,10.512302],[123.7194019,10.512351],[123.719359,10.5123503],[123.7193599,10.5123013],[123.7194028,10.512302]]]},"properties":{"id":"ms-822","kind":"building","storeys":1,"origin":"ai","edited":false,"source":"Microsoft Global ML Building Footprints 2026-02-03 (ODbL)"}},{"type":"Feature","geometry":{"type":"Polygon","coordinates":[[[123.7130322,10.5047686],[123.7131206,10.5047991],[123.7130616,10.5049646],[123.7129732,10.5049341],[123.7130322,10.5047686]]]},"properties":{"id":"ms-823","kind":"building","storeys":1,"origin":"ai","edited":false,"source":"Microsoft Global ML Building Footprints 2026-02-03 (ODbL)"}},{"type":"Feature","geometry":{"type":"Polygon","coordinates":[[[123.7149868,10.5067115],[123.7151222,10.5067347],[123.7150908,10.5069113],[123.7149555,10.5068881],[123.7149868,10.5067115]]]},"properties":{"id":"ms-824","kind":"building","storeys":1,"origin":"ai","edited":false,"source":"Microsoft Global ML Building Footprints 2026-02-03 (ODbL)"}},{"type":"Feature","geometry":{"type":"Polygon","coordinates":[[[123.7156248,10.510246],[123.715654,10.5102613],[123.715604,10.5103539],[123.7155183,10.510309],[123.7156328,10.5100973],[123.7156892,10.5101268],[123.7156248,10.510246]]]},"properties":{"id":"ms-825","kind":"building","storeys":1,"origin":"ai","edited":false,"source":"Microsoft Global ML Building Footprints 2026-02-03 (ODbL)"}},{"type":"Feature","geometry":{"type":"Polygon","coordinates":[[[123.7169976,10.5055239],[123.7169822,10.5055489],[123.71694,10.5055236],[123.7169555,10.5054986],[123.7169976,10.5055239]]]},"properties":{"id":"ms-826","kind":"building","storeys":1,"origin":"ai","edited":false,"source":"Microsoft Global ML Building Footprints 2026-02-03 (ODbL)"}},{"type":"Feature","geometry":{"type":"Polygon","coordinates":[[[123.7174611,10.5104879],[123.7175955,10.5105494],[123.7175565,10.5106318],[123.7174221,10.5105702],[123.7174611,10.5104879]]]},"properties":{"id":"ms-827","kind":"building","storeys":1,"origin":"ai","edited":false,"source":"Microsoft Global ML Building Footprints 2026-02-03 (ODbL)"}},{"type":"Feature","geometry":{"type":"Polygon","coordinates":[[[123.7185824,10.5029612],[123.718593,10.5028567],[123.7186275,10.5028601],[123.7186423,10.5027139],[123.7187352,10.5027229],[123.7187276,10.5027987],[123.7187821,10.502804],[123.7187762,10.502863],[123.7187349,10.502859],[123.7187294,10.5029138],[123.7186789,10.5029089],[123.7186727,10.50297],[123.7185824,10.5029612]]]},"properties":{"id":"ms-828","kind":"building","storeys":1,"origin":"ai","edited":false,"source":"Microsoft Global ML Building Footprints 2026-02-03 (ODbL)"}},{"type":"Feature","geometry":{"type":"Polygon","coordinates":[[[123.7131796,10.5057683],[123.7131601,10.5058113],[123.7131186,10.5057931],[123.7131381,10.5057501],[123.7131796,10.5057683]]]},"properties":{"id":"ms-829","kind":"building","storeys":1,"origin":"ai","edited":false,"source":"Microsoft Global ML Building Footprints 2026-02-03 (ODbL)"}},{"type":"Feature","geometry":{"type":"Polygon","coordinates":[[[123.71455,10.5078152],[123.7145862,10.5078221],[123.7145741,10.5078842],[123.7145379,10.5078773],[123.71455,10.5078152]]]},"properties":{"id":"ms-830","kind":"building","storeys":1,"origin":"ai","edited":false,"source":"Microsoft Global ML Building Footprints 2026-02-03 (ODbL)"}},{"type":"Feature","geometry":{"type":"Polygon","coordinates":[[[123.7151605,10.5033779],[123.7151553,10.5034816],[123.7151125,10.5034795],[123.7151106,10.5035179],[123.7150597,10.5035154],[123.7150668,10.5033734],[123.7151605,10.5033779]]]},"properties":{"id":"ms-831","kind":"building","storeys":1,"origin":"ai","edited":false,"source":"Microsoft Global ML Building Footprints 2026-02-03 (ODbL)"}},{"type":"Feature","geometry":{"type":"Polygon","coordinates":[[[123.7164875,10.5013134],[123.7164145,10.50132],[123.7164072,10.5012416],[123.7163247,10.501249],[123.7163224,10.5012245],[123.7164778,10.5012105],[123.7164875,10.5013134]]]},"properties":{"id":"ms-832","kind":"building","storeys":1,"origin":"ai","edited":false,"source":"Microsoft Global ML Building Footprints 2026-02-03 (ODbL)"}},{"type":"Feature","geometry":{"type":"Polygon","coordinates":[[[123.7183382,10.5028622],[123.7182767,10.5028584],[123.7182734,10.5029099],[123.7182093,10.5029059],[123.7182212,10.5027204],[123.7183468,10.5027282],[123.7183382,10.5028622]]]},"properties":{"id":"ms-833","kind":"building","storeys":1,"origin":"ai","edited":false,"source":"Microsoft Global ML Building Footprints 2026-02-03 (ODbL)"}},{"type":"Feature","geometry":{"type":"Polygon","coordinates":[[[123.7205006,10.5010622],[123.7204214,10.5010595],[123.7204243,10.5009752],[123.7205035,10.5009779],[123.7205006,10.5010622]]]},"properties":{"id":"ms-834","kind":"building","storeys":1,"origin":"ai","edited":false,"source":"Microsoft Global ML Building Footprints 2026-02-03 (ODbL)"}},{"type":"Feature","geometry":{"type":"Polygon","coordinates":[[[123.7141827,10.511228],[123.7141766,10.5112747],[123.714137,10.5112697],[123.7141431,10.511223],[123.7141827,10.511228]]]},"properties":{"id":"ms-835","kind":"building","storeys":1,"origin":"ai","edited":false,"source":"Microsoft Global ML Building Footprints 2026-02-03 (ODbL)"}},{"type":"Feature","geometry":{"type":"Polygon","coordinates":[[[123.7146703,10.5101276],[123.7145497,10.5101238],[123.7145537,10.51],[123.7146288,10.5100024],[123.7146265,10.5100709],[123.7146721,10.5100723],[123.7146703,10.5101276]]]},"properties":{"id":"ms-836","kind":"building","storeys":1,"origin":"ai","edited":false,"source":"Microsoft Global ML Building Footprints 2026-02-03 (ODbL)"}},{"type":"Feature","geometry":{"type":"Polygon","coordinates":[[[123.7152288,10.5013191],[123.7153188,10.5013164],[123.7153236,10.5014692],[123.7152336,10.501472],[123.7152288,10.5013191]]]},"properties":{"id":"ms-837","kind":"building","storeys":1,"origin":"ai","edited":false,"source":"Microsoft Global ML Building Footprints 2026-02-03 (ODbL)"}},{"type":"Feature","geometry":{"type":"Polygon","coordinates":[[[123.7160444,10.5021938],[123.7160425,10.5021295],[123.716147,10.5021266],[123.7161489,10.5021908],[123.7160444,10.5021938]]]},"properties":{"id":"ms-838","kind":"building","storeys":1,"origin":"ai","edited":false,"source":"Microsoft Global ML Building Footprints 2026-02-03 (ODbL)"}},{"type":"Feature","geometry":{"type":"Polygon","coordinates":[[[123.7166087,10.5014633],[123.7166476,10.5014657],[123.7166448,10.5015104],[123.7166059,10.501508],[123.7166087,10.5014633]]]},"properties":{"id":"ms-839","kind":"building","storeys":1,"origin":"ai","edited":false,"source":"Microsoft Global ML Building Footprints 2026-02-03 (ODbL)"}},{"type":"Feature","geometry":{"type":"Polygon","coordinates":[[[123.7141482,10.5115553],[123.7141529,10.511495],[123.7142116,10.5114994],[123.7142069,10.5115597],[123.7141482,10.5115553]]]},"properties":{"id":"ms-840","kind":"building","storeys":1,"origin":"ai","edited":false,"source":"Microsoft Global ML Building Footprints 2026-02-03 (ODbL)"}},{"type":"Feature","geometry":{"type":"Polygon","coordinates":[[[123.7147658,10.501753],[123.7147664,10.5018005],[123.7146714,10.5018016],[123.7146708,10.5017542],[123.7147658,10.501753]]]},"properties":{"id":"ms-841","kind":"building","storeys":1,"origin":"ai","edited":false,"source":"Microsoft Global ML Building Footprints 2026-02-03 (ODbL)"}},{"type":"Feature","geometry":{"type":"Polygon","coordinates":[[[123.7147905,10.5078525],[123.7148481,10.5076963],[123.7149311,10.5077259],[123.7148735,10.5078821],[123.7147905,10.5078525]]]},"properties":{"id":"ms-842","kind":"building","storeys":1,"origin":"ai","edited":false,"source":"Microsoft Global ML Building Footprints 2026-02-03 (ODbL)"}},{"type":"Feature","geometry":{"type":"Polygon","coordinates":[[[123.7148828,10.5143457],[123.7148799,10.5143919],[123.7148344,10.514389],[123.7148374,10.5143428],[123.7148828,10.5143457]]]},"properties":{"id":"ms-843","kind":"building","storeys":1,"origin":"ai","edited":false,"source":"Microsoft Global ML Building Footprints 2026-02-03 (ODbL)"}},{"type":"Feature","geometry":{"type":"Polygon","coordinates":[[[123.7166216,10.50517],[123.7166715,10.5050702],[123.716719,10.5050932],[123.7166691,10.505193],[123.7166216,10.50517]]]},"properties":{"id":"ms-844","kind":"building","storeys":1,"origin":"ai","edited":false,"source":"Microsoft Global ML Building Footprints 2026-02-03 (ODbL)"}},{"type":"Feature","geometry":{"type":"Polygon","coordinates":[[[123.7177556,10.5050717],[123.7178777,10.5050839],[123.7178629,10.5052275],[123.7177408,10.5052153],[123.7177556,10.5050717]]]},"properties":{"id":"ms-845","kind":"building","storeys":1,"origin":"ai","edited":false,"source":"Microsoft Global ML Building Footprints 2026-02-03 (ODbL)"}},{"type":"Feature","geometry":{"type":"Polygon","coordinates":[[[123.7185024,10.5119117],[123.7185619,10.5119464],[123.7185388,10.5119847],[123.7184793,10.5119499],[123.7185024,10.5119117]]]},"properties":{"id":"ms-846","kind":"building","storeys":1,"origin":"ai","edited":false,"source":"Microsoft Global ML Building Footprints 2026-02-03 (ODbL)"}},{"type":"Feature","geometry":{"type":"Polygon","coordinates":[[[123.7189082,10.5028831],[123.7189756,10.502891],[123.718986,10.5028052],[123.7190944,10.5028179],[123.7190733,10.5029921],[123.7188975,10.5029715],[123.7189082,10.5028831]]]},"properties":{"id":"ms-847","kind":"building","storeys":1,"origin":"ai","edited":false,"source":"Microsoft Global ML Building Footprints 2026-02-03 (ODbL)"}},{"type":"Feature","geometry":{"type":"Polygon","coordinates":[[[123.7142677,10.5063794],[123.7142342,10.506469],[123.7137854,10.5063065],[123.7138189,10.506217],[123.7142677,10.5063794]]]},"properties":{"id":"ms-848","kind":"building","storeys":1,"origin":"ai","edited":false,"source":"Microsoft Global ML Building Footprints 2026-02-03 (ODbL)"}},{"type":"Feature","geometry":{"type":"Polygon","coordinates":[[[123.7147491,10.5022807],[123.7149207,10.502284],[123.7149185,10.5023947],[123.7147469,10.5023914],[123.7147491,10.5022807]]]},"properties":{"id":"ms-849","kind":"building","storeys":1,"origin":"ai","edited":false,"source":"Microsoft Global ML Building Footprints 2026-02-03 (ODbL)"}},{"type":"Feature","geometry":{"type":"Polygon","coordinates":[[[123.7148333,10.5009612],[123.7148342,10.5008952],[123.7150433,10.5008981],[123.7150424,10.500964],[123.7148333,10.5009612]]]},"properties":{"id":"ms-850","kind":"building","storeys":1,"origin":"ai","edited":false,"source":"Microsoft Global ML Building Footprints 2026-02-03 (ODbL)"}},{"type":"Feature","geometry":{"type":"Polygon","coordinates":[[[123.7148366,10.5011086],[123.7148351,10.5010348],[123.714929,10.501033],[123.7149304,10.5011069],[123.7148366,10.5011086]]]},"properties":{"id":"ms-851","kind":"building","storeys":1,"origin":"ai","edited":false,"source":"Microsoft Global ML Building Footprints 2026-02-03 (ODbL)"}},{"type":"Feature","geometry":{"type":"Polygon","coordinates":[[[123.7148382,10.5109053],[123.7149033,10.5108839],[123.7149291,10.5109598],[123.714864,10.5109812],[123.7148382,10.5109053]]]},"properties":{"id":"ms-852","kind":"building","storeys":1,"origin":"ai","edited":false,"source":"Microsoft Global ML Building Footprints 2026-02-03 (ODbL)"}},{"type":"Feature","geometry":{"type":"Polygon","coordinates":[[[123.7151809,10.5057446],[123.7152861,10.5057666],[123.7151671,10.5063166],[123.7150619,10.5062946],[123.7151809,10.5057446]]]},"properties":{"id":"ms-853","kind":"building","storeys":1,"origin":"ai","edited":false,"source":"Microsoft Global ML Building Footprints 2026-02-03 (ODbL)"}},{"type":"Feature","geometry":{"type":"Polygon","coordinates":[[[123.7187608,10.5057959],[123.7187885,10.5057374],[123.7188338,10.5057581],[123.7188061,10.5058166],[123.7187608,10.5057959]]]},"properties":{"id":"ms-854","kind":"building","storeys":1,"origin":"ai","edited":false,"source":"Microsoft Global ML Building Footprints 2026-02-03 (ODbL)"}},{"type":"Feature","geometry":{"type":"Polygon","coordinates":[[[123.7196132,10.500212],[123.7195221,10.5002107],[123.7195234,10.5001195],[123.7196146,10.5001208],[123.7196132,10.500212]]]},"properties":{"id":"ms-855","kind":"building","storeys":1,"origin":"ai","edited":false,"source":"Microsoft Global ML Building Footprints 2026-02-03 (ODbL)"}},{"type":"Feature","geometry":{"type":"Polygon","coordinates":[[[123.7110082,10.5133004],[123.7112155,10.5132587],[123.7112374,10.5133637],[123.7112617,10.5133588],[123.7112723,10.5134094],[123.7110406,10.513456],[123.7110082,10.5133004]]]},"properties":{"id":"ms-856","kind":"building","storeys":1,"origin":"ai","edited":false,"source":"Microsoft Global ML Building Footprints 2026-02-03 (ODbL)"}},{"type":"Feature","geometry":{"type":"Polygon","coordinates":[[[123.7147405,10.5130327],[123.714706,10.5130519],[123.7146709,10.5129914],[123.7147054,10.5129721],[123.7147405,10.5130327]]]},"properties":{"id":"ms-857","kind":"building","storeys":1,"origin":"ai","edited":false,"source":"Microsoft Global ML Building Footprints 2026-02-03 (ODbL)"}},{"type":"Feature","geometry":{"type":"Polygon","coordinates":[[[123.7151194,10.502808],[123.7151158,10.5029001],[123.715022,10.5028966],[123.7150256,10.5028044],[123.7151194,10.502808]]]},"properties":{"id":"ms-858","kind":"building","storeys":1,"origin":"ai","edited":false,"source":"Microsoft Global ML Building Footprints 2026-02-03 (ODbL)"}},{"type":"Feature","geometry":{"type":"Polygon","coordinates":[[[123.7187364,10.5120875],[123.7187727,10.5120967],[123.7187606,10.5121426],[123.7187243,10.5121334],[123.7187364,10.5120875]]]},"properties":{"id":"ms-859","kind":"building","storeys":1,"origin":"ai","edited":false,"source":"Microsoft Global ML Building Footprints 2026-02-03 (ODbL)"}},{"type":"Feature","geometry":{"type":"Polygon","coordinates":[[[123.7144946,10.5075815],[123.7145041,10.5074954],[123.7146181,10.5075075],[123.7146087,10.5075935],[123.7144946,10.5075815]]]},"properties":{"id":"ms-860","kind":"building","storeys":1,"origin":"ai","edited":false,"source":"Microsoft Global ML Building Footprints 2026-02-03 (ODbL)"}},{"type":"Feature","geometry":{"type":"Polygon","coordinates":[[[123.7149927,10.5006738],[123.7149944,10.5006185],[123.7150427,10.50062],[123.7150409,10.5006753],[123.7149927,10.5006738]]]},"properties":{"id":"ms-861","kind":"building","storeys":1,"origin":"ai","edited":false,"source":"Microsoft Global ML Building Footprints 2026-02-03 (ODbL)"}},{"type":"Feature","geometry":{"type":"Polygon","coordinates":[[[123.7165027,10.5058132],[123.7165532,10.5057627],[123.7165846,10.5057931],[123.7165341,10.5058436],[123.7165027,10.5058132]]]},"properties":{"id":"ms-862","kind":"building","storeys":1,"origin":"ai","edited":false,"source":"Microsoft Global ML Building Footprints 2026-02-03 (ODbL)"}},{"type":"Feature","geometry":{"type":"Polygon","coordinates":[[[123.7188933,10.5050336],[123.7189201,10.5049525],[123.719022,10.5049851],[123.7189886,10.5050862],[123.7190056,10.5050916],[123.7189807,10.505167],[123.7189357,10.5051526],[123.7189673,10.5050572],[123.7188933,10.5050336]]]},"properties":{"id":"ms-863","kind":"building","storeys":1,"origin":"ai","edited":false,"source":"Microsoft Global ML Building Footprints 2026-02-03 (ODbL)"}},{"type":"Feature","geometry":{"type":"Polygon","coordinates":[[[123.7125867,10.5067867],[123.7125443,10.5068394],[123.7124931,10.5067996],[123.7125355,10.5067469],[123.7125867,10.5067867]]]},"properties":{"id":"ms-864","kind":"building","storeys":1,"origin":"ai","edited":false,"source":"Microsoft Global ML Building Footprints 2026-02-03 (ODbL)"}},{"type":"Feature","geometry":{"type":"Polygon","coordinates":[[[123.7126614,10.5076442],[123.7126882,10.5076029],[123.712756,10.5076455],[123.7127293,10.5076867],[123.7126614,10.5076442]]]},"properties":{"id":"ms-865","kind":"building","storeys":1,"origin":"ai","edited":false,"source":"Microsoft Global ML Building Footprints 2026-02-03 (ODbL)"}},{"type":"Feature","geometry":{"type":"Polygon","coordinates":[[[123.7147756,10.5005283],[123.7147765,10.5006154],[123.7146666,10.5006166],[123.7146656,10.5005295],[123.7147756,10.5005283]]]},"properties":{"id":"ms-866","kind":"building","storeys":1,"origin":"ai","edited":false,"source":"Microsoft Global ML Building Footprints 2026-02-03 (ODbL)"}},{"type":"Feature","geometry":{"type":"Polygon","coordinates":[[[123.714863,10.5040159],[123.7149001,10.5038864],[123.7151101,10.5039445],[123.7150755,10.5040653],[123.7150419,10.504056],[123.7150587,10.5039973],[123.715009,10.5039836],[123.7149897,10.504051],[123.714863,10.5040159]]]},"properties":{"id":"ms-867","kind":"building","storeys":1,"origin":"ai","edited":false,"source":"Microsoft Global ML Building Footprints 2026-02-03 (ODbL)"}},{"type":"Feature","geometry":{"type":"Polygon","coordinates":[[[123.7188737,10.5121009],[123.7188637,10.5121518],[123.7188043,10.5121404],[123.7188143,10.5120896],[123.7188737,10.5121009]]]},"properties":{"id":"ms-868","kind":"building","storeys":1,"origin":"ai","edited":false,"source":"Microsoft Global ML Building Footprints 2026-02-03 (ODbL)"}},{"type":"Feature","geometry":{"type":"Polygon","coordinates":[[[123.7188935,10.5020053],[123.7189954,10.5020074],[123.7189938,10.5020812],[123.7188919,10.5020791],[123.7188935,10.5020053]]]},"properties":{"id":"ms-869","kind":"building","storeys":1,"origin":"ai","edited":false,"source":"Microsoft Global ML Building Footprints 2026-02-03 (ODbL)"}},{"type":"Feature","geometry":{"type":"Polygon","coordinates":[[[123.7200546,10.5002354],[123.7200566,10.5001737],[123.7201354,10.5001761],[123.7201334,10.5002379],[123.7200546,10.5002354]]]},"properties":{"id":"ms-870","kind":"building","storeys":1,"origin":"ai","edited":false,"source":"Microsoft Global ML Building Footprints 2026-02-03 (ODbL)"}},{"type":"Feature","geometry":{"type":"Polygon","coordinates":[[[123.7132047,10.5065312],[123.7131742,10.5065757],[123.7131189,10.506539],[123.7131495,10.5064945],[123.7132047,10.5065312]]]},"properties":{"id":"ms-871","kind":"building","storeys":1,"origin":"ai","edited":false,"source":"Microsoft Global ML Building Footprints 2026-02-03 (ODbL)"}},{"type":"Feature","geometry":{"type":"Polygon","coordinates":[[[123.71612,10.5026668],[123.7161265,10.5025813],[123.7162679,10.5025916],[123.7162683,10.5025854],[123.7163644,10.5025924],[123.7163584,10.5026711],[123.7162556,10.5026636],[123.7162512,10.5027223],[123.7161672,10.5027161],[123.7161707,10.5026705],[123.71612,10.5026668]]]},"properties":{"id":"ms-872","kind":"building","storeys":1,"origin":"ai","edited":false,"source":"Microsoft Global ML Building Footprints 2026-02-03 (ODbL)"}},{"type":"Feature","geometry":{"type":"Polygon","coordinates":[[[123.7172278,10.5036777],[123.717233,10.5036469],[123.7173218,10.5036613],[123.7173166,10.5036921],[123.7172278,10.5036777]]]},"properties":{"id":"ms-873","kind":"building","storeys":1,"origin":"ai","edited":false,"source":"Microsoft Global ML Building Footprints 2026-02-03 (ODbL)"}},{"type":"Feature","geometry":{"type":"Polygon","coordinates":[[[123.7177792,10.5089662],[123.7178507,10.5089911],[123.7178316,10.5090441],[123.7177601,10.5090192],[123.7177792,10.5089662]]]},"properties":{"id":"ms-874","kind":"building","storeys":1,"origin":"ai","edited":false,"source":"Microsoft Global ML Building Footprints 2026-02-03 (ODbL)"}},{"type":"Feature","geometry":{"type":"Polygon","coordinates":[[[123.7206044,10.5024159],[123.7206086,10.5025119],[123.7204721,10.5025177],[123.7204678,10.5024218],[123.7206044,10.5024159]]]},"properties":{"id":"ms-875","kind":"building","storeys":1,"origin":"ai","edited":false,"source":"Microsoft Global ML Building Footprints 2026-02-03 (ODbL)"}},{"type":"Feature","geometry":{"type":"Polygon","coordinates":[[[123.7117525,10.5087512],[123.7117031,10.5088567],[123.7117239,10.5088661],[123.711758,10.5087932],[123.7118346,10.5088279],[123.711749,10.5090107],[123.7116318,10.5089576],[123.7116588,10.5088999],[123.7115334,10.5088432],[123.7115192,10.5088736],[123.7114851,10.5088582],[123.7115733,10.50867],[123.7117525,10.5087512]]]},"properties":{"id":"ms-876","kind":"building","storeys":1,"origin":"ai","edited":false,"source":"Microsoft Global ML Building Footprints 2026-02-03 (ODbL)"}},{"type":"Feature","geometry":{"type":"Polygon","coordinates":[[[123.7126714,10.5088927],[123.712723,10.5088229],[123.7127721,10.508858],[123.7127205,10.5089278],[123.7126714,10.5088927]]]},"properties":{"id":"ms-877","kind":"building","storeys":1,"origin":"ai","edited":false,"source":"Microsoft Global ML Building Footprints 2026-02-03 (ODbL)"}},{"type":"Feature","geometry":{"type":"Polygon","coordinates":[[[123.7130284,10.506141],[123.713054,10.5061489],[123.7130288,10.5062282],[123.7131084,10.5062526],[123.7130859,10.5063236],[123.7129808,10.5062914],[123.7130284,10.506141]]]},"properties":{"id":"ms-878","kind":"building","storeys":1,"origin":"ai","edited":false,"source":"Microsoft Global ML Building Footprints 2026-02-03 (ODbL)"}},{"type":"Feature","geometry":{"type":"Polygon","coordinates":[[[123.7138781,10.5125505],[123.7138749,10.5124874],[123.7139364,10.5124844],[123.7139396,10.5125476],[123.7138781,10.5125505]]]},"properties":{"id":"ms-879","kind":"building","storeys":1,"origin":"ai","edited":false,"source":"Microsoft Global ML Building Footprints 2026-02-03 (ODbL)"}},{"type":"Feature","geometry":{"type":"Polygon","coordinates":[[[123.7155679,10.5083768],[123.7156259,10.5082461],[123.7158265,10.5083321],[123.7157685,10.5084628],[123.7155679,10.5083768]]]},"properties":{"id":"ms-880","kind":"building","storeys":1,"origin":"ai","edited":false,"source":"Microsoft Global ML Building Footprints 2026-02-03 (ODbL)"}},{"type":"Feature","geometry":{"type":"Polygon","coordinates":[[[123.7155928,10.5054457],[123.7156964,10.505465],[123.7156677,10.5056136],[123.7155641,10.5055943],[123.7155928,10.5054457]]]},"properties":{"id":"ms-881","kind":"building","storeys":1,"origin":"ai","edited":false,"source":"Microsoft Global ML Building Footprints 2026-02-03 (ODbL)"}},{"type":"Feature","geometry":{"type":"Polygon","coordinates":[[[123.7157133,10.5024497],[123.715677,10.5024489],[123.7156807,10.5022786],[123.7157465,10.50228],[123.7157442,10.5023844],[123.7157148,10.5023838],[123.7157133,10.5024497]]]},"properties":{"id":"ms-882","kind":"building","storeys":1,"origin":"ai","edited":false,"source":"Microsoft Global ML Building Footprints 2026-02-03 (ODbL)"}},{"type":"Feature","geometry":{"type":"Polygon","coordinates":[[[123.7157614,10.5026612],[123.7158067,10.5026651],[123.7158036,10.5026991],[123.7157584,10.5026953],[123.7157614,10.5026612]]]},"properties":{"id":"ms-883","kind":"building","storeys":1,"origin":"ai","edited":false,"source":"Microsoft Global ML Building Footprints 2026-02-03 (ODbL)"}},{"type":"Feature","geometry":{"type":"Polygon","coordinates":[[[123.7161534,10.5056424],[123.7161685,10.5055717],[123.716279,10.5055944],[123.7162699,10.5056373],[123.716225,10.5056281],[123.7162191,10.5056559],[123.7161534,10.5056424]]]},"properties":{"id":"ms-884","kind":"building","storeys":1,"origin":"ai","edited":false,"source":"Microsoft Global ML Building Footprints 2026-02-03 (ODbL)"}},{"type":"Feature","geometry":{"type":"Polygon","coordinates":[[[123.7177496,10.509771],[123.7177152,10.5098473],[123.7175022,10.5097546],[123.7175608,10.5096245],[123.7176168,10.5096489],[123.7175926,10.5097026],[123.7177496,10.509771]]]},"properties":{"id":"ms-885","kind":"building","storeys":1,"origin":"ai","edited":false,"source":"Microsoft Global ML Building Footprints 2026-02-03 (ODbL)"}},{"type":"Feature","geometry":{"type":"Polygon","coordinates":[[[123.7192652,10.5018584],[123.719316,10.5018562],[123.7193186,10.5019114],[123.7192677,10.5019137],[123.7192652,10.5018584]]]},"properties":{"id":"ms-886","kind":"building","storeys":1,"origin":"ai","edited":false,"source":"Microsoft Global ML Building Footprints 2026-02-03 (ODbL)"}},{"type":"Feature","geometry":{"type":"Polygon","coordinates":[[[123.7192754,10.5083271],[123.7192493,10.508372],[123.7192048,10.5083469],[123.719231,10.5083021],[123.7192754,10.5083271]]]},"properties":{"id":"ms-887","kind":"building","storeys":1,"origin":"ai","edited":false,"source":"Microsoft Global ML Building Footprints 2026-02-03 (ODbL)"}},{"type":"Feature","geometry":{"type":"Polygon","coordinates":[[[123.7199233,10.5124651],[123.7199319,10.5123842],[123.7200831,10.5123997],[123.7200745,10.5124806],[123.7199233,10.5124651]]]},"properties":{"id":"ms-888","kind":"building","storeys":1,"origin":"ai","edited":false,"source":"Microsoft Global ML Building Footprints 2026-02-03 (ODbL)"}},{"type":"Feature","geometry":{"type":"Polygon","coordinates":[[[123.715989,10.5150508],[123.7159257,10.5150387],[123.715942,10.5149564],[123.7160053,10.5149685],[123.715989,10.5150508]]]},"properties":{"id":"ms-889","kind":"building","storeys":1,"origin":"ai","edited":false,"source":"Microsoft Global ML Building Footprints 2026-02-03 (ODbL)"}},{"type":"Feature","geometry":{"type":"Polygon","coordinates":[[[123.7160543,10.502623],[123.7160472,10.5025435],[123.7161151,10.5025376],[123.7161199,10.5025909],[123.7160986,10.5025928],[123.716101,10.5026189],[123.7160543,10.502623]]]},"properties":{"id":"ms-890","kind":"building","storeys":1,"origin":"ai","edited":false,"source":"Microsoft Global ML Building Footprints 2026-02-03 (ODbL)"}},{"type":"Feature","geometry":{"type":"Polygon","coordinates":[[[123.7165449,10.5149025],[123.716419,10.5148988],[123.7164221,10.5147971],[123.716548,10.5148007],[123.7165449,10.5149025]]]},"properties":{"id":"ms-891","kind":"building","storeys":1,"origin":"ai","edited":false,"source":"Microsoft Global ML Building Footprints 2026-02-03 (ODbL)"}},{"type":"Feature","geometry":{"type":"Polygon","coordinates":[[[123.7174077,10.5045258],[123.7174301,10.5044849],[123.71748,10.5045114],[123.7174575,10.5045522],[123.7174077,10.5045258]]]},"properties":{"id":"ms-892","kind":"building","storeys":1,"origin":"ai","edited":false,"source":"Microsoft Global ML Building Footprints 2026-02-03 (ODbL)"}},{"type":"Feature","geometry":{"type":"Polygon","coordinates":[[[123.7188722,10.5071329],[123.7189583,10.5069474],[123.7190737,10.5069992],[123.7189876,10.5071847],[123.7188722,10.5071329]]]},"properties":{"id":"ms-893","kind":"building","storeys":1,"origin":"ai","edited":false,"source":"Microsoft Global ML Building Footprints 2026-02-03 (ODbL)"}},{"type":"Feature","geometry":{"type":"Polygon","coordinates":[[[123.7189455,10.5117085],[123.7189906,10.5117291],[123.7189619,10.5117898],[123.7189168,10.5117693],[123.7189455,10.5117085]]]},"properties":{"id":"ms-894","kind":"building","storeys":1,"origin":"ai","edited":false,"source":"Microsoft Global ML Building Footprints 2026-02-03 (ODbL)"}},{"type":"Feature","geometry":{"type":"Polygon","coordinates":[[[123.7192947,10.511977],[123.7193168,10.5119321],[123.7193525,10.511949],[123.7193798,10.5118934],[123.7194093,10.5119074],[123.71936,10.512008],[123.7192947,10.511977]]]},"properties":{"id":"ms-895","kind":"building","storeys":1,"origin":"ai","edited":false,"source":"Microsoft Global ML Building Footprints 2026-02-03 (ODbL)"}},{"type":"Feature","geometry":{"type":"Polygon","coordinates":[[[123.7203829,10.5078175],[123.7204257,10.5078387],[123.7204053,10.5078787],[123.7203625,10.5078575],[123.7203829,10.5078175]]]},"properties":{"id":"ms-896","kind":"building","storeys":1,"origin":"ai","edited":false,"source":"Microsoft Global ML Building Footprints 2026-02-03 (ODbL)"}},{"type":"Feature","geometry":{"type":"Polygon","coordinates":[[[123.712945,10.5033107],[123.7129575,10.5032067],[123.7130316,10.5032152],[123.7130275,10.5032491],[123.7130725,10.5032543],[123.7130641,10.5033245],[123.712945,10.5033107]]]},"properties":{"id":"ms-897","kind":"building","storeys":1,"origin":"ai","edited":false,"source":"Microsoft Global ML Building Footprints 2026-02-03 (ODbL)"}},{"type":"Feature","geometry":{"type":"Polygon","coordinates":[[[123.713129,10.507388],[123.7131759,10.5073294],[123.7132454,10.5073833],[123.7131985,10.5074418],[123.713129,10.507388]]]},"properties":{"id":"ms-898","kind":"building","storeys":1,"origin":"ai","edited":false,"source":"Microsoft Global ML Building Footprints 2026-02-03 (ODbL)"}},{"type":"Feature","geometry":{"type":"Polygon","coordinates":[[[123.7157387,10.5139079],[123.7156731,10.5139086],[123.7156721,10.5138137],[123.7157377,10.513813],[123.7157387,10.5139079]]]},"properties":{"id":"ms-899","kind":"building","storeys":1,"origin":"ai","edited":false,"source":"Microsoft Global ML Building Footprints 2026-02-03 (ODbL)"}},{"type":"Feature","geometry":{"type":"Polygon","coordinates":[[[123.7158833,10.5058002],[123.7158246,10.5059492],[123.7157266,10.5059119],[123.7157853,10.5057629],[123.7158833,10.5058002]]]},"properties":{"id":"ms-900","kind":"building","storeys":1,"origin":"ai","edited":false,"source":"Microsoft Global ML Building Footprints 2026-02-03 (ODbL)"}},{"type":"Feature","geometry":{"type":"Polygon","coordinates":[[[123.7161964,10.5095723],[123.7161403,10.5096795],[123.7161021,10.5096601],[123.7161582,10.509553],[123.7161964,10.5095723]]]},"properties":{"id":"ms-901","kind":"building","storeys":1,"origin":"ai","edited":false,"source":"Microsoft Global ML Building Footprints 2026-02-03 (ODbL)"}},{"type":"Feature","geometry":{"type":"Polygon","coordinates":[[[123.7171519,10.5105723],[123.7172304,10.5106034],[123.7172044,10.5106669],[123.7171259,10.5106359],[123.7171519,10.5105723]]]},"properties":{"id":"ms-902","kind":"building","storeys":1,"origin":"ai","edited":false,"source":"Microsoft Global ML Building Footprints 2026-02-03 (ODbL)"}},{"type":"Feature","geometry":{"type":"Polygon","coordinates":[[[123.7201216,10.5102332],[123.7200817,10.5102677],[123.7200505,10.5102328],[123.7200904,10.5101983],[123.7201216,10.5102332]]]},"properties":{"id":"ms-903","kind":"building","storeys":1,"origin":"ai","edited":false,"source":"Microsoft Global ML Building Footprints 2026-02-03 (ODbL)"}},{"type":"Feature","geometry":{"type":"Polygon","coordinates":[[[123.7129919,10.5074953],[123.7130623,10.5075678],[123.7130117,10.5076152],[123.7129414,10.5075427],[123.7129919,10.5074953]]]},"properties":{"id":"ms-904","kind":"building","storeys":1,"origin":"ai","edited":false,"source":"Microsoft Global ML Building Footprints 2026-02-03 (ODbL)"}},{"type":"Feature","geometry":{"type":"Polygon","coordinates":[[[123.7139783,10.5077032],[123.7140533,10.5077716],[123.7139877,10.507841],[123.7139128,10.5077726],[123.7139783,10.5077032]]]},"properties":{"id":"ms-905","kind":"building","storeys":1,"origin":"ai","edited":false,"source":"Microsoft Global ML Building Footprints 2026-02-03 (ODbL)"}},{"type":"Feature","geometry":{"type":"Polygon","coordinates":[[[123.7143553,10.5010521],[123.7144152,10.5010317],[123.7144455,10.5011179],[123.7143855,10.5011383],[123.7143553,10.5010521]]]},"properties":{"id":"ms-906","kind":"building","storeys":1,"origin":"ai","edited":false,"source":"Microsoft Global ML Building Footprints 2026-02-03 (ODbL)"}},{"type":"Feature","geometry":{"type":"Polygon","coordinates":[[[123.7161774,10.5104989],[123.7162093,10.5104158],[123.7162914,10.5104463],[123.7162595,10.5105294],[123.7161774,10.5104989]]]},"properties":{"id":"ms-907","kind":"building","storeys":1,"origin":"ai","edited":false,"source":"Microsoft Global ML Building Footprints 2026-02-03 (ODbL)"}},{"type":"Feature","geometry":{"type":"Polygon","coordinates":[[[123.716313,10.5018222],[123.7163107,10.5017739],[123.7163509,10.5017721],[123.7163532,10.5018204],[123.716313,10.5018222]]]},"properties":{"id":"ms-908","kind":"building","storeys":1,"origin":"ai","edited":false,"source":"Microsoft Global ML Building Footprints 2026-02-03 (ODbL)"}},{"type":"Feature","geometry":{"type":"Polygon","coordinates":[[[123.7165393,10.5013833],[123.7164501,10.5013965],[123.71644,10.5013304],[123.7165292,10.5013172],[123.7165393,10.5013833]]]},"properties":{"id":"ms-909","kind":"building","storeys":1,"origin":"ai","edited":false,"source":"Microsoft Global ML Building Footprints 2026-02-03 (ODbL)"}},{"type":"Feature","geometry":{"type":"Polygon","coordinates":[[[123.7173391,10.5044401],[123.7172278,10.5044042],[123.7172408,10.5043652],[123.7174212,10.5044235],[123.7174228,10.5044187],[123.7175038,10.5044449],[123.7174845,10.5045029],[123.7174239,10.5044833],[123.7174036,10.5045444],[123.7173709,10.5045338],[123.7173661,10.5045481],[123.7173092,10.5045297],[123.7173391,10.5044401]]]},"properties":{"id":"ms-910","kind":"building","storeys":1,"origin":"ai","edited":false,"source":"Microsoft Global ML Building Footprints 2026-02-03 (ODbL)"}},{"type":"Feature","geometry":{"type":"Polygon","coordinates":[[[123.7182845,10.5023575],[123.718252,10.5024129],[123.7182298,10.5024003],[123.7182623,10.5023449],[123.7182845,10.5023575]]]},"properties":{"id":"ms-911","kind":"building","storeys":1,"origin":"ai","edited":false,"source":"Microsoft Global ML Building Footprints 2026-02-03 (ODbL)"}},{"type":"Feature","geometry":{"type":"Polygon","coordinates":[[[123.718527,10.5139508],[123.7185713,10.5139503],[123.7185722,10.5140347],[123.7185279,10.5140352],[123.718527,10.5139508]]]},"properties":{"id":"ms-912","kind":"building","storeys":1,"origin":"ai","edited":false,"source":"Microsoft Global ML Building Footprints 2026-02-03 (ODbL)"}},{"type":"Feature","geometry":{"type":"Polygon","coordinates":[[[123.7187388,10.5092751],[123.7187574,10.509347],[123.7186708,10.5093685],[123.7186522,10.5092967],[123.7187388,10.5092751]]]},"properties":{"id":"ms-913","kind":"building","storeys":1,"origin":"ai","edited":false,"source":"Microsoft Global ML Building Footprints 2026-02-03 (ODbL)"}},{"type":"Feature","geometry":{"type":"Polygon","coordinates":[[[123.71495,10.5023432],[123.7149247,10.5023422],[123.714927,10.5022895],[123.7149524,10.5022906],[123.71495,10.5023432]]]},"properties":{"id":"ms-914","kind":"building","storeys":1,"origin":"ai","edited":false,"source":"Microsoft Global ML Building Footprints 2026-02-03 (ODbL)"}},{"type":"Feature","geometry":{"type":"Polygon","coordinates":[[[123.7150872,10.5085861],[123.7151811,10.5085878],[123.7151792,10.5086879],[123.7150854,10.5086863],[123.7150872,10.5085861]]]},"properties":{"id":"ms-915","kind":"building","storeys":1,"origin":"ai","edited":false,"source":"Microsoft Global ML Building Footprints 2026-02-03 (ODbL)"}},{"type":"Feature","geometry":{"type":"Polygon","coordinates":[[[123.7153428,10.500986],[123.7153948,10.5009844],[123.7153963,10.5010319],[123.7153442,10.5010334],[123.7153428,10.500986]]]},"properties":{"id":"ms-916","kind":"building","storeys":1,"origin":"ai","edited":false,"source":"Microsoft Global ML Building Footprints 2026-02-03 (ODbL)"}},{"type":"Feature","geometry":{"type":"Polygon","coordinates":[[[123.715833,10.5051019],[123.715693,10.5050503],[123.7157415,10.5049231],[123.7158814,10.5049747],[123.715833,10.5051019]]]},"properties":{"id":"ms-917","kind":"building","storeys":1,"origin":"ai","edited":false,"source":"Microsoft Global ML Building Footprints 2026-02-03 (ODbL)"}},{"type":"Feature","geometry":{"type":"Polygon","coordinates":[[[123.7159122,10.5013251],[123.7159915,10.5013227],[123.7159944,10.5014176],[123.7159151,10.50142],[123.7159122,10.5013251]]]},"properties":{"id":"ms-918","kind":"building","storeys":1,"origin":"ai","edited":false,"source":"Microsoft Global ML Building Footprints 2026-02-03 (ODbL)"}},{"type":"Feature","geometry":{"type":"Polygon","coordinates":[[[123.7166805,10.5045047],[123.716667,10.5045688],[123.7165911,10.5045534],[123.7166046,10.5044892],[123.7166805,10.5045047]]]},"properties":{"id":"ms-919","kind":"building","storeys":1,"origin":"ai","edited":false,"source":"Microsoft Global ML Building Footprints 2026-02-03 (ODbL)"}},{"type":"Feature","geometry":{"type":"Polygon","coordinates":[[[123.7170406,10.512783],[123.7170415,10.5127409],[123.7171232,10.5127427],[123.7171222,10.5127849],[123.7170406,10.512783]]]},"properties":{"id":"ms-920","kind":"building","storeys":1,"origin":"ai","edited":false,"source":"Microsoft Global ML Building Footprints 2026-02-03 (ODbL)"}},{"type":"Feature","geometry":{"type":"Polygon","coordinates":[[[123.7171332,10.5042404],[123.7171143,10.5043453],[123.7170558,10.5043351],[123.7170747,10.5042302],[123.7171332,10.5042404]]]},"properties":{"id":"ms-921","kind":"building","storeys":1,"origin":"ai","edited":false,"source":"Microsoft Global ML Building Footprints 2026-02-03 (ODbL)"}},{"type":"Feature","geometry":{"type":"Polygon","coordinates":[[[123.7175896,10.5022291],[123.717552,10.5022298],[123.7175505,10.502155],[123.717588,10.5021543],[123.7175896,10.5022291]]]},"properties":{"id":"ms-922","kind":"building","storeys":1,"origin":"ai","edited":false,"source":"Microsoft Global ML Building Footprints 2026-02-03 (ODbL)"}},{"type":"Feature","geometry":{"type":"Polygon","coordinates":[[[123.7184799,10.5065458],[123.7185488,10.5065887],[123.7185047,10.5066572],[123.7184358,10.5066143],[123.7184799,10.5065458]]]},"properties":{"id":"ms-923","kind":"building","storeys":1,"origin":"ai","edited":false,"source":"Microsoft Global ML Building Footprints 2026-02-03 (ODbL)"}},{"type":"Feature","geometry":{"type":"Polygon","coordinates":[[[123.7190305,10.5015525],[123.7190627,10.501597],[123.718963,10.5016668],[123.7189308,10.5016223],[123.7190305,10.5015525]]]},"properties":{"id":"ms-924","kind":"building","storeys":1,"origin":"ai","edited":false,"source":"Microsoft Global ML Building Footprints 2026-02-03 (ODbL)"}},{"type":"Feature","geometry":{"type":"Polygon","coordinates":[[[123.7114293,10.507973],[123.7113671,10.5080251],[123.7112916,10.5079378],[123.7113539,10.5078857],[123.7114293,10.507973]]]},"properties":{"id":"ms-925","kind":"building","storeys":1,"origin":"ai","edited":false,"source":"Microsoft Global ML Building Footprints 2026-02-03 (ODbL)"}},{"type":"Feature","geometry":{"type":"Polygon","coordinates":[[[123.7141742,10.5100327],[123.7141777,10.5100946],[123.7140824,10.5100998],[123.7140737,10.5099447],[123.714284,10.5099333],[123.7142892,10.5100264],[123.7141742,10.5100327]]]},"properties":{"id":"ms-926","kind":"building","storeys":1,"origin":"ai","edited":false,"source":"Microsoft Global ML Building Footprints 2026-02-03 (ODbL)"}},{"type":"Feature","geometry":{"type":"Polygon","coordinates":[[[123.7154929,10.504059],[123.7154984,10.5040256],[123.7155624,10.5040359],[123.7155569,10.5040693],[123.7154929,10.504059]]]},"properties":{"id":"ms-927","kind":"building","storeys":1,"origin":"ai","edited":false,"source":"Microsoft Global ML Building Footprints 2026-02-03 (ODbL)"}},{"type":"Feature","geometry":{"type":"Polygon","coordinates":[[[123.7159725,10.510293],[123.7159346,10.510383],[123.7158591,10.5103522],[123.715897,10.5102622],[123.7159725,10.510293]]]},"properties":{"id":"ms-928","kind":"building","storeys":1,"origin":"ai","edited":false,"source":"Microsoft Global ML Building Footprints 2026-02-03 (ODbL)"}},{"type":"Feature","geometry":{"type":"Polygon","coordinates":[[[123.7172145,10.502822],[123.7172249,10.5027389],[123.7173333,10.5027521],[123.7173228,10.5028352],[123.7172145,10.502822]]]},"properties":{"id":"ms-929","kind":"building","storeys":1,"origin":"ai","edited":false,"source":"Microsoft Global ML Building Footprints 2026-02-03 (ODbL)"}},{"type":"Feature","geometry":{"type":"Polygon","coordinates":[[[123.7173096,10.5004695],[123.7173899,10.5003373],[123.7174374,10.5003652],[123.7173571,10.5004974],[123.7173096,10.5004695]]]},"properties":{"id":"ms-930","kind":"building","storeys":1,"origin":"ai","edited":false,"source":"Microsoft Global ML Building Footprints 2026-02-03 (ODbL)"}},{"type":"Feature","geometry":{"type":"Polygon","coordinates":[[[123.7192062,10.5028544],[123.7192015,10.5028935],[123.7192809,10.5029026],[123.7192762,10.5029417],[123.7191493,10.502927],[123.7191586,10.5028489],[123.7192062,10.5028544]]]},"properties":{"id":"ms-931","kind":"building","storeys":1,"origin":"ai","edited":false,"source":"Microsoft Global ML Building Footprints 2026-02-03 (ODbL)"}},{"type":"Feature","geometry":{"type":"Polygon","coordinates":[[[123.7106629,10.5090163],[123.7106207,10.5090362],[123.7105851,10.5089633],[123.7106274,10.5089434],[123.7106629,10.5090163]]]},"properties":{"id":"ms-932","kind":"building","storeys":1,"origin":"ai","edited":false,"source":"Microsoft Global ML Building Footprints 2026-02-03 (ODbL)"}},{"type":"Feature","geometry":{"type":"Polygon","coordinates":[[[123.7123337,10.5046376],[123.7124626,10.5046062],[123.712471,10.5046397],[123.7123421,10.5046711],[123.7123337,10.5046376]]]},"properties":{"id":"ms-933","kind":"building","storeys":1,"origin":"ai","edited":false,"source":"Microsoft Global ML Building Footprints 2026-02-03 (ODbL)"}},{"type":"Feature","geometry":{"type":"Polygon","coordinates":[[[123.7150737,10.5031135],[123.7150703,10.5032188],[123.7150127,10.503217],[123.7150162,10.5031116],[123.7150737,10.5031135]]]},"properties":{"id":"ms-934","kind":"building","storeys":1,"origin":"ai","edited":false,"source":"Microsoft Global ML Building Footprints 2026-02-03 (ODbL)"}},{"type":"Feature","geometry":{"type":"Polygon","coordinates":[[[123.7166548,10.5030809],[123.7165989,10.5030761],[123.7166031,10.503029],[123.716659,10.5030338],[123.7166548,10.5030809]]]},"properties":{"id":"ms-935","kind":"building","storeys":1,"origin":"ai","edited":false,"source":"Microsoft Global ML Building Footprints 2026-02-03 (ODbL)"}},{"type":"Feature","geometry":{"type":"Polygon","coordinates":[[[123.7182183,10.5002092],[123.7180816,10.5002283],[123.718085,10.5002516],[123.7180072,10.5002625],[123.7179872,10.5001245],[123.7182332,10.50009],[123.7182416,10.5001479],[123.7182101,10.5001523],[123.7182183,10.5002092]]]},"properties":{"id":"ms-936","kind":"building","storeys":1,"origin":"ai","edited":false,"source":"Microsoft Global ML Building Footprints 2026-02-03 (ODbL)"}},{"type":"Feature","geometry":{"type":"Polygon","coordinates":[[[123.7193096,10.5033104],[123.7193511,10.5032542],[123.71946,10.503332],[123.7194184,10.5033882],[123.7193096,10.5033104]]]},"properties":{"id":"ms-937","kind":"building","storeys":1,"origin":"ai","edited":false,"source":"Microsoft Global ML Building Footprints 2026-02-03 (ODbL)"}},{"type":"Feature","geometry":{"type":"Polygon","coordinates":[[[123.7194377,10.5123429],[123.7194488,10.5124016],[123.7193803,10.5124141],[123.7193692,10.5123555],[123.7194377,10.5123429]]]},"properties":{"id":"ms-938","kind":"building","storeys":1,"origin":"ai","edited":false,"source":"Microsoft Global ML Building Footprints 2026-02-03 (ODbL)"}},{"type":"Feature","geometry":{"type":"Polygon","coordinates":[[[123.7135328,10.5064974],[123.7135736,10.5065253],[123.7135422,10.5065698],[123.7135014,10.5065419],[123.7135328,10.5064974]]]},"properties":{"id":"ms-939","kind":"building","storeys":1,"origin":"ai","edited":false,"source":"Microsoft Global ML Building Footprints 2026-02-03 (ODbL)"}},{"type":"Feature","geometry":{"type":"Polygon","coordinates":[[[123.7157521,10.5023625],[123.7157539,10.5022718],[123.7158558,10.5022738],[123.715854,10.5023645],[123.7157521,10.5023625]]]},"properties":{"id":"ms-940","kind":"building","storeys":1,"origin":"ai","edited":false,"source":"Microsoft Global ML Building Footprints 2026-02-03 (ODbL)"}},{"type":"Feature","geometry":{"type":"Polygon","coordinates":[[[123.7161006,10.5093358],[123.716141,10.509357],[123.7161155,10.5094043],[123.716075,10.5093831],[123.7161006,10.5093358]]]},"properties":{"id":"ms-941","kind":"building","storeys":1,"origin":"ai","edited":false,"source":"Microsoft Global ML Building Footprints 2026-02-03 (ODbL)"}},{"type":"Feature","geometry":{"type":"Polygon","coordinates":[[[123.7192439,10.5022562],[123.7191433,10.502253],[123.719146,10.5021687],[123.7192466,10.5021719],[123.7192439,10.5022562]]]},"properties":{"id":"ms-942","kind":"building","storeys":1,"origin":"ai","edited":false,"source":"Microsoft Global ML Building Footprints 2026-02-03 (ODbL)"}},{"type":"Feature","geometry":{"type":"Polygon","coordinates":[[[123.7204516,10.5009661],[123.7204607,10.5009287],[123.720514,10.5009412],[123.7205049,10.5009786],[123.7204516,10.5009661]]]},"properties":{"id":"ms-943","kind":"building","storeys":1,"origin":"ai","edited":false,"source":"Microsoft Global ML Building Footprints 2026-02-03 (ODbL)"}},{"type":"Feature","geometry":{"type":"Polygon","coordinates":[[[123.7121907,10.5088813],[123.7122323,10.5088322],[123.712339,10.5089195],[123.7122975,10.5089686],[123.7121907,10.5088813]]]},"properties":{"id":"ms-944","kind":"building","storeys":1,"origin":"ai","edited":false,"source":"Microsoft Global ML Building Footprints 2026-02-03 (ODbL)"}},{"type":"Feature","geometry":{"type":"Polygon","coordinates":[[[123.7129388,10.5046007],[123.7131465,10.5040997],[123.7132903,10.5041573],[123.7130826,10.5046583],[123.7129388,10.5046007]]]},"properties":{"id":"ms-945","kind":"building","storeys":1,"origin":"ai","edited":false,"source":"Microsoft Global ML Building Footprints 2026-02-03 (ODbL)"}},{"type":"Feature","geometry":{"type":"Polygon","coordinates":[[[123.7137197,10.5084284],[123.7136782,10.5084604],[123.7136339,10.508405],[123.7135742,10.5084511],[123.7134543,10.508301],[123.7135556,10.5082228],[123.7137197,10.5084284]]]},"properties":{"id":"ms-946","kind":"building","storeys":1,"origin":"ai","edited":false,"source":"Microsoft Global ML Building Footprints 2026-02-03 (ODbL)"}},{"type":"Feature","geometry":{"type":"Polygon","coordinates":[[[123.7146345,10.5143277],[123.7145834,10.5143437],[123.7145694,10.5143006],[123.7146205,10.5142846],[123.7146345,10.5143277]]]},"properties":{"id":"ms-947","kind":"building","storeys":1,"origin":"ai","edited":false,"source":"Microsoft Global ML Building Footprints 2026-02-03 (ODbL)"}},{"type":"Feature","geometry":{"type":"Polygon","coordinates":[[[123.7149933,10.5016299],[123.7149806,10.5017167],[123.7148585,10.5016994],[123.7148713,10.5016126],[123.7149933,10.5016299]]]},"properties":{"id":"ms-948","kind":"building","storeys":1,"origin":"ai","edited":false,"source":"Microsoft Global ML Building Footprints 2026-02-03 (ODbL)"}},{"type":"Feature","geometry":{"type":"Polygon","coordinates":[[[123.7150056,10.5029669],[123.7151668,10.5029865],[123.715157,10.5030644],[123.7149958,10.5030448],[123.7150056,10.5029669]]]},"properties":{"id":"ms-949","kind":"building","storeys":1,"origin":"ai","edited":false,"source":"Microsoft Global ML Building Footprints 2026-02-03 (ODbL)"}},{"type":"Feature","geometry":{"type":"Polygon","coordinates":[[[123.717075,10.5006246],[123.717118,10.500681],[123.7170482,10.5007324],[123.7170053,10.500676],[123.717075,10.5006246]]]},"properties":{"id":"ms-950","kind":"building","storeys":1,"origin":"ai","edited":false,"source":"Microsoft Global ML Building Footprints 2026-02-03 (ODbL)"}},{"type":"Feature","geometry":{"type":"Polygon","coordinates":[[[123.7191365,10.508572],[123.7191576,10.5085294],[123.7192162,10.5085574],[123.7191951,10.5086],[123.7191365,10.508572]]]},"properties":{"id":"ms-951","kind":"building","storeys":1,"origin":"ai","edited":false,"source":"Microsoft Global ML Building Footprints 2026-02-03 (ODbL)"}},{"type":"Feature","geometry":{"type":"Polygon","coordinates":[[[123.7200848,10.5063671],[123.7201017,10.5063297],[123.720198,10.5063718],[123.720181,10.5064092],[123.7200848,10.5063671]]]},"properties":{"id":"ms-952","kind":"building","storeys":1,"origin":"ai","edited":false,"source":"Microsoft Global ML Building Footprints 2026-02-03 (ODbL)"}},{"type":"Feature","geometry":{"type":"Polygon","coordinates":[[[123.7121056,10.5035209],[123.7121226,10.5033471],[123.7122475,10.5033589],[123.7122306,10.5035326],[123.7121056,10.5035209]]]},"properties":{"id":"ms-953","kind":"building","storeys":1,"origin":"ai","edited":false,"source":"Microsoft Global ML Building Footprints 2026-02-03 (ODbL)"}},{"type":"Feature","geometry":{"type":"Polygon","coordinates":[[[123.7126151,10.5067813],[123.712644,10.5067209],[123.7126867,10.5067407],[123.7126577,10.5068011],[123.7126151,10.5067813]]]},"properties":{"id":"ms-954","kind":"building","storeys":1,"origin":"ai","edited":false,"source":"Microsoft Global ML Building Footprints 2026-02-03 (ODbL)"}},{"type":"Feature","geometry":{"type":"Polygon","coordinates":[[[123.7128785,10.5057807],[123.7129001,10.5057195],[123.7130102,10.5057571],[123.7129886,10.5058183],[123.7128785,10.5057807]]]},"properties":{"id":"ms-955","kind":"building","storeys":1,"origin":"ai","edited":false,"source":"Microsoft Global ML Building Footprints 2026-02-03 (ODbL)"}},{"type":"Feature","geometry":{"type":"Polygon","coordinates":[[[123.7132454,10.506328],[123.7132289,10.5063897],[123.7131411,10.5063669],[123.7131576,10.5063053],[123.7132454,10.506328]]]},"properties":{"id":"ms-956","kind":"building","storeys":1,"origin":"ai","edited":false,"source":"Microsoft Global ML Building Footprints 2026-02-03 (ODbL)"}},{"type":"Feature","geometry":{"type":"Polygon","coordinates":[[[123.7134913,10.506004],[123.7134652,10.5060644],[123.7133448,10.5060141],[123.7133708,10.5059538],[123.7134913,10.506004]]]},"properties":{"id":"ms-957","kind":"building","storeys":1,"origin":"ai","edited":false,"source":"Microsoft Global ML Building Footprints 2026-02-03 (ODbL)"}},{"type":"Feature","geometry":{"type":"Polygon","coordinates":[[[123.7158691,10.502233],[123.7159119,10.5022308],[123.7159164,10.5023149],[123.7158736,10.5023171],[123.7158691,10.502233]]]},"properties":{"id":"ms-958","kind":"building","storeys":1,"origin":"ai","edited":false,"source":"Microsoft Global ML Building Footprints 2026-02-03 (ODbL)"}},{"type":"Feature","geometry":{"type":"Polygon","coordinates":[[[123.7115512,10.5083624],[123.7114083,10.5086056],[123.71136,10.5085782],[123.7114192,10.5084773],[123.7113931,10.5084625],[123.7114129,10.5084289],[123.7113686,10.5084037],[123.7114,10.5083503],[123.7113678,10.5083321],[123.7114003,10.5082767],[123.7115512,10.5083624]]]},"properties":{"id":"ms-959","kind":"building","storeys":1,"origin":"ai","edited":false,"source":"Microsoft Global ML Building Footprints 2026-02-03 (ODbL)"}},{"type":"Feature","geometry":{"type":"Polygon","coordinates":[[[123.7119923,10.5070341],[123.7119611,10.5070953],[123.7118154,10.5070234],[123.7118465,10.5069623],[123.7119923,10.5070341]]]},"properties":{"id":"ms-960","kind":"building","storeys":1,"origin":"ai","edited":false,"source":"Microsoft Global ML Building Footprints 2026-02-03 (ODbL)"}},{"type":"Feature","geometry":{"type":"Polygon","coordinates":[[[123.7123719,10.5092368],[123.7123999,10.5091959],[123.7124239,10.5092118],[123.7123959,10.5092526],[123.7123719,10.5092368]]]},"properties":{"id":"ms-961","kind":"building","storeys":1,"origin":"ai","edited":false,"source":"Microsoft Global ML Building Footprints 2026-02-03 (ODbL)"}},{"type":"Feature","geometry":{"type":"Polygon","coordinates":[[[123.7146584,10.5008009],[123.7148219,10.5008054],[123.7148193,10.5008977],[123.7146558,10.5008932],[123.7146584,10.5008009]]]},"properties":{"id":"ms-962","kind":"building","storeys":1,"origin":"ai","edited":false,"source":"Microsoft Global ML Building Footprints 2026-02-03 (ODbL)"}},{"type":"Feature","geometry":{"type":"Polygon","coordinates":[[[123.7156165,10.5143576],[123.7155173,10.5143566],[123.7155179,10.5143038],[123.7156171,10.5143049],[123.7156165,10.5143576]]]},"properties":{"id":"ms-963","kind":"building","storeys":1,"origin":"ai","edited":false,"source":"Microsoft Global ML Building Footprints 2026-02-03 (ODbL)"}},{"type":"Feature","geometry":{"type":"Polygon","coordinates":[[[123.7158587,10.5042639],[123.715885,10.5041595],[123.7159482,10.5041749],[123.7159219,10.5042793],[123.7158587,10.5042639]]]},"properties":{"id":"ms-964","kind":"building","storeys":1,"origin":"ai","edited":false,"source":"Microsoft Global ML Building Footprints 2026-02-03 (ODbL)"}},{"type":"Feature","geometry":{"type":"Polygon","coordinates":[[[123.7176175,10.5082887],[123.7175865,10.5082678],[123.717629,10.5082068],[123.7177404,10.5082817],[123.7176704,10.5083823],[123.71759,10.5083282],[123.7176175,10.5082887]]]},"properties":{"id":"ms-965","kind":"building","storeys":1,"origin":"ai","edited":false,"source":"Microsoft Global ML Building Footprints 2026-02-03 (ODbL)"}},{"type":"Feature","geometry":{"type":"Polygon","coordinates":[[[123.7187668,10.5060499],[123.7187921,10.505949],[123.7188463,10.5059621],[123.7188347,10.5060084],[123.7188727,10.5060176],[123.7188462,10.506123],[123.7187642,10.5061031],[123.7187769,10.5060524],[123.7187668,10.5060499]]]},"properties":{"id":"ms-966","kind":"building","storeys":1,"origin":"ai","edited":false,"source":"Microsoft Global ML Building Footprints 2026-02-03 (ODbL)"}},{"type":"Feature","geometry":{"type":"Polygon","coordinates":[[[123.7201284,10.5002503],[123.720151,10.5001831],[123.7201682,10.5003992],[123.7202096,10.500396],[123.7202262,10.5003469],[123.7202726,10.500362],[123.7202926,10.5006137],[123.7202138,10.5006198],[123.7202175,10.500621],[123.720139,10.5006271],[123.7201287,10.5006237],[123.7200698,10.5006283],[123.7200006,10.5006057],[123.7200324,10.5005113],[123.720059,10.5005093],[123.7200534,10.5004385],[123.7200731,10.500437],[123.7200622,10.5003003],[123.7200613,10.5003028],[123.7200552,10.5002264],[123.7201284,10.5002503]]]},"properties":{"id":"ms-967","kind":"building","storeys":1,"origin":"ai","edited":false,"source":"Microsoft Global ML Building Footprints 2026-02-03 (ODbL)"}},{"type":"Feature","geometry":{"type":"Polygon","coordinates":[[[123.7202743,10.5066929],[123.7201788,10.5066375],[123.7202093,10.5065866],[123.7203048,10.506642],[123.7202743,10.5066929]]]},"properties":{"id":"ms-968","kind":"building","storeys":1,"origin":"ai","edited":false,"source":"Microsoft Global ML Building Footprints 2026-02-03 (ODbL)"}},{"type":"Feature","geometry":{"type":"Polygon","coordinates":[[[123.7121702,10.5078259],[123.7121486,10.5078622],[123.7120807,10.5078232],[123.7121023,10.5077868],[123.7121702,10.5078259]]]},"properties":{"id":"ms-969","kind":"building","storeys":1,"origin":"ai","edited":false,"source":"Microsoft Global ML Building Footprints 2026-02-03 (ODbL)"}},{"type":"Feature","geometry":{"type":"Polygon","coordinates":[[[123.7155939,10.5059349],[123.7156133,10.5058635],[123.7156158,10.5058642],[123.715631,10.5058086],[123.7157436,10.5058382],[123.7157217,10.5059185],[123.7156781,10.505907],[123.7156653,10.5059537],[123.7155939,10.5059349]]]},"properties":{"id":"ms-970","kind":"building","storeys":1,"origin":"ai","edited":false,"source":"Microsoft Global ML Building Footprints 2026-02-03 (ODbL)"}},{"type":"Feature","geometry":{"type":"Polygon","coordinates":[[[123.7165637,10.5101424],[123.716543,10.5101797],[123.7165933,10.5102068],[123.7165237,10.5103319],[123.7163887,10.5102594],[123.716479,10.5100969],[123.7165637,10.5101424]]]},"properties":{"id":"ms-971","kind":"building","storeys":1,"origin":"ai","edited":false,"source":"Microsoft Global ML Building Footprints 2026-02-03 (ODbL)"}},{"type":"Feature","geometry":{"type":"Polygon","coordinates":[[[123.7179294,10.5098506],[123.7178828,10.5099489],[123.7177982,10.5099101],[123.7178448,10.5098118],[123.7179294,10.5098506]]]},"properties":{"id":"ms-972","kind":"building","storeys":1,"origin":"ai","edited":false,"source":"Microsoft Global ML Building Footprints 2026-02-03 (ODbL)"}},{"type":"Feature","geometry":{"type":"Polygon","coordinates":[[[123.7146744,10.5003888],[123.7147915,10.500399],[123.7147808,10.5005194],[123.7146637,10.5005092],[123.7146744,10.5003888]]]},"properties":{"id":"ms-973","kind":"building","storeys":1,"origin":"ai","edited":false,"source":"Microsoft Global ML Building Footprints 2026-02-03 (ODbL)"}},{"type":"Feature","geometry":{"type":"Polygon","coordinates":[[[123.714695,10.5045343],[123.714672,10.5045682],[123.714632,10.5045421],[123.7146549,10.5045081],[123.714695,10.5045343]]]},"properties":{"id":"ms-974","kind":"building","storeys":1,"origin":"ai","edited":false,"source":"Microsoft Global ML Building Footprints 2026-02-03 (ODbL)"}},{"type":"Feature","geometry":{"type":"Polygon","coordinates":[[[123.7154705,10.5069935],[123.7154751,10.5070856],[123.7154056,10.5070889],[123.715401,10.5069968],[123.7154705,10.5069935]]]},"properties":{"id":"ms-975","kind":"building","storeys":1,"origin":"ai","edited":false,"source":"Microsoft Global ML Building Footprints 2026-02-03 (ODbL)"}},{"type":"Feature","geometry":{"type":"Polygon","coordinates":[[[123.7160239,10.5095445],[123.7160279,10.5096393],[123.7159252,10.5096435],[123.7159212,10.5095487],[123.7160239,10.5095445]]]},"properties":{"id":"ms-976","kind":"building","storeys":1,"origin":"ai","edited":false,"source":"Microsoft Global ML Building Footprints 2026-02-03 (ODbL)"}},{"type":"Feature","geometry":{"type":"Polygon","coordinates":[[[123.7170383,10.5001942],[123.7169686,10.5001942],[123.7169686,10.5001257],[123.7170383,10.5001257],[123.7170383,10.5001942]]]},"properties":{"id":"ms-977","kind":"building","storeys":1,"origin":"ai","edited":false,"source":"Microsoft Global ML Building Footprints 2026-02-03 (ODbL)"}},{"type":"Feature","geometry":{"type":"Polygon","coordinates":[[[123.7171662,10.5089385],[123.7172848,10.5087292],[123.7173503,10.5087651],[123.7172317,10.5089744],[123.7171662,10.5089385]]]},"properties":{"id":"ms-978","kind":"building","storeys":1,"origin":"ai","edited":false,"source":"Microsoft Global ML Building Footprints 2026-02-03 (ODbL)"}},{"type":"Feature","geometry":{"type":"Polygon","coordinates":[[[123.7171868,10.5147546],[123.7171846,10.5149032],[123.7170599,10.5149015],[123.7170621,10.5147529],[123.7171868,10.5147546]]]},"properties":{"id":"ms-979","kind":"building","storeys":1,"origin":"ai","edited":false,"source":"Microsoft Global ML Building Footprints 2026-02-03 (ODbL)"}},{"type":"Feature","geometry":{"type":"Polygon","coordinates":[[[123.7181263,10.5052653],[123.7179708,10.5052605],[123.7179724,10.5052131],[123.7180474,10.5052154],[123.7180484,10.5051838],[123.7181288,10.5051863],[123.7181263,10.5052653]]]},"properties":{"id":"ms-980","kind":"building","storeys":1,"origin":"ai","edited":false,"source":"Microsoft Global ML Building Footprints 2026-02-03 (ODbL)"}},{"type":"Feature","geometry":{"type":"Polygon","coordinates":[[[123.7185262,10.5083596],[123.7185232,10.5084069],[123.7184804,10.5084043],[123.7184834,10.508357],[123.7185262,10.5083596]]]},"properties":{"id":"ms-981","kind":"building","storeys":1,"origin":"ai","edited":false,"source":"Microsoft Global ML Building Footprints 2026-02-03 (ODbL)"}},{"type":"Feature","geometry":{"type":"Polygon","coordinates":[[[123.7206365,10.5080778],[123.7206784,10.5080951],[123.7206611,10.5081355],[123.7206192,10.5081181],[123.7206365,10.5080778]]]},"properties":{"id":"ms-982","kind":"building","storeys":1,"origin":"ai","edited":false,"source":"Microsoft Global ML Building Footprints 2026-02-03 (ODbL)"}},{"type":"Feature","geometry":{"type":"Polygon","coordinates":[[[123.7112982,10.5098574],[123.711395,10.5098726],[123.7113929,10.5098855],[123.7115184,10.5099052],[123.7115025,10.5100029],[123.7114215,10.5099902],[123.7114112,10.5100532],[123.7113275,10.51004],[123.7113076,10.5101622],[123.7112501,10.5101531],[123.7112982,10.5098574]]]},"properties":{"id":"ms-983","kind":"building","storeys":1,"origin":"ai","edited":false,"source":"Microsoft Global ML Building Footprints 2026-02-03 (ODbL)"}},{"type":"Feature","geometry":{"type":"Polygon","coordinates":[[[123.7114701,10.5105296],[123.7114701,10.5105771],[123.7114298,10.5105771],[123.7114298,10.5105296],[123.7114701,10.5105296]]]},"properties":{"id":"ms-984","kind":"building","storeys":1,"origin":"ai","edited":false,"source":"Microsoft Global ML Building Footprints 2026-02-03 (ODbL)"}},{"type":"Feature","geometry":{"type":"Polygon","coordinates":[[[123.7120153,10.5075919],[123.7119248,10.5076728],[123.7118828,10.5076273],[123.7119733,10.5075464],[123.7120153,10.5075919]]]},"properties":{"id":"ms-985","kind":"building","storeys":1,"origin":"ai","edited":false,"source":"Microsoft Global ML Building Footprints 2026-02-03 (ODbL)"}},{"type":"Feature","geometry":{"type":"Polygon","coordinates":[[[123.7130894,10.5058187],[123.713149,10.5058257],[123.7131374,10.5059208],[123.7130778,10.5059137],[123.7130894,10.5058187]]]},"properties":{"id":"ms-986","kind":"building","storeys":1,"origin":"ai","edited":false,"source":"Microsoft Global ML Building Footprints 2026-02-03 (ODbL)"}},{"type":"Feature","geometry":{"type":"Polygon","coordinates":[[[123.7138016,10.5037177],[123.7137022,10.5040182],[123.7136537,10.5040026],[123.713641,10.5040408],[123.7136532,10.5040447],[123.7135963,10.5042164],[123.7133708,10.5041442],[123.7133968,10.5040655],[123.7135872,10.5041264],[123.713702,10.5037796],[123.7135432,10.5037287],[123.7135712,10.503644],[123.7138016,10.5037177]]]},"properties":{"id":"ms-987","kind":"building","storeys":1,"origin":"ai","edited":false,"source":"Microsoft Global ML Building Footprints 2026-02-03 (ODbL)"}},{"type":"Feature","geometry":{"type":"Polygon","coordinates":[[[123.7151738,10.5030898],[123.7151851,10.5029839],[123.7150843,10.5029735],[123.71509,10.5029202],[123.7152545,10.5029372],[123.7152375,10.5030963],[123.7151738,10.5030898]]]},"properties":{"id":"ms-988","kind":"building","storeys":1,"origin":"ai","edited":false,"source":"Microsoft Global ML Building Footprints 2026-02-03 (ODbL)"}},{"type":"Feature","geometry":{"type":"Polygon","coordinates":[[[123.7152038,10.5135081],[123.7151641,10.5135125],[123.715156,10.5134422],[123.7151958,10.5134378],[123.7152038,10.5135081]]]},"properties":{"id":"ms-989","kind":"building","storeys":1,"origin":"ai","edited":false,"source":"Microsoft Global ML Building Footprints 2026-02-03 (ODbL)"}},{"type":"Feature","geometry":{"type":"Polygon","coordinates":[[[123.7152827,10.513828],[123.7152893,10.5140071],[123.7151446,10.5140122],[123.715141,10.5139148],[123.7151893,10.513913],[123.7151863,10.5138314],[123.7152827,10.513828]]]},"properties":{"id":"ms-990","kind":"building","storeys":1,"origin":"ai","edited":false,"source":"Microsoft Global ML Building Footprints 2026-02-03 (ODbL)"}},{"type":"Feature","geometry":{"type":"Polygon","coordinates":[[[123.715378,10.5006158],[123.7154503,10.5006096],[123.7154683,10.5006582],[123.7155102,10.5006546],[123.7155095,10.5006461],[123.7154898,10.5005932],[123.7155357,10.5005767],[123.7155478,10.5006092],[123.715589,10.5006057],[123.7155944,10.5006664],[123.7155424,10.5006851],[123.7155462,10.500728],[123.7155957,10.5007238],[123.7156042,10.5007466],[123.7156104,10.5008162],[123.7155867,10.5008247],[123.7155311,10.5008295],[123.7155339,10.5008609],[123.7154549,10.5008677],[123.7154413,10.5008311],[123.7154011,10.5008455],[123.7153976,10.500836],[123.715378,10.5006158]]]},"properties":{"id":"ms-991","kind":"building","storeys":1,"origin":"ai","edited":false,"source":"Microsoft Global ML Building Footprints 2026-02-03 (ODbL)"}},{"type":"Feature","geometry":{"type":"Polygon","coordinates":[[[123.7193667,10.5075426],[123.7193967,10.5074993],[123.719437,10.5075263],[123.7194071,10.5075696],[123.7193667,10.5075426]]]},"properties":{"id":"ms-992","kind":"building","storeys":1,"origin":"ai","edited":false,"source":"Microsoft Global ML Building Footprints 2026-02-03 (ODbL)"}},{"type":"Feature","geometry":{"type":"Polygon","coordinates":[[[123.7197457,10.5126922],[123.7198047,10.5126904],[123.7198065,10.5127457],[123.7197475,10.5127475],[123.7197457,10.5126922]]]},"properties":{"id":"ms-993","kind":"building","storeys":1,"origin":"ai","edited":false,"source":"Microsoft Global ML Building Footprints 2026-02-03 (ODbL)"}},{"type":"Feature","geometry":{"type":"Polygon","coordinates":[[[123.7200316,10.506984],[123.7201654,10.5070415],[123.7201211,10.5071412],[123.7199873,10.5070836],[123.7200316,10.506984]]]},"properties":{"id":"ms-994","kind":"building","storeys":1,"origin":"ai","edited":false,"source":"Microsoft Global ML Building Footprints 2026-02-03 (ODbL)"}},{"type":"Feature","geometry":{"type":"Polygon","coordinates":[[[123.720122,10.5007931],[123.7200121,10.5007953],[123.7200106,10.5007241],[123.7201205,10.5007219],[123.720122,10.5007931]]]},"properties":{"id":"ms-995","kind":"building","storeys":1,"origin":"ai","edited":false,"source":"Microsoft Global ML Building Footprints 2026-02-03 (ODbL)"}},{"type":"Feature","geometry":{"type":"Polygon","coordinates":[[[123.7207314,10.50312],[123.7207387,10.5030722],[123.7207977,10.5030809],[123.7207903,10.5031288],[123.7207314,10.50312]]]},"properties":{"id":"ms-996","kind":"building","storeys":1,"origin":"ai","edited":false,"source":"Microsoft Global ML Building Footprints 2026-02-03 (ODbL)"}},{"type":"Feature","geometry":{"type":"Polygon","coordinates":[[[123.7116946,10.5079782],[123.7116595,10.5080551],[123.7116171,10.5080363],[123.7116522,10.5079595],[123.7116946,10.5079782]]]},"properties":{"id":"ms-997","kind":"building","storeys":1,"origin":"ai","edited":false,"source":"Microsoft Global ML Building Footprints 2026-02-03 (ODbL)"}},{"type":"Feature","geometry":{"type":"Polygon","coordinates":[[[123.7142417,10.5045722],[123.7141986,10.5046873],[123.7136317,10.5044822],[123.7135617,10.504669],[123.7135759,10.5046742],[123.7135389,10.504773],[123.7140681,10.5049645],[123.7140281,10.5050713],[123.7134057,10.5048461],[123.7135956,10.5043384],[123.7142417,10.5045722]]]},"properties":{"id":"ms-998","kind":"building","storeys":1,"origin":"ai","edited":false,"source":"Microsoft Global ML Building Footprints 2026-02-03 (ODbL)"}},{"type":"Feature","geometry":{"type":"Polygon","coordinates":[[[123.7151538,10.5018108],[123.7151898,10.5018121],[123.715188,10.5018622],[123.715152,10.5018609],[123.7151538,10.5018108]]]},"properties":{"id":"ms-999","kind":"building","storeys":1,"origin":"ai","edited":false,"source":"Microsoft Global ML Building Footprints 2026-02-03 (ODbL)"}},{"type":"Feature","geometry":{"type":"Polygon","coordinates":[[[123.7159305,10.5070439],[123.7159103,10.5070953],[123.7159803,10.5071219],[123.7159284,10.5072541],[123.7158407,10.5072207],[123.7158235,10.5072643],[123.7157222,10.5072259],[123.7158115,10.5069987],[123.7159305,10.5070439]]]},"properties":{"id":"ms-1000","kind":"building","storeys":1,"origin":"ai","edited":false,"source":"Microsoft Global ML Building Footprints 2026-02-03 (ODbL)"}},{"type":"Feature","geometry":{"type":"Polygon","coordinates":[[[123.7168327,10.50041],[123.7169065,10.5003821],[123.7169262,10.5004326],[123.7168524,10.5004606],[123.7168327,10.50041]]]},"properties":{"id":"ms-1001","kind":"building","storeys":1,"origin":"ai","edited":false,"source":"Microsoft Global ML Building Footprints 2026-02-03 (ODbL)"}},{"type":"Feature","geometry":{"type":"Polygon","coordinates":[[[123.7168441,10.5037637],[123.7168261,10.5038274],[123.7167887,10.5038171],[123.7168068,10.5037535],[123.7168441,10.5037637]]]},"properties":{"id":"ms-1002","kind":"building","storeys":1,"origin":"ai","edited":false,"source":"Microsoft Global ML Building Footprints 2026-02-03 (ODbL)"}},{"type":"Feature","geometry":{"type":"Polygon","coordinates":[[[123.7176998,10.5083523],[123.7177272,10.508298],[123.7177776,10.5083226],[123.7177502,10.5083768],[123.7176998,10.5083523]]]},"properties":{"id":"ms-1003","kind":"building","storeys":1,"origin":"ai","edited":false,"source":"Microsoft Global ML Building Footprints 2026-02-03 (ODbL)"}},{"type":"Feature","geometry":{"type":"Polygon","coordinates":[[[123.7111655,10.5099249],[123.7111275,10.5099716],[123.7110358,10.5098996],[123.7110737,10.5098529],[123.7111655,10.5099249]]]},"properties":{"id":"ms-1004","kind":"building","storeys":1,"origin":"ai","edited":false,"source":"Microsoft Global ML Building Footprints 2026-02-03 (ODbL)"}},{"type":"Feature","geometry":{"type":"Polygon","coordinates":[[[123.7124109,10.5033799],[123.7124007,10.5034224],[123.7123245,10.5034046],[123.7123348,10.5033622],[123.7124109,10.5033799]]]},"properties":{"id":"ms-1005","kind":"building","storeys":1,"origin":"ai","edited":false,"source":"Microsoft Global ML Building Footprints 2026-02-03 (ODbL)"}},{"type":"Feature","geometry":{"type":"Polygon","coordinates":[[[123.7124488,10.5086014],[123.7125356,10.5084199],[123.7126081,10.5084534],[123.7125213,10.5086349],[123.7124488,10.5086014]]]},"properties":{"id":"ms-1006","kind":"building","storeys":1,"origin":"ai","edited":false,"source":"Microsoft Global ML Building Footprints 2026-02-03 (ODbL)"}},{"type":"Feature","geometry":{"type":"Polygon","coordinates":[[[123.7148961,10.502112],[123.7149669,10.502115],[123.7149641,10.5021782],[123.7148933,10.5021751],[123.7148961,10.502112]]]},"properties":{"id":"ms-1007","kind":"building","storeys":1,"origin":"ai","edited":false,"source":"Microsoft Global ML Building Footprints 2026-02-03 (ODbL)"}},{"type":"Feature","geometry":{"type":"Polygon","coordinates":[[[123.7149448,10.5093399],[123.7150173,10.5093591],[123.7150043,10.5094068],[123.7149317,10.5093877],[123.7149448,10.5093399]]]},"properties":{"id":"ms-1008","kind":"building","storeys":1,"origin":"ai","edited":false,"source":"Microsoft Global ML Building Footprints 2026-02-03 (ODbL)"}},{"type":"Feature","geometry":{"type":"Polygon","coordinates":[[[123.7150524,10.5001656],[123.7150497,10.5002251],[123.7150309,10.5002243],[123.7150284,10.5002795],[123.7149401,10.5002757],[123.7149453,10.5001609],[123.7150524,10.5001656]]]},"properties":{"id":"ms-1009","kind":"building","storeys":1,"origin":"ai","edited":false,"source":"Microsoft Global ML Building Footprints 2026-02-03 (ODbL)"}},{"type":"Feature","geometry":{"type":"Polygon","coordinates":[[[123.7154901,10.503869],[123.7155967,10.503894],[123.7155773,10.5039738],[123.7154035,10.503933],[123.7154337,10.5038083],[123.715501,10.503824],[123.7154901,10.503869]]]},"properties":{"id":"ms-1010","kind":"building","storeys":1,"origin":"ai","edited":false,"source":"Microsoft Global ML Building Footprints 2026-02-03 (ODbL)"}},{"type":"Feature","geometry":{"type":"Polygon","coordinates":[[[123.7155285,10.5136304],[123.7156372,10.5136188],[123.7156435,10.5136761],[123.7155348,10.5136877],[123.7155285,10.5136304]]]},"properties":{"id":"ms-1011","kind":"building","storeys":1,"origin":"ai","edited":false,"source":"Microsoft Global ML Building Footprints 2026-02-03 (ODbL)"}},{"type":"Feature","geometry":{"type":"Polygon","coordinates":[[[123.7186192,10.5031263],[123.7186615,10.5031147],[123.7186806,10.5031818],[123.7186383,10.5031934],[123.7186192,10.5031263]]]},"properties":{"id":"ms-1012","kind":"building","storeys":1,"origin":"ai","edited":false,"source":"Microsoft Global ML Building Footprints 2026-02-03 (ODbL)"}},{"type":"Feature","geometry":{"type":"Polygon","coordinates":[[[123.7187065,10.5124322],[123.7187487,10.5124234],[123.7187544,10.5124502],[123.7187122,10.5124589],[123.7187065,10.5124322]]]},"properties":{"id":"ms-1013","kind":"building","storeys":1,"origin":"ai","edited":false,"source":"Microsoft Global ML Building Footprints 2026-02-03 (ODbL)"}},{"type":"Feature","geometry":{"type":"Polygon","coordinates":[[[123.7194346,10.5120273],[123.7194034,10.5120149],[123.7194356,10.511937],[123.7195276,10.5119738],[123.7195048,10.512029],[123.7194841,10.5120208],[123.7194723,10.5120492],[123.7194897,10.5120562],[123.7194584,10.5121318],[123.7194009,10.5121088],[123.7194346,10.5120273]]]},"properties":{"id":"ms-1014","kind":"building","storeys":1,"origin":"ai","edited":false,"source":"Microsoft Global ML Building Footprints 2026-02-03 (ODbL)"}},{"type":"Feature","geometry":{"type":"Polygon","coordinates":[[[123.7197681,10.5071005],[123.7198624,10.5071413],[123.7198229,10.5072297],[123.7197285,10.5071888],[123.7197681,10.5071005]]]},"properties":{"id":"ms-1015","kind":"building","storeys":1,"origin":"ai","edited":false,"source":"Microsoft Global ML Building Footprints 2026-02-03 (ODbL)"}},{"type":"Feature","geometry":{"type":"Polygon","coordinates":[[[123.7208482,10.5024307],[123.7207771,10.5024331],[123.7207744,10.5023514],[123.7208455,10.5023491],[123.7208482,10.5024307]]]},"properties":{"id":"ms-1016","kind":"building","storeys":1,"origin":"ai","edited":false,"source":"Microsoft Global ML Building Footprints 2026-02-03 (ODbL)"}},{"type":"Feature","geometry":{"type":"Polygon","coordinates":[[[123.7112374,10.5109581],[123.7112409,10.5108422],[123.7113723,10.5108461],[123.7113687,10.5109621],[123.7112374,10.5109581]]]},"properties":{"id":"ms-1017","kind":"building","storeys":1,"origin":"ai","edited":false,"source":"Microsoft Global ML Building Footprints 2026-02-03 (ODbL)"}},{"type":"Feature","geometry":{"type":"Polygon","coordinates":[[[123.7133502,10.5065593],[123.713435,10.5065996],[123.7134019,10.5066669],[123.7134215,10.5066762],[123.7133473,10.5068269],[123.7132725,10.5067914],[123.7133366,10.506661],[123.7133071,10.506647],[123.7133502,10.5065593]]]},"properties":{"id":"ms-1018","kind":"building","storeys":1,"origin":"ai","edited":false,"source":"Microsoft Global ML Building Footprints 2026-02-03 (ODbL)"}},{"type":"Feature","geometry":{"type":"Polygon","coordinates":[[[123.7135756,10.5066019],[123.7136834,10.506323],[123.7137771,10.506358],[123.7136694,10.5066369],[123.7135756,10.5066019]]]},"properties":{"id":"ms-1019","kind":"building","storeys":1,"origin":"ai","edited":false,"source":"Microsoft Global ML Building Footprints 2026-02-03 (ODbL)"}},{"type":"Feature","geometry":{"type":"Polygon","coordinates":[[[123.7154087,10.5047354],[123.7154225,10.5046894],[123.7154817,10.5047065],[123.7154679,10.5047526],[123.7154087,10.5047354]]]},"properties":{"id":"ms-1020","kind":"building","storeys":1,"origin":"ai","edited":false,"source":"Microsoft Global ML Building Footprints 2026-02-03 (ODbL)"}},{"type":"Feature","geometry":{"type":"Polygon","coordinates":[[[123.7154696,10.5135121],[123.7155951,10.5135038],[123.7156009,10.5135878],[123.7156276,10.5135861],[123.7156295,10.5136149],[123.7155441,10.5136206],[123.7155429,10.5136033],[123.7154762,10.5136077],[123.7154696,10.5135121]]]},"properties":{"id":"ms-1021","kind":"building","storeys":1,"origin":"ai","edited":false,"source":"Microsoft Global ML Building Footprints 2026-02-03 (ODbL)"}},{"type":"Feature","geometry":{"type":"Polygon","coordinates":[[[123.7163636,10.5042443],[123.7163479,10.5043007],[123.716303,10.5042887],[123.7163186,10.5042322],[123.7163636,10.5042443]]]},"properties":{"id":"ms-1022","kind":"building","storeys":1,"origin":"ai","edited":false,"source":"Microsoft Global ML Building Footprints 2026-02-03 (ODbL)"}},{"type":"Feature","geometry":{"type":"Polygon","coordinates":[[[123.7170433,10.510874],[123.7170413,10.5108002],[123.7171727,10.5107968],[123.7171759,10.510918],[123.7170071,10.5109224],[123.7170058,10.510875],[123.7170433,10.510874]]]},"properties":{"id":"ms-1023","kind":"building","storeys":1,"origin":"ai","edited":false,"source":"Microsoft Global ML Building Footprints 2026-02-03 (ODbL)"}},{"type":"Feature","geometry":{"type":"Polygon","coordinates":[[[123.7176265,10.5034186],[123.7175754,10.5034666],[123.7175299,10.5034199],[123.7175809,10.5033718],[123.7176265,10.5034186]]]},"properties":{"id":"ms-1024","kind":"building","storeys":1,"origin":"ai","edited":false,"source":"Microsoft Global ML Building Footprints 2026-02-03 (ODbL)"}},{"type":"Feature","geometry":{"type":"Polygon","coordinates":[[[123.7191513,10.5083365],[123.7191818,10.5082873],[123.719219,10.5083096],[123.7191885,10.5083587],[123.7191513,10.5083365]]]},"properties":{"id":"ms-1025","kind":"building","storeys":1,"origin":"ai","edited":false,"source":"Microsoft Global ML Building Footprints 2026-02-03 (ODbL)"}},{"type":"Feature","geometry":{"type":"Polygon","coordinates":[[[123.7123377,10.5083492],[123.7123865,10.5082724],[123.7124597,10.5083175],[123.7124109,10.5083942],[123.7123377,10.5083492]]]},"properties":{"id":"ms-1026","kind":"building","storeys":1,"origin":"ai","edited":false,"source":"Microsoft Global ML Building Footprints 2026-02-03 (ODbL)"}},{"type":"Feature","geometry":{"type":"Polygon","coordinates":[[[123.7147154,10.5100946],[123.714761,10.510094],[123.7147617,10.510152],[123.7147161,10.5101526],[123.7147154,10.5100946]]]},"properties":{"id":"ms-1027","kind":"building","storeys":1,"origin":"ai","edited":false,"source":"Microsoft Global ML Building Footprints 2026-02-03 (ODbL)"}},{"type":"Feature","geometry":{"type":"Polygon","coordinates":[[[123.7149486,10.5019055],[123.7149462,10.5019725],[123.7146956,10.5019641],[123.7146979,10.5018971],[123.7149486,10.5019055]]]},"properties":{"id":"ms-1028","kind":"building","storeys":1,"origin":"ai","edited":false,"source":"Microsoft Global ML Building Footprints 2026-02-03 (ODbL)"}},{"type":"Feature","geometry":{"type":"Polygon","coordinates":[[[123.7158737,10.501071],[123.7159331,10.5010646],[123.7159422,10.5011464],[123.7158468,10.5011567],[123.7158401,10.5010968],[123.7158761,10.5010929],[123.7158737,10.501071]]]},"properties":{"id":"ms-1029","kind":"building","storeys":1,"origin":"ai","edited":false,"source":"Microsoft Global ML Building Footprints 2026-02-03 (ODbL)"}},{"type":"Feature","geometry":{"type":"Polygon","coordinates":[[[123.7161426,10.5020158],[123.7161417,10.501818],[123.7163536,10.5018171],[123.7163545,10.5020149],[123.7161426,10.5020158]]]},"properties":{"id":"ms-1030","kind":"building","storeys":1,"origin":"ai","edited":false,"source":"Microsoft Global ML Building Footprints 2026-02-03 (ODbL)"}},{"type":"Feature","geometry":{"type":"Polygon","coordinates":[[[123.7191349,10.5084821],[123.7191784,10.508354],[123.7193169,10.5083995],[123.7193314,10.5083568],[123.7193594,10.508366],[123.7193396,10.5084243],[123.7192344,10.5083897],[123.7191961,10.5085022],[123.7191349,10.5084821]]]},"properties":{"id":"ms-1031","kind":"building","storeys":1,"origin":"ai","edited":false,"source":"Microsoft Global ML Building Footprints 2026-02-03 (ODbL)"}},{"type":"Feature","geometry":{"type":"Polygon","coordinates":[[[123.720377,10.5033096],[123.720373,10.5032307],[123.7204292,10.503228],[123.7204332,10.5033069],[123.720377,10.5033096]]]},"properties":{"id":"ms-1032","kind":"building","storeys":1,"origin":"ai","edited":false,"source":"Microsoft Global ML Building Footprints 2026-02-03 (ODbL)"}},{"type":"Feature","geometry":{"type":"Polygon","coordinates":[[[123.7140853,10.5098657],[123.7141575,10.5098564],[123.7141644,10.5099082],[123.7140923,10.5099175],[123.7140853,10.5098657]]]},"properties":{"id":"ms-1033","kind":"building","storeys":1,"origin":"ai","edited":false,"source":"Microsoft Global ML Building Footprints 2026-02-03 (ODbL)"}},{"type":"Feature","geometry":{"type":"Polygon","coordinates":[[[123.715333,10.5146233],[123.7153351,10.514742],[123.7152547,10.5147434],[123.7152526,10.5146247],[123.715333,10.5146233]]]},"properties":{"id":"ms-1034","kind":"building","storeys":1,"origin":"ai","edited":false,"source":"Microsoft Global ML Building Footprints 2026-02-03 (ODbL)"}},{"type":"Feature","geometry":{"type":"Polygon","coordinates":[[[123.7153691,10.5013116],[123.7154199,10.5013082],[123.7154244,10.5013738],[123.7153737,10.5013772],[123.7153691,10.5013116]]]},"properties":{"id":"ms-1035","kind":"building","storeys":1,"origin":"ai","edited":false,"source":"Microsoft Global ML Building Footprints 2026-02-03 (ODbL)"}},{"type":"Feature","geometry":{"type":"Polygon","coordinates":[[[123.7160222,10.5136109],[123.7160208,10.5137111],[123.7159269,10.5137099],[123.7159283,10.5136097],[123.7160222,10.5136109]]]},"properties":{"id":"ms-1036","kind":"building","storeys":1,"origin":"ai","edited":false,"source":"Microsoft Global ML Building Footprints 2026-02-03 (ODbL)"}},{"type":"Feature","geometry":{"type":"Polygon","coordinates":[[[123.7162508,10.5088848],[123.7162322,10.5089363],[123.7161473,10.5089067],[123.7161659,10.5088552],[123.7162508,10.5088848]]]},"properties":{"id":"ms-1037","kind":"building","storeys":1,"origin":"ai","edited":false,"source":"Microsoft Global ML Building Footprints 2026-02-03 (ODbL)"}},{"type":"Feature","geometry":{"type":"Polygon","coordinates":[[[123.7170356,10.5050661],[123.7169194,10.505253],[123.7168287,10.5051985],[123.7169449,10.5050116],[123.7170356,10.5050661]]]},"properties":{"id":"ms-1038","kind":"building","storeys":1,"origin":"ai","edited":false,"source":"Microsoft Global ML Building Footprints 2026-02-03 (ODbL)"}},{"type":"Feature","geometry":{"type":"Polygon","coordinates":[[[123.7128368,10.5071797],[123.7128106,10.5072177],[123.7127064,10.5071485],[123.7127325,10.5071105],[123.7128368,10.5071797]]]},"properties":{"id":"ms-1039","kind":"building","storeys":1,"origin":"ai","edited":false,"source":"Microsoft Global ML Building Footprints 2026-02-03 (ODbL)"}},{"type":"Feature","geometry":{"type":"Polygon","coordinates":[[[123.7129503,10.5042558],[123.7128958,10.5043836],[123.7124417,10.5041966],[123.7124962,10.5040687],[123.7129503,10.5042558]]]},"properties":{"id":"ms-1040","kind":"building","storeys":1,"origin":"ai","edited":false,"source":"Microsoft Global ML Building Footprints 2026-02-03 (ODbL)"}},{"type":"Feature","geometry":{"type":"Polygon","coordinates":[[[123.7160525,10.5082764],[123.71611,10.5082154],[123.7162241,10.5083192],[123.7161666,10.5083803],[123.7160525,10.5082764]]]},"properties":{"id":"ms-1041","kind":"building","storeys":1,"origin":"ai","edited":false,"source":"Microsoft Global ML Building Footprints 2026-02-03 (ODbL)"}},{"type":"Feature","geometry":{"type":"Polygon","coordinates":[[[123.7161354,10.5112988],[123.7160764,10.5112976],[123.716079,10.5111685],[123.716138,10.5111696],[123.7161354,10.5112988]]]},"properties":{"id":"ms-1042","kind":"building","storeys":1,"origin":"ai","edited":false,"source":"Microsoft Global ML Building Footprints 2026-02-03 (ODbL)"}},{"type":"Feature","geometry":{"type":"Polygon","coordinates":[[[123.711001,10.5090253],[123.7109627,10.5090563],[123.7109272,10.5090139],[123.7109655,10.5089829],[123.711001,10.5090253]]]},"properties":{"id":"ms-1043","kind":"building","storeys":1,"origin":"ai","edited":false,"source":"Microsoft Global ML Building Footprints 2026-02-03 (ODbL)"}},{"type":"Feature","geometry":{"type":"Polygon","coordinates":[[[123.712216,10.507661],[123.712201,10.5076906],[123.7121495,10.5076652],[123.7121645,10.5076357],[123.712216,10.507661]]]},"properties":{"id":"ms-1044","kind":"building","storeys":1,"origin":"ai","edited":false,"source":"Microsoft Global ML Building Footprints 2026-02-03 (ODbL)"}},{"type":"Feature","geometry":{"type":"Polygon","coordinates":[[[123.7156303,10.5135348],[123.7156732,10.5135364],[123.7156714,10.5135812],[123.7156018,10.5135786],[123.7156048,10.5135022],[123.7156315,10.5135032],[123.7156303,10.5135348]]]},"properties":{"id":"ms-1045","kind":"building","storeys":1,"origin":"ai","edited":false,"source":"Microsoft Global ML Building Footprints 2026-02-03 (ODbL)"}},{"type":"Feature","geometry":{"type":"Polygon","coordinates":[[[123.7157289,10.5056322],[123.7157324,10.5055242],[123.715912,10.5055298],[123.7159089,10.5056247],[123.7157763,10.5056205],[123.7157759,10.5056337],[123.7157289,10.5056322]]]},"properties":{"id":"ms-1046","kind":"building","storeys":1,"origin":"ai","edited":false,"source":"Microsoft Global ML Building Footprints 2026-02-03 (ODbL)"}},{"type":"Feature","geometry":{"type":"Polygon","coordinates":[[[123.716362,10.5013811],[123.7163084,10.5013801],[123.7163097,10.5013168],[123.7163633,10.5013179],[123.716362,10.5013811]]]},"properties":{"id":"ms-1047","kind":"building","storeys":1,"origin":"ai","edited":false,"source":"Microsoft Global ML Building Footprints 2026-02-03 (ODbL)"}},{"type":"Feature","geometry":{"type":"Polygon","coordinates":[[[123.7183684,10.5060882],[123.7184278,10.5060997],[123.7184177,10.5061505],[123.7183583,10.506139],[123.7183684,10.5060882]]]},"properties":{"id":"ms-1048","kind":"building","storeys":1,"origin":"ai","edited":false,"source":"Microsoft Global ML Building Footprints 2026-02-03 (ODbL)"}},{"type":"Feature","geometry":{"type":"Polygon","coordinates":[[[123.7185996,10.508458],[123.7186325,10.5084057],[123.7188123,10.5085149],[123.7187794,10.5085672],[123.7185996,10.508458]]]},"properties":{"id":"ms-1049","kind":"building","storeys":1,"origin":"ai","edited":false,"source":"Microsoft Global ML Building Footprints 2026-02-03 (ODbL)"}},{"type":"Feature","geometry":{"type":"Polygon","coordinates":[[[123.7187308,10.4999703],[123.7188139,10.4999693],[123.718816,10.5001423],[123.7187328,10.5001432],[123.7187308,10.4999703]]]},"properties":{"id":"ms-1050","kind":"building","storeys":1,"origin":"ai","edited":false,"source":"Microsoft Global ML Building Footprints 2026-02-03 (ODbL)"}},{"type":"Feature","geometry":{"type":"Polygon","coordinates":[[[123.719678,10.5059381],[123.7196377,10.5059205],[123.7196605,10.5058698],[123.7197009,10.5058874],[123.719678,10.5059381]]]},"properties":{"id":"ms-1051","kind":"building","storeys":1,"origin":"ai","edited":false,"source":"Microsoft Global ML Building Footprints 2026-02-03 (ODbL)"}},{"type":"Feature","geometry":{"type":"Polygon","coordinates":[[[123.7123839,10.506809],[123.7124244,10.5068317],[123.7123978,10.5068775],[123.7123574,10.5068548],[123.7123839,10.506809]]]},"properties":{"id":"ms-1052","kind":"building","storeys":1,"origin":"ai","edited":false,"source":"Microsoft Global ML Building Footprints 2026-02-03 (ODbL)"}},{"type":"Feature","geometry":{"type":"Polygon","coordinates":[[[123.7154232,10.5016417],[123.7153722,10.5016403],[123.7153745,10.5015597],[123.7154254,10.501561],[123.7154232,10.5016417]]]},"properties":{"id":"ms-1053","kind":"building","storeys":1,"origin":"ai","edited":false,"source":"Microsoft Global ML Building Footprints 2026-02-03 (ODbL)"}},{"type":"Feature","geometry":{"type":"Polygon","coordinates":[[[123.7162032,10.5030068],[123.7162365,10.5030141],[123.7162263,10.5030593],[123.716193,10.5030521],[123.7162032,10.5030068]]]},"properties":{"id":"ms-1054","kind":"building","storeys":1,"origin":"ai","edited":false,"source":"Microsoft Global ML Building Footprints 2026-02-03 (ODbL)"}},{"type":"Feature","geometry":{"type":"Polygon","coordinates":[[[123.7165758,10.5050037],[123.7165477,10.5050995],[123.7164561,10.5050736],[123.7164842,10.5049777],[123.7165758,10.5050037]]]},"properties":{"id":"ms-1055","kind":"building","storeys":1,"origin":"ai","edited":false,"source":"Microsoft Global ML Building Footprints 2026-02-03 (ODbL)"}},{"type":"Feature","geometry":{"type":"Polygon","coordinates":[[[123.7168712,10.5147303],[123.7168607,10.5147855],[123.7167778,10.5147702],[123.7167883,10.5147151],[123.7168712,10.5147303]]]},"properties":{"id":"ms-1056","kind":"building","storeys":1,"origin":"ai","edited":false,"source":"Microsoft Global ML Building Footprints 2026-02-03 (ODbL)"}},{"type":"Feature","geometry":{"type":"Polygon","coordinates":[[[123.7173348,10.5019479],[123.7173438,10.5018635],[123.7173995,10.5018692],[123.7173905,10.5019537],[123.7173348,10.5019479]]]},"properties":{"id":"ms-1057","kind":"building","storeys":1,"origin":"ai","edited":false,"source":"Microsoft Global ML Building Footprints 2026-02-03 (ODbL)"}},{"type":"Feature","geometry":{"type":"Polygon","coordinates":[[[123.718689,10.5083397],[123.7187315,10.5082919],[123.7187558,10.5083128],[123.7187133,10.5083606],[123.718689,10.5083397]]]},"properties":{"id":"ms-1058","kind":"building","storeys":1,"origin":"ai","edited":false,"source":"Microsoft Global ML Building Footprints 2026-02-03 (ODbL)"}},{"type":"Feature","geometry":{"type":"Polygon","coordinates":[[[123.7199612,10.5127534],[123.7198514,10.5127497],[123.7198537,10.5126838],[123.7199635,10.5126875],[123.7199612,10.5127534]]]},"properties":{"id":"ms-1059","kind":"building","storeys":1,"origin":"ai","edited":false,"source":"Microsoft Global ML Building Footprints 2026-02-03 (ODbL)"}},{"type":"Feature","geometry":{"type":"Polygon","coordinates":[[[123.7141112,10.5069699],[123.7141931,10.5069837],[123.7141648,10.5071465],[123.7140829,10.5071328],[123.7141112,10.5069699]]]},"properties":{"id":"ms-1060","kind":"building","storeys":1,"origin":"ai","edited":false,"source":"Microsoft Global ML Building Footprints 2026-02-03 (ODbL)"}},{"type":"Feature","geometry":{"type":"Polygon","coordinates":[[[123.7157309,10.5017693],[123.7157276,10.5016834],[123.7158523,10.5016787],[123.7158556,10.5017646],[123.7157309,10.5017693]]]},"properties":{"id":"ms-1061","kind":"building","storeys":1,"origin":"ai","edited":false,"source":"Microsoft Global ML Building Footprints 2026-02-03 (ODbL)"}},{"type":"Feature","geometry":{"type":"Polygon","coordinates":[[[123.7201434,10.5019518],[123.720083,10.5019535],[123.7200819,10.5019167],[123.7201423,10.501915],[123.7201434,10.5019518]]]},"properties":{"id":"ms-1062","kind":"building","storeys":1,"origin":"ai","edited":false,"source":"Microsoft Global ML Building Footprints 2026-02-03 (ODbL)"}},{"type":"Feature","geometry":{"type":"Polygon","coordinates":[[[123.7150682,10.5032383],[123.7150693,10.5031924],[123.715198,10.5031956],[123.7151968,10.5032415],[123.7150682,10.5032383]]]},"properties":{"id":"ms-1063","kind":"building","storeys":1,"origin":"ai","edited":false,"source":"Microsoft Global ML Building Footprints 2026-02-03 (ODbL)"}},{"type":"Feature","geometry":{"type":"Polygon","coordinates":[[[123.7159123,10.5030561],[123.715893,10.503109],[123.7158443,10.5030919],[123.7158636,10.503039],[123.7159123,10.5030561]]]},"properties":{"id":"ms-1064","kind":"building","storeys":1,"origin":"ai","edited":false,"source":"Microsoft Global ML Building Footprints 2026-02-03 (ODbL)"}},{"type":"Feature","geometry":{"type":"Polygon","coordinates":[[[123.71693,10.5043372],[123.7169315,10.5044084],[123.7168711,10.5044097],[123.7168696,10.5043385],[123.71693,10.5043372]]]},"properties":{"id":"ms-1065","kind":"building","storeys":1,"origin":"ai","edited":false,"source":"Microsoft Global ML Building Footprints 2026-02-03 (ODbL)"}},{"type":"Feature","geometry":{"type":"Polygon","coordinates":[[[123.7182652,10.5021218],[123.7182564,10.502161],[123.7181911,10.5021469],[123.7181999,10.5021076],[123.7182652,10.5021218]]]},"properties":{"id":"ms-1066","kind":"building","storeys":1,"origin":"ai","edited":false,"source":"Microsoft Global ML Building Footprints 2026-02-03 (ODbL)"}},{"type":"Feature","geometry":{"type":"Polygon","coordinates":[[[123.7188464,10.5017826],[123.7188978,10.50176],[123.7189088,10.5017842],[123.7188574,10.5018068],[123.7188464,10.5017826]]]},"properties":{"id":"ms-1067","kind":"building","storeys":1,"origin":"ai","edited":false,"source":"Microsoft Global ML Building Footprints 2026-02-03 (ODbL)"}},{"type":"Feature","geometry":{"type":"Polygon","coordinates":[[[123.7192481,10.5087063],[123.7192882,10.5086545],[123.7193544,10.508704],[123.7193144,10.5087558],[123.7192481,10.5087063]]]},"properties":{"id":"ms-1068","kind":"building","storeys":1,"origin":"ai","edited":false,"source":"Microsoft Global ML Building Footprints 2026-02-03 (ODbL)"}},{"type":"Feature","geometry":{"type":"Polygon","coordinates":[[[123.7138066,10.5092213],[123.7138615,10.5091192],[123.7139789,10.5091802],[123.713924,10.5092823],[123.7138066,10.5092213]]]},"properties":{"id":"ms-1069","kind":"building","storeys":1,"origin":"ai","edited":false,"source":"Microsoft Global ML Building Footprints 2026-02-03 (ODbL)"}},{"type":"Feature","geometry":{"type":"Polygon","coordinates":[[[123.7153045,10.507013],[123.7152643,10.5070117],[123.7152661,10.5069538],[123.7153063,10.506955],[123.7153045,10.507013]]]},"properties":{"id":"ms-1070","kind":"building","storeys":1,"origin":"ai","edited":false,"source":"Microsoft Global ML Building Footprints 2026-02-03 (ODbL)"}},{"type":"Feature","geometry":{"type":"Polygon","coordinates":[[[123.7162782,10.5085391],[123.7162959,10.5085882],[123.7162388,10.5086082],[123.716221,10.508559],[123.7162782,10.5085391]]]},"properties":{"id":"ms-1071","kind":"building","storeys":1,"origin":"ai","edited":false,"source":"Microsoft Global ML Building Footprints 2026-02-03 (ODbL)"}},{"type":"Feature","geometry":{"type":"Polygon","coordinates":[[[123.7163409,10.5145676],[123.7163339,10.5147308],[123.7162951,10.5147292],[123.716302,10.514566],[123.7163409,10.5145676]]]},"properties":{"id":"ms-1072","kind":"building","storeys":1,"origin":"ai","edited":false,"source":"Microsoft Global ML Building Footprints 2026-02-03 (ODbL)"}},{"type":"Feature","geometry":{"type":"Polygon","coordinates":[[[123.7164972,10.5016092],[123.7164505,10.5016106],[123.7164474,10.5015131],[123.7164941,10.5015117],[123.7164972,10.5016092]]]},"properties":{"id":"ms-1073","kind":"building","storeys":1,"origin":"ai","edited":false,"source":"Microsoft Global ML Building Footprints 2026-02-03 (ODbL)"}},{"type":"Feature","geometry":{"type":"Polygon","coordinates":[[[123.7177182,10.5090413],[123.717806,10.5090864],[123.7177774,10.5091402],[123.7176896,10.5090952],[123.7177182,10.5090413]]]},"properties":{"id":"ms-1074","kind":"building","storeys":1,"origin":"ai","edited":false,"source":"Microsoft Global ML Building Footprints 2026-02-03 (ODbL)"}},{"type":"Feature","geometry":{"type":"Polygon","coordinates":[[[123.7182655,10.5023311],[123.7182752,10.5023088],[123.7182162,10.502284],[123.7182336,10.5022439],[123.7183266,10.502283],[123.7182995,10.5023454],[123.7182655,10.5023311]]]},"properties":{"id":"ms-1075","kind":"building","storeys":1,"origin":"ai","edited":false,"source":"Microsoft Global ML Building Footprints 2026-02-03 (ODbL)"}},{"type":"Feature","geometry":{"type":"Polygon","coordinates":[[[123.7113748,10.5102162],[123.7113967,10.5101614],[123.7114672,10.5101886],[123.7114454,10.5102435],[123.7113748,10.5102162]]]},"properties":{"id":"ms-1076","kind":"building","storeys":1,"origin":"ai","edited":false,"source":"Microsoft Global ML Building Footprints 2026-02-03 (ODbL)"}},{"type":"Feature","geometry":{"type":"Polygon","coordinates":[[[123.7146832,10.5102516],[123.7147608,10.5102478],[123.7147644,10.5103215],[123.7146868,10.5103252],[123.7146832,10.5102516]]]},"properties":{"id":"ms-1077","kind":"building","storeys":1,"origin":"ai","edited":false,"source":"Microsoft Global ML Building Footprints 2026-02-03 (ODbL)"}},{"type":"Feature","geometry":{"type":"Polygon","coordinates":[[[123.7149752,10.5143907],[123.714978,10.5144697],[123.7149057,10.5144722],[123.7149028,10.5143932],[123.7149752,10.5143907]]]},"properties":{"id":"ms-1078","kind":"building","storeys":1,"origin":"ai","edited":false,"source":"Microsoft Global ML Building Footprints 2026-02-03 (ODbL)"}},{"type":"Feature","geometry":{"type":"Polygon","coordinates":[[[123.7154994,10.5008951],[123.7155851,10.5008923],[123.7155898,10.5010319],[123.715504,10.5010347],[123.7154994,10.5008951]]]},"properties":{"id":"ms-1079","kind":"building","storeys":1,"origin":"ai","edited":false,"source":"Microsoft Global ML Building Footprints 2026-02-03 (ODbL)"}},{"type":"Feature","geometry":{"type":"Polygon","coordinates":[[[123.7156325,10.5042786],[123.7155093,10.5042092],[123.7156088,10.5040385],[123.7156391,10.5040555],[123.7156657,10.5040099],[123.715698,10.5040281],[123.7156807,10.5040578],[123.7157413,10.504092],[123.7156325,10.5042786]]]},"properties":{"id":"ms-1080","kind":"building","storeys":1,"origin":"ai","edited":false,"source":"Microsoft Global ML Building Footprints 2026-02-03 (ODbL)"}},{"type":"Feature","geometry":{"type":"Polygon","coordinates":[[[123.7157609,10.5037049],[123.7157286,10.5038658],[123.7156266,10.5038461],[123.7156485,10.5037369],[123.7156924,10.5037454],[123.7157028,10.5036937],[123.7157609,10.5037049]]]},"properties":{"id":"ms-1081","kind":"building","storeys":1,"origin":"ai","edited":false,"source":"Microsoft Global ML Building Footprints 2026-02-03 (ODbL)"}},{"type":"Feature","geometry":{"type":"Polygon","coordinates":[[[123.7161462,10.502324],[123.7161504,10.502129],[123.7162431,10.5021309],[123.7162405,10.5022486],[123.7162968,10.5022498],[123.7162951,10.5023272],[123.7161462,10.502324]]]},"properties":{"id":"ms-1082","kind":"building","storeys":1,"origin":"ai","edited":false,"source":"Microsoft Global ML Building Footprints 2026-02-03 (ODbL)"}},{"type":"Feature","geometry":{"type":"Polygon","coordinates":[[[123.7168284,10.5056115],[123.7168994,10.5055052],[123.716996,10.5055676],[123.7170083,10.5055492],[123.7174675,10.5058456],[123.7173843,10.5059703],[123.7168284,10.5056115]]]},"properties":{"id":"ms-1083","kind":"building","storeys":1,"origin":"ai","edited":false,"source":"Microsoft Global ML Building Footprints 2026-02-03 (ODbL)"}},{"type":"Feature","geometry":{"type":"Polygon","coordinates":[[[123.717093,10.5021188],[123.7172029,10.5021193],[123.7172027,10.5021667],[123.7172579,10.502167],[123.7172577,10.5022171],[123.7172872,10.5022172],[123.7172869,10.5022805],[123.7171111,10.5022798],[123.7171113,10.5022297],[123.7170925,10.5022296],[123.717093,10.5021188]]]},"properties":{"id":"ms-1084","kind":"building","storeys":1,"origin":"ai","edited":false,"source":"Microsoft Global ML Building Footprints 2026-02-03 (ODbL)"}},{"type":"Feature","geometry":{"type":"Polygon","coordinates":[[[123.7115167,10.5101705],[123.7115488,10.5101281],[123.7115868,10.5101559],[123.7115546,10.5101983],[123.7115167,10.5101705]]]},"properties":{"id":"ms-1085","kind":"building","storeys":1,"origin":"ai","edited":false,"source":"Microsoft Global ML Building Footprints 2026-02-03 (ODbL)"}},{"type":"Feature","geometry":{"type":"Polygon","coordinates":[[[123.7122243,10.5079102],[123.7121838,10.5079664],[123.7121249,10.5079253],[123.7121654,10.5078692],[123.7122243,10.5079102]]]},"properties":{"id":"ms-1086","kind":"building","storeys":1,"origin":"ai","edited":false,"source":"Microsoft Global ML Building Footprints 2026-02-03 (ODbL)"}},{"type":"Feature","geometry":{"type":"Polygon","coordinates":[[[123.713017,10.5057695],[123.7130609,10.5057924],[123.7130354,10.5058398],[123.7129914,10.5058169],[123.713017,10.5057695]]]},"properties":{"id":"ms-1087","kind":"building","storeys":1,"origin":"ai","edited":false,"source":"Microsoft Global ML Building Footprints 2026-02-03 (ODbL)"}},{"type":"Feature","geometry":{"type":"Polygon","coordinates":[[[123.7148712,10.5008896],[123.7148734,10.5007974],[123.71503,10.5008009],[123.7150279,10.5008905],[123.7149195,10.5008881],[123.7149195,10.5008907],[123.7148712,10.5008896]]]},"properties":{"id":"ms-1088","kind":"building","storeys":1,"origin":"ai","edited":false,"source":"Microsoft Global ML Building Footprints 2026-02-03 (ODbL)"}},{"type":"Feature","geometry":{"type":"Polygon","coordinates":[[[123.7148765,10.5113471],[123.7148218,10.5113488],[123.714819,10.5112619],[123.7148736,10.5112601],[123.7148765,10.5113471]]]},"properties":{"id":"ms-1089","kind":"building","storeys":1,"origin":"ai","edited":false,"source":"Microsoft Global ML Building Footprints 2026-02-03 (ODbL)"}},{"type":"Feature","geometry":{"type":"Polygon","coordinates":[[[123.7149921,10.5144112],[123.7150564,10.5144125],[123.7150552,10.5144731],[123.7149909,10.5144719],[123.7149921,10.5144112]]]},"properties":{"id":"ms-1090","kind":"building","storeys":1,"origin":"ai","edited":false,"source":"Microsoft Global ML Building Footprints 2026-02-03 (ODbL)"}},{"type":"Feature","geometry":{"type":"Polygon","coordinates":[[[123.7150641,10.5024828],[123.7152035,10.5024863],[123.7152009,10.5025864],[123.7151527,10.5025852],[123.7151514,10.5026327],[123.7150603,10.5026304],[123.7150641,10.5024828]]]},"properties":{"id":"ms-1091","kind":"building","storeys":1,"origin":"ai","edited":false,"source":"Microsoft Global ML Building Footprints 2026-02-03 (ODbL)"}},{"type":"Feature","geometry":{"type":"Polygon","coordinates":[[[123.7165247,10.5018548],[123.716522,10.5019365],[123.7164443,10.501934],[123.716447,10.5018523],[123.7165247,10.5018548]]]},"properties":{"id":"ms-1092","kind":"building","storeys":1,"origin":"ai","edited":false,"source":"Microsoft Global ML Building Footprints 2026-02-03 (ODbL)"}},{"type":"Feature","geometry":{"type":"Polygon","coordinates":[[[123.7166222,10.5015102],[123.7166796,10.5015115],[123.7166758,10.5016776],[123.7166184,10.5016763],[123.7166222,10.5015102]]]},"properties":{"id":"ms-1093","kind":"building","storeys":1,"origin":"ai","edited":false,"source":"Microsoft Global ML Building Footprints 2026-02-03 (ODbL)"}},{"type":"Feature","geometry":{"type":"Polygon","coordinates":[[[123.7166549,10.5043684],[123.7167184,10.5043831],[123.7166899,10.5045021],[123.7166264,10.5044874],[123.7166549,10.5043684]]]},"properties":{"id":"ms-1094","kind":"building","storeys":1,"origin":"ai","edited":false,"source":"Microsoft Global ML Building Footprints 2026-02-03 (ODbL)"}},{"type":"Feature","geometry":{"type":"Polygon","coordinates":[[[123.7176578,10.5041415],[123.7176926,10.504069],[123.717743,10.5040924],[123.7177082,10.5041649],[123.7176578,10.5041415]]]},"properties":{"id":"ms-1095","kind":"building","storeys":1,"origin":"ai","edited":false,"source":"Microsoft Global ML Building Footprints 2026-02-03 (ODbL)"}},{"type":"Feature","geometry":{"type":"Polygon","coordinates":[[[123.7194691,10.5079124],[123.7195766,10.5080037],[123.7194744,10.50812],[123.7194376,10.5080886],[123.719466,10.5080563],[123.7193953,10.5079963],[123.7194691,10.5079124]]]},"properties":{"id":"ms-1096","kind":"building","storeys":1,"origin":"ai","edited":false,"source":"Microsoft Global ML Building Footprints 2026-02-03 (ODbL)"}},{"type":"Feature","geometry":{"type":"Polygon","coordinates":[[[123.7142216,10.5114029],[123.7142161,10.5114949],[123.7141653,10.511492],[123.7141708,10.5114],[123.7142216,10.5114029]]]},"properties":{"id":"ms-1097","kind":"building","storeys":1,"origin":"ai","edited":false,"source":"Microsoft Global ML Building Footprints 2026-02-03 (ODbL)"}},{"type":"Feature","geometry":{"type":"Polygon","coordinates":[[[123.7158906,10.5097663],[123.7158615,10.5098594],[123.7158027,10.5098416],[123.7158317,10.5097485],[123.7158906,10.5097663]]]},"properties":{"id":"ms-1098","kind":"building","storeys":1,"origin":"ai","edited":false,"source":"Microsoft Global ML Building Footprints 2026-02-03 (ODbL)"}},{"type":"Feature","geometry":{"type":"Polygon","coordinates":[[[123.7164212,10.5099918],[123.7163871,10.5100524],[123.7163583,10.5100368],[123.7163924,10.5099762],[123.7164212,10.5099918]]]},"properties":{"id":"ms-1099","kind":"building","storeys":1,"origin":"ai","edited":false,"source":"Microsoft Global ML Building Footprints 2026-02-03 (ODbL)"}},{"type":"Feature","geometry":{"type":"Polygon","coordinates":[[[123.7165111,10.5016175],[123.7165095,10.5016781],[123.7164157,10.5016757],[123.7164173,10.5016151],[123.7165111,10.5016175]]]},"properties":{"id":"ms-1100","kind":"building","storeys":1,"origin":"ai","edited":false,"source":"Microsoft Global ML Building Footprints 2026-02-03 (ODbL)"}},{"type":"Feature","geometry":{"type":"Polygon","coordinates":[[[123.7169203,10.5002746],[123.7169745,10.5002487],[123.717011,10.5003226],[123.7169568,10.5003485],[123.7169203,10.5002746]]]},"properties":{"id":"ms-1101","kind":"building","storeys":1,"origin":"ai","edited":false,"source":"Microsoft Global ML Building Footprints 2026-02-03 (ODbL)"}},{"type":"Feature","geometry":{"type":"Polygon","coordinates":[[[123.7169957,10.5087281],[123.7169923,10.5088114],[123.716836,10.5088054],[123.716835,10.5088291],[123.7167761,10.5088268],[123.7167793,10.5087487],[123.7168472,10.5087514],[123.7168483,10.508725],[123.7169089,10.5087274],[123.7169065,10.5087853],[123.7169584,10.5087873],[123.7169608,10.5087268],[123.7169957,10.5087281]]]},"properties":{"id":"ms-1102","kind":"building","storeys":1,"origin":"ai","edited":false,"source":"Microsoft Global ML Building Footprints 2026-02-03 (ODbL)"}},{"type":"Feature","geometry":{"type":"Polygon","coordinates":[[[123.7183916,10.5076677],[123.7184728,10.5077368],[123.7184237,10.5077926],[123.7183425,10.5077234],[123.7183916,10.5076677]]]},"properties":{"id":"ms-1103","kind":"building","storeys":1,"origin":"ai","edited":false,"source":"Microsoft Global ML Building Footprints 2026-02-03 (ODbL)"}},{"type":"Feature","geometry":{"type":"Polygon","coordinates":[[[123.7206457,10.5035651],[123.7206491,10.5035232],[123.7206997,10.5035271],[123.7206964,10.503569],[123.7206457,10.5035651]]]},"properties":{"id":"ms-1104","kind":"building","storeys":1,"origin":"ai","edited":false,"source":"Microsoft Global ML Building Footprints 2026-02-03 (ODbL)"}},{"type":"Feature","geometry":{"type":"Polygon","coordinates":[[[123.7123156,10.5044542],[123.7125554,10.5045495],[123.712533,10.5046039],[123.7122932,10.5045085],[123.7123156,10.5044542]]]},"properties":{"id":"ms-1105","kind":"building","storeys":1,"origin":"ai","edited":false,"source":"Microsoft Global ML Building Footprints 2026-02-03 (ODbL)"}},{"type":"Feature","geometry":{"type":"Polygon","coordinates":[[[123.7127234,10.5061191],[123.712735,10.5060661],[123.7127863,10.5060769],[123.7127747,10.5061299],[123.7127234,10.5061191]]]},"properties":{"id":"ms-1106","kind":"building","storeys":1,"origin":"ai","edited":false,"source":"Microsoft Global ML Building Footprints 2026-02-03 (ODbL)"}},{"type":"Feature","geometry":{"type":"Polygon","coordinates":[[[123.7151405,10.5024802],[123.7151419,10.5023826],[123.7152679,10.5023843],[123.7152687,10.5023263],[123.7153116,10.5023269],[123.7153123,10.5022768],[123.7153874,10.5022778],[123.7153834,10.5025678],[123.7152895,10.5025666],[123.7152907,10.5024822],[123.7151405,10.5024802]]]},"properties":{"id":"ms-1107","kind":"building","storeys":1,"origin":"ai","edited":false,"source":"Microsoft Global ML Building Footprints 2026-02-03 (ODbL)"}},{"type":"Feature","geometry":{"type":"Polygon","coordinates":[[[123.71608,10.5054417],[123.7160935,10.5053813],[123.7162342,10.5054117],[123.7162207,10.5054721],[123.71608,10.5054417]]]},"properties":{"id":"ms-1108","kind":"building","storeys":1,"origin":"ai","edited":false,"source":"Microsoft Global ML Building Footprints 2026-02-03 (ODbL)"}},{"type":"Feature","geometry":{"type":"Polygon","coordinates":[[[123.7162072,10.5130237],[123.7161457,10.5130276],[123.7161402,10.5129419],[123.7162016,10.512938],[123.7162072,10.5130237]]]},"properties":{"id":"ms-1109","kind":"building","storeys":1,"origin":"ai","edited":false,"source":"Microsoft Global ML Building Footprints 2026-02-03 (ODbL)"}},{"type":"Feature","geometry":{"type":"Polygon","coordinates":[[[123.7166782,10.5067534],[123.7166952,10.5067097],[123.7168052,10.506751],[123.7167882,10.5067947],[123.7166782,10.5067534]]]},"properties":{"id":"ms-1110","kind":"building","storeys":1,"origin":"ai","edited":false,"source":"Microsoft Global ML Building Footprints 2026-02-03 (ODbL)"}},{"type":"Feature","geometry":{"type":"Polygon","coordinates":[[[123.7170817,10.5061167],[123.7171107,10.5060373],[123.717201,10.5060691],[123.717172,10.5061486],[123.7170817,10.5061167]]]},"properties":{"id":"ms-1111","kind":"building","storeys":1,"origin":"ai","edited":false,"source":"Microsoft Global ML Building Footprints 2026-02-03 (ODbL)"}},{"type":"Feature","geometry":{"type":"Polygon","coordinates":[[[123.7172586,10.5063159],[123.7172386,10.5063841],[123.7171742,10.5063659],[123.7171941,10.5062977],[123.7172586,10.5063159]]]},"properties":{"id":"ms-1112","kind":"building","storeys":1,"origin":"ai","edited":false,"source":"Microsoft Global ML Building Footprints 2026-02-03 (ODbL)"}},{"type":"Feature","geometry":{"type":"Polygon","coordinates":[[[123.7174283,10.5080131],[123.7174641,10.5079629],[123.717499,10.507987],[123.7174632,10.5080371],[123.7174283,10.5080131]]]},"properties":{"id":"ms-1113","kind":"building","storeys":1,"origin":"ai","edited":false,"source":"Microsoft Global ML Building Footprints 2026-02-03 (ODbL)"}},{"type":"Feature","geometry":{"type":"Polygon","coordinates":[[[123.7185194,10.5022886],[123.71857,10.5021969],[123.7186882,10.5022598],[123.7186376,10.5023516],[123.7185194,10.5022886]]]},"properties":{"id":"ms-1114","kind":"building","storeys":1,"origin":"ai","edited":false,"source":"Microsoft Global ML Building Footprints 2026-02-03 (ODbL)"}},{"type":"Feature","geometry":{"type":"Polygon","coordinates":[[[123.7202018,10.5065779],[123.7202373,10.5065157],[123.7203586,10.5065825],[123.7203232,10.5066447],[123.7202018,10.5065779]]]},"properties":{"id":"ms-1115","kind":"building","storeys":1,"origin":"ai","edited":false,"source":"Microsoft Global ML Building Footprints 2026-02-03 (ODbL)"}},{"type":"Feature","geometry":{"type":"Polygon","coordinates":[[[123.7147812,10.5027376],[123.7148401,10.5027353],[123.7148415,10.5027695],[123.7147826,10.5027719],[123.7147812,10.5027376]]]},"properties":{"id":"ms-1116","kind":"building","storeys":1,"origin":"ai","edited":false,"source":"Microsoft Global ML Building Footprints 2026-02-03 (ODbL)"}},{"type":"Feature","geometry":{"type":"Polygon","coordinates":[[[123.7158963,10.5144151],[123.7159619,10.5144128],[123.7159643,10.5144813],[123.7158987,10.5144835],[123.7158963,10.5144151]]]},"properties":{"id":"ms-1117","kind":"building","storeys":1,"origin":"ai","edited":false,"source":"Microsoft Global ML Building Footprints 2026-02-03 (ODbL)"}},{"type":"Feature","geometry":{"type":"Polygon","coordinates":[[[123.7177457,10.5084867],[123.7177588,10.508443],[123.7178067,10.5084568],[123.7177936,10.5085005],[123.7177457,10.5084867]]]},"properties":{"id":"ms-1118","kind":"building","storeys":1,"origin":"ai","edited":false,"source":"Microsoft Global ML Building Footprints 2026-02-03 (ODbL)"}},{"type":"Feature","geometry":{"type":"Polygon","coordinates":[[[123.7182998,10.5078544],[123.7183944,10.5079033],[123.7183546,10.5079777],[123.71826,10.5079288],[123.7182998,10.5078544]]]},"properties":{"id":"ms-1119","kind":"building","storeys":1,"origin":"ai","edited":false,"source":"Microsoft Global ML Building Footprints 2026-02-03 (ODbL)"}},{"type":"Feature","geometry":{"type":"Polygon","coordinates":[[[123.7192649,10.5069392],[123.7192971,10.5068969],[123.7193875,10.5069634],[123.7193553,10.5070057],[123.7192649,10.5069392]]]},"properties":{"id":"ms-1120","kind":"building","storeys":1,"origin":"ai","edited":false,"source":"Microsoft Global ML Building Footprints 2026-02-03 (ODbL)"}},{"type":"Feature","geometry":{"type":"Polygon","coordinates":[[[123.7193547,10.5090834],[123.7194049,10.5091211],[123.7193584,10.5091811],[123.7193081,10.5091434],[123.7193547,10.5090834]]]},"properties":{"id":"ms-1121","kind":"building","storeys":1,"origin":"ai","edited":false,"source":"Microsoft Global ML Building Footprints 2026-02-03 (ODbL)"}},{"type":"Feature","geometry":{"type":"Polygon","coordinates":[[[123.7115635,10.5103756],[123.7115866,10.510292],[123.7116631,10.5103124],[123.7116401,10.5103959],[123.7115635,10.5103756]]]},"properties":{"id":"ms-1122","kind":"building","storeys":1,"origin":"ai","edited":false,"source":"Microsoft Global ML Building Footprints 2026-02-03 (ODbL)"}},{"type":"Feature","geometry":{"type":"Polygon","coordinates":[[[123.7123882,10.5082355],[123.7123473,10.5083306],[123.7122731,10.5082997],[123.712314,10.5082046],[123.7123882,10.5082355]]]},"properties":{"id":"ms-1123","kind":"building","storeys":1,"origin":"ai","edited":false,"source":"Microsoft Global ML Building Footprints 2026-02-03 (ODbL)"}},{"type":"Feature","geometry":{"type":"Polygon","coordinates":[[[123.7151275,10.5043322],[123.7151557,10.5042816],[123.7152206,10.5043166],[123.7151923,10.5043673],[123.7151275,10.5043322]]]},"properties":{"id":"ms-1124","kind":"building","storeys":1,"origin":"ai","edited":false,"source":"Microsoft Global ML Building Footprints 2026-02-03 (ODbL)"}},{"type":"Feature","geometry":{"type":"Polygon","coordinates":[[[123.7153134,10.5122613],[123.7154083,10.5122454],[123.7154213,10.5123197],[123.7153263,10.5123356],[123.7153134,10.5122613]]]},"properties":{"id":"ms-1125","kind":"building","storeys":1,"origin":"ai","edited":false,"source":"Microsoft Global ML Building Footprints 2026-02-03 (ODbL)"}},{"type":"Feature","geometry":{"type":"Polygon","coordinates":[[[123.718835,10.5086334],[123.7188161,10.5086732],[123.71878,10.5086567],[123.7187989,10.5086168],[123.718835,10.5086334]]]},"properties":{"id":"ms-1126","kind":"building","storeys":1,"origin":"ai","edited":false,"source":"Microsoft Global ML Building Footprints 2026-02-03 (ODbL)"}},{"type":"Feature","geometry":{"type":"Polygon","coordinates":[[[123.7193548,10.5082776],[123.7193806,10.5082388],[123.7194464,10.508281],[123.7194206,10.5083198],[123.7193548,10.5082776]]]},"properties":{"id":"ms-1127","kind":"building","storeys":1,"origin":"ai","edited":false,"source":"Microsoft Global ML Building Footprints 2026-02-03 (ODbL)"}},{"type":"Feature","geometry":{"type":"Polygon","coordinates":[[[123.7120324,10.507852],[123.7121082,10.5078397],[123.7121172,10.5078936],[123.7120415,10.5079059],[123.7120324,10.507852]]]},"properties":{"id":"ms-1128","kind":"building","storeys":1,"origin":"ai","edited":false,"source":"Microsoft Global ML Building Footprints 2026-02-03 (ODbL)"}},{"type":"Feature","geometry":{"type":"Polygon","coordinates":[[[123.7141433,10.5034764],[123.7141641,10.5032834],[123.7142092,10.5032881],[123.7142177,10.5032099],[123.7142681,10.5032151],[123.7142585,10.5033038],[123.714293,10.5033074],[123.7142784,10.503443],[123.7142333,10.5034383],[123.7142282,10.5034853],[123.7141433,10.5034764]]]},"properties":{"id":"ms-1129","kind":"building","storeys":1,"origin":"ai","edited":false,"source":"Microsoft Global ML Building Footprints 2026-02-03 (ODbL)"}},{"type":"Feature","geometry":{"type":"Polygon","coordinates":[[[123.7149643,10.5130045],[123.7149204,10.5130299],[123.7148998,10.5129954],[123.7149437,10.51297],[123.7149643,10.5130045]]]},"properties":{"id":"ms-1130","kind":"building","storeys":1,"origin":"ai","edited":false,"source":"Microsoft Global ML Building Footprints 2026-02-03 (ODbL)"}},{"type":"Feature","geometry":{"type":"Polygon","coordinates":[[[123.7153081,10.5145354],[123.715452,10.514524],[123.7154717,10.5147651],[123.7153384,10.5147756],[123.7153318,10.5146944],[123.7154144,10.5146879],[123.7154081,10.5146103],[123.7153148,10.5146177],[123.7153081,10.5145354]]]},"properties":{"id":"ms-1131","kind":"building","storeys":1,"origin":"ai","edited":false,"source":"Microsoft Global ML Building Footprints 2026-02-03 (ODbL)"}},{"type":"Feature","geometry":{"type":"Polygon","coordinates":[[[123.7160013,10.5039161],[123.716079,10.5039179],[123.7160766,10.5040233],[123.7159211,10.5040198],[123.7159246,10.5038669],[123.7160024,10.5038687],[123.7160013,10.5039161]]]},"properties":{"id":"ms-1132","kind":"building","storeys":1,"origin":"ai","edited":false,"source":"Microsoft Global ML Building Footprints 2026-02-03 (ODbL)"}},{"type":"Feature","geometry":{"type":"Polygon","coordinates":[[[123.7160249,10.5136118],[123.7161938,10.5136086],[123.7161959,10.5137167],[123.716027,10.5137199],[123.7160249,10.5136118]]]},"properties":{"id":"ms-1133","kind":"building","storeys":1,"origin":"ai","edited":false,"source":"Microsoft Global ML Building Footprints 2026-02-03 (ODbL)"}},{"type":"Feature","geometry":{"type":"Polygon","coordinates":[[[123.7187041,10.5031618],[123.7186895,10.5031613],[123.7186907,10.503127],[123.7188125,10.5031311],[123.7188073,10.5032813],[123.7187001,10.5032777],[123.7187041,10.5031618]]]},"properties":{"id":"ms-1134","kind":"building","storeys":1,"origin":"ai","edited":false,"source":"Microsoft Global ML Building Footprints 2026-02-03 (ODbL)"}},{"type":"Feature","geometry":{"type":"Polygon","coordinates":[[[123.7187375,10.5118419],[123.7187192,10.5118937],[123.7186436,10.5118679],[123.7186619,10.5118161],[123.7187375,10.5118419]]]},"properties":{"id":"ms-1135","kind":"building","storeys":1,"origin":"ai","edited":false,"source":"Microsoft Global ML Building Footprints 2026-02-03 (ODbL)"}},{"type":"Feature","geometry":{"type":"Polygon","coordinates":[[[123.7188566,10.5056748],[123.71897,10.5057032],[123.718908,10.5059419],[123.7187947,10.5059135],[123.7188566,10.5056748]]]},"properties":{"id":"ms-1136","kind":"building","storeys":1,"origin":"ai","edited":false,"source":"Microsoft Global ML Building Footprints 2026-02-03 (ODbL)"}},{"type":"Feature","geometry":{"type":"Polygon","coordinates":[[[123.7107562,10.5094579],[123.7108012,10.5094907],[123.710782,10.5095162],[123.710737,10.5094834],[123.7107562,10.5094579]]]},"properties":{"id":"ms-1137","kind":"building","storeys":1,"origin":"ai","edited":false,"source":"Microsoft Global ML Building Footprints 2026-02-03 (ODbL)"}},{"type":"Feature","geometry":{"type":"Polygon","coordinates":[[[123.7122254,10.5031527],[123.7122475,10.5031079],[123.7122952,10.5031307],[123.7122731,10.5031755],[123.7122254,10.5031527]]]},"properties":{"id":"ms-1138","kind":"building","storeys":1,"origin":"ai","edited":false,"source":"Microsoft Global ML Building Footprints 2026-02-03 (ODbL)"}},{"type":"Feature","geometry":{"type":"Polygon","coordinates":[[[123.7131389,10.5087626],[123.7131786,10.508707],[123.7132774,10.5087752],[123.7131974,10.5088873],[123.7131213,10.5088348],[123.7131616,10.5087782],[123.7131389,10.5087626]]]},"properties":{"id":"ms-1139","kind":"building","storeys":1,"origin":"ai","edited":false,"source":"Microsoft Global ML Building Footprints 2026-02-03 (ODbL)"}},{"type":"Feature","geometry":{"type":"Polygon","coordinates":[[[123.7153999,10.5005089],[123.7153383,10.5005113],[123.7153396,10.5005429],[123.7152592,10.500546],[123.7152545,10.5004291],[123.7153359,10.5004259],[123.715337,10.5004523],[123.7153975,10.5004499],[123.7153999,10.5005089]]]},"properties":{"id":"ms-1140","kind":"building","storeys":1,"origin":"ai","edited":false,"source":"Microsoft Global ML Building Footprints 2026-02-03 (ODbL)"}},{"type":"Feature","geometry":{"type":"Polygon","coordinates":[[[123.7154756,10.5040548],[123.715562,10.504084],[123.7155215,10.5041996],[123.7154352,10.5041703],[123.7154756,10.5040548]]]},"properties":{"id":"ms-1141","kind":"building","storeys":1,"origin":"ai","edited":false,"source":"Microsoft Global ML Building Footprints 2026-02-03 (ODbL)"}},{"type":"Feature","geometry":{"type":"Polygon","coordinates":[[[123.7160729,10.509474],[123.7160222,10.5094701],[123.7160262,10.5094203],[123.7160768,10.5094242],[123.7160729,10.509474]]]},"properties":{"id":"ms-1142","kind":"building","storeys":1,"origin":"ai","edited":false,"source":"Microsoft Global ML Building Footprints 2026-02-03 (ODbL)"}},{"type":"Feature","geometry":{"type":"Polygon","coordinates":[[[123.7172894,10.5001889],[123.7172428,10.5002219],[123.7172105,10.5001779],[123.7172571,10.5001448],[123.7172894,10.5001889]]]},"properties":{"id":"ms-1143","kind":"building","storeys":1,"origin":"ai","edited":false,"source":"Microsoft Global ML Building Footprints 2026-02-03 (ODbL)"}},{"type":"Feature","geometry":{"type":"Polygon","coordinates":[[[123.7185993,10.512273],[123.7186595,10.5122574],[123.7186716,10.5123028],[123.7186115,10.5123184],[123.7185993,10.512273]]]},"properties":{"id":"ms-1144","kind":"building","storeys":1,"origin":"ai","edited":false,"source":"Microsoft Global ML Building Footprints 2026-02-03 (ODbL)"}},{"type":"Feature","geometry":{"type":"Polygon","coordinates":[[[123.7201635,10.5018324],[123.7201549,10.501881],[123.7201054,10.5018726],[123.720114,10.5018239],[123.7201635,10.5018324]]]},"properties":{"id":"ms-1145","kind":"building","storeys":1,"origin":"ai","edited":false,"source":"Microsoft Global ML Building Footprints 2026-02-03 (ODbL)"}},{"type":"Feature","geometry":{"type":"Polygon","coordinates":[[[123.7125284,10.5039574],[123.7125671,10.5038649],[123.71298,10.504032],[123.7129413,10.5041245],[123.7125284,10.5039574]]]},"properties":{"id":"ms-1146","kind":"building","storeys":1,"origin":"ai","edited":false,"source":"Microsoft Global ML Building Footprints 2026-02-03 (ODbL)"}},{"type":"Feature","geometry":{"type":"Polygon","coordinates":[[[123.7136431,10.5042491],[123.7138063,10.5039357],[123.7138616,10.5039636],[123.7136983,10.504277],[123.7136431,10.5042491]]]},"properties":{"id":"ms-1147","kind":"building","storeys":1,"origin":"ai","edited":false,"source":"Microsoft Global ML Building Footprints 2026-02-03 (ODbL)"}},{"type":"Feature","geometry":{"type":"Polygon","coordinates":[[[123.7142404,10.5061257],[123.7143723,10.5057192],[123.7145775,10.5057261],[123.7146137,10.5058087],[123.7146996,10.5058678],[123.7147637,10.50567],[123.7145796,10.5056123],[123.7145823,10.5055362],[123.7145544,10.5055754],[123.714373,10.5055185],[123.7143963,10.5054467],[123.7142968,10.5054155],[123.7143003,10.5053124],[123.7144738,10.5052389],[123.7147957,10.5053398],[123.7148889,10.5050526],[123.7149173,10.5050615],[123.7149772,10.5051027],[123.7149574,10.5051639],[123.7150184,10.505166],[123.7149419,10.5054017],[123.7150114,10.5054496],[123.7149882,10.5054821],[123.7150322,10.5055824],[123.7147792,10.5059376],[123.7148995,10.5058866],[123.7150539,10.505935],[123.7150472,10.5061281],[123.7146137,10.5059922],[123.7145686,10.506131],[123.7149923,10.5062638],[123.7149635,10.5063524],[123.7142404,10.5061257]]]},"properties":{"id":"ms-1148","kind":"building","storeys":1,"origin":"ai","edited":false,"source":"Microsoft Global ML Building Footprints 2026-02-03 (ODbL)"}},{"type":"Feature","geometry":{"type":"Polygon","coordinates":[[[123.7170383,10.5002628],[123.716974,10.5002628],[123.716974,10.5001995],[123.7170383,10.5001995],[123.7170383,10.5002628]]]},"properties":{"id":"ms-1149","kind":"building","storeys":1,"origin":"ai","edited":false,"source":"Microsoft Global ML Building Footprints 2026-02-03 (ODbL)"}},{"type":"Feature","geometry":{"type":"Polygon","coordinates":[[[123.7176537,10.5081314],[123.7176925,10.5080176],[123.7177937,10.5080509],[123.717755,10.5081647],[123.7176537,10.5081314]]]},"properties":{"id":"ms-1150","kind":"building","storeys":1,"origin":"ai","edited":false,"source":"Microsoft Global ML Building Footprints 2026-02-03 (ODbL)"}},{"type":"Feature","geometry":{"type":"Polygon","coordinates":[[[123.7177737,10.5081711],[123.7178225,10.5080769],[123.717883,10.5081072],[123.7178341,10.5082014],[123.7177737,10.5081711]]]},"properties":{"id":"ms-1151","kind":"building","storeys":1,"origin":"ai","edited":false,"source":"Microsoft Global ML Building Footprints 2026-02-03 (ODbL)"}},{"type":"Feature","geometry":{"type":"Polygon","coordinates":[[[123.7196274,10.5079246],[123.7195951,10.5079088],[123.7195684,10.5079617],[123.7195082,10.5079323],[123.7195268,10.5078954],[123.7194773,10.5078713],[123.7195211,10.5077845],[123.7196631,10.5078539],[123.7196274,10.5079246]]]},"properties":{"id":"ms-1152","kind":"building","storeys":1,"origin":"ai","edited":false,"source":"Microsoft Global ML Building Footprints 2026-02-03 (ODbL)"}},{"type":"Feature","geometry":{"type":"Polygon","coordinates":[[[123.7196777,10.5055826],[123.7197037,10.5055288],[123.7197955,10.5055718],[123.7197217,10.5057245],[123.7196451,10.5056887],[123.719693,10.5055898],[123.7196777,10.5055826]]]},"properties":{"id":"ms-1153","kind":"building","storeys":1,"origin":"ai","edited":false,"source":"Microsoft Global ML Building Footprints 2026-02-03 (ODbL)"}},{"type":"Feature","geometry":{"type":"Polygon","coordinates":[[[123.719914,10.5060853],[123.7199474,10.5061072],[123.7199263,10.5061382],[123.7198929,10.5061163],[123.719914,10.5060853]]]},"properties":{"id":"ms-1154","kind":"building","storeys":1,"origin":"ai","edited":false,"source":"Microsoft Global ML Building Footprints 2026-02-03 (ODbL)"}},{"type":"Feature","geometry":{"type":"Polygon","coordinates":[[[123.7137191,10.50866],[123.7137281,10.5086269],[123.7137782,10.50864],[123.7137692,10.5086731],[123.7137191,10.50866]]]},"properties":{"id":"ms-1155","kind":"building","storeys":1,"origin":"ai","edited":false,"source":"Microsoft Global ML Building Footprints 2026-02-03 (ODbL)"}},{"type":"Feature","geometry":{"type":"Polygon","coordinates":[[[123.7143208,10.5113588],[123.7141788,10.5113543],[123.7141808,10.5112911],[123.7143228,10.5112956],[123.7143208,10.5113588]]]},"properties":{"id":"ms-1156","kind":"building","storeys":1,"origin":"ai","edited":false,"source":"Microsoft Global ML Building Footprints 2026-02-03 (ODbL)"}},{"type":"Feature","geometry":{"type":"Polygon","coordinates":[[[123.7155374,10.506544],[123.7155491,10.5064612],[123.7156292,10.5064721],[123.7156233,10.5065135],[123.7157354,10.5065287],[123.7157223,10.5066219],[123.7155971,10.5066048],[123.7156043,10.5065531],[123.7155374,10.506544]]]},"properties":{"id":"ms-1157","kind":"building","storeys":1,"origin":"ai","edited":false,"source":"Microsoft Global ML Building Footprints 2026-02-03 (ODbL)"}},{"type":"Feature","geometry":{"type":"Polygon","coordinates":[[[123.7156041,10.5046032],[123.7155675,10.5047887],[123.7154952,10.5047749],[123.7155318,10.5045894],[123.7156041,10.5046032]]]},"properties":{"id":"ms-1158","kind":"building","storeys":1,"origin":"ai","edited":false,"source":"Microsoft Global ML Building Footprints 2026-02-03 (ODbL)"}},{"type":"Feature","geometry":{"type":"Polygon","coordinates":[[[123.7161119,10.5149718],[123.716106,10.5150345],[123.7160634,10.5150307],[123.7160693,10.5149679],[123.7161119,10.5149718]]]},"properties":{"id":"ms-1159","kind":"building","storeys":1,"origin":"ai","edited":false,"source":"Microsoft Global ML Building Footprints 2026-02-03 (ODbL)"}},{"type":"Feature","geometry":{"type":"Polygon","coordinates":[[[123.7161554,10.5109653],[123.7161589,10.5110347],[123.7160717,10.5110389],[123.7160682,10.5109695],[123.7161554,10.5109653]]]},"properties":{"id":"ms-1160","kind":"building","storeys":1,"origin":"ai","edited":false,"source":"Microsoft Global ML Building Footprints 2026-02-03 (ODbL)"}},{"type":"Feature","geometry":{"type":"Polygon","coordinates":[[[123.7165074,10.502992],[123.716462,10.5029898],[123.7164626,10.5029776],[123.7163983,10.5029745],[123.7164033,10.5028762],[123.716513,10.5028815],[123.7165074,10.502992]]]},"properties":{"id":"ms-1161","kind":"building","storeys":1,"origin":"ai","edited":false,"source":"Microsoft Global ML Building Footprints 2026-02-03 (ODbL)"}},{"type":"Feature","geometry":{"type":"Polygon","coordinates":[[[123.7178443,10.5083231],[123.7178505,10.5082764],[123.7179375,10.5082877],[123.7179313,10.5083343],[123.7178443,10.5083231]]]},"properties":{"id":"ms-1162","kind":"building","storeys":1,"origin":"ai","edited":false,"source":"Microsoft Global ML Building Footprints 2026-02-03 (ODbL)"}},{"type":"Feature","geometry":{"type":"Polygon","coordinates":[[[123.7196482,10.5004084],[123.7195852,10.5004123],[123.7195825,10.5003702],[123.7196455,10.5003663],[123.7196482,10.5004084]]]},"properties":{"id":"ms-1163","kind":"building","storeys":1,"origin":"ai","edited":false,"source":"Microsoft Global ML Building Footprints 2026-02-03 (ODbL)"}},{"type":"Feature","geometry":{"type":"Polygon","coordinates":[[[123.7145645,10.5071387],[123.7145866,10.5070632],[123.7146535,10.5070821],[123.7146314,10.5071576],[123.7145645,10.5071387]]]},"properties":{"id":"ms-1164","kind":"building","storeys":1,"origin":"ai","edited":false,"source":"Microsoft Global ML Building Footprints 2026-02-03 (ODbL)"}},{"type":"Feature","geometry":{"type":"Polygon","coordinates":[[[123.7176048,10.5031964],[123.717494,10.5031884],[123.717509,10.5029854],[123.7176198,10.5029934],[123.7176048,10.5031964]]]},"properties":{"id":"ms-1165","kind":"building","storeys":1,"origin":"ai","edited":false,"source":"Microsoft Global ML Building Footprints 2026-02-03 (ODbL)"}},{"type":"Feature","geometry":{"type":"Polygon","coordinates":[[[123.7187293,10.5094528],[123.7186937,10.5095064],[123.7186204,10.5094592],[123.7186561,10.5094057],[123.7187293,10.5094528]]]},"properties":{"id":"ms-1166","kind":"building","storeys":1,"origin":"ai","edited":false,"source":"Microsoft Global ML Building Footprints 2026-02-03 (ODbL)"}},{"type":"Feature","geometry":{"type":"Polygon","coordinates":[[[123.7191758,10.5082924],[123.719139,10.5083367],[123.7190843,10.5082928],[123.7191211,10.5082485],[123.7191758,10.5082924]]]},"properties":{"id":"ms-1167","kind":"building","storeys":1,"origin":"ai","edited":false,"source":"Microsoft Global ML Building Footprints 2026-02-03 (ODbL)"}},{"type":"Feature","geometry":{"type":"Polygon","coordinates":[[[123.7194734,10.5063076],[123.7195399,10.506329],[123.7195238,10.5063776],[123.7195712,10.5063929],[123.7195225,10.5065396],[123.7194086,10.5065031],[123.7194734,10.5063076]]]},"properties":{"id":"ms-1168","kind":"building","storeys":1,"origin":"ai","edited":false,"source":"Microsoft Global ML Building Footprints 2026-02-03 (ODbL)"}},{"type":"Feature","geometry":{"type":"Polygon","coordinates":[[[123.7174133,10.5101309],[123.7173374,10.5100973],[123.7173836,10.5099964],[123.7173658,10.5099885],[123.7173999,10.509914],[123.7174936,10.5099554],[123.7174133,10.5101309]]]},"properties":{"id":"ms-1169","kind":"building","storeys":1,"origin":"ai","edited":false,"source":"Microsoft Global ML Building Footprints 2026-02-03 (ODbL)"}},{"type":"Feature","geometry":{"type":"Polygon","coordinates":[[[123.7181543,10.5052201],[123.7181991,10.5052397],[123.7181568,10.5053336],[123.718112,10.5053141],[123.7181543,10.5052201]]]},"properties":{"id":"ms-1170","kind":"building","storeys":1,"origin":"ai","edited":false,"source":"Microsoft Global ML Building Footprints 2026-02-03 (ODbL)"}},{"type":"Feature","geometry":{"type":"Polygon","coordinates":[[[123.7182988,10.505859],[123.718344,10.5057518],[123.718391,10.505771],[123.7183459,10.5058781],[123.7182988,10.505859]]]},"properties":{"id":"ms-1171","kind":"building","storeys":1,"origin":"ai","edited":false,"source":"Microsoft Global ML Building Footprints 2026-02-03 (ODbL)"}},{"type":"Feature","geometry":{"type":"Polygon","coordinates":[[[123.7201157,10.5033318],[123.7201044,10.5033958],[123.7200159,10.5033807],[123.7200271,10.5033167],[123.7201157,10.5033318]]]},"properties":{"id":"ms-1172","kind":"building","storeys":1,"origin":"ai","edited":false,"source":"Microsoft Global ML Building Footprints 2026-02-03 (ODbL)"}},{"type":"Feature","geometry":{"type":"Polygon","coordinates":[[[123.7121011,10.5032464],[123.7120923,10.5034121],[123.7120241,10.5034086],[123.712033,10.5032429],[123.7121011,10.5032464]]]},"properties":{"id":"ms-1173","kind":"building","storeys":1,"origin":"ai","edited":false,"source":"Microsoft Global ML Building Footprints 2026-02-03 (ODbL)"}},{"type":"Feature","geometry":{"type":"Polygon","coordinates":[[[123.7145151,10.5096659],[123.7145068,10.5098211],[123.7144122,10.5098162],[123.7144205,10.509661],[123.7145151,10.5096659]]]},"properties":{"id":"ms-1174","kind":"building","storeys":1,"origin":"ai","edited":false,"source":"Microsoft Global ML Building Footprints 2026-02-03 (ODbL)"}},{"type":"Feature","geometry":{"type":"Polygon","coordinates":[[[123.7152802,10.5116675],[123.7153754,10.5116623],[123.7153788,10.5117217],[123.7152836,10.5117269],[123.7152802,10.5116675]]]},"properties":{"id":"ms-1175","kind":"building","storeys":1,"origin":"ai","edited":false,"source":"Microsoft Global ML Building Footprints 2026-02-03 (ODbL)"}},{"type":"Feature","geometry":{"type":"Polygon","coordinates":[[[123.7155116,10.506001],[123.7155041,10.506051],[123.7154505,10.5060433],[123.7154579,10.5059932],[123.7155116,10.506001]]]},"properties":{"id":"ms-1176","kind":"building","storeys":1,"origin":"ai","edited":false,"source":"Microsoft Global ML Building Footprints 2026-02-03 (ODbL)"}},{"type":"Feature","geometry":{"type":"Polygon","coordinates":[[[123.7164848,10.5032322],[123.7164811,10.5031771],[123.7165399,10.5031733],[123.7165435,10.5032284],[123.7164848,10.5032322]]]},"properties":{"id":"ms-1177","kind":"building","storeys":1,"origin":"ai","edited":false,"source":"Microsoft Global ML Building Footprints 2026-02-03 (ODbL)"}},{"type":"Feature","geometry":{"type":"Polygon","coordinates":[[[123.7125416,10.5092882],[123.7125612,10.5093126],[123.71251,10.5093524],[123.7124904,10.509328],[123.7125416,10.5092882]]]},"properties":{"id":"ms-1178","kind":"building","storeys":1,"origin":"ai","edited":false,"source":"Microsoft Global ML Building Footprints 2026-02-03 (ODbL)"}},{"type":"Feature","geometry":{"type":"Polygon","coordinates":[[[123.7152793,10.5045323],[123.7153005,10.504475],[123.7153716,10.5045004],[123.7153504,10.5045577],[123.7152793,10.5045323]]]},"properties":{"id":"ms-1179","kind":"building","storeys":1,"origin":"ai","edited":false,"source":"Microsoft Global ML Building Footprints 2026-02-03 (ODbL)"}},{"type":"Feature","geometry":{"type":"Polygon","coordinates":[[[123.7155574,10.5011488],[123.7155598,10.5012173],[123.7155288,10.5012183],[123.7155264,10.5011498],[123.7155574,10.5011488]]]},"properties":{"id":"ms-1180","kind":"building","storeys":1,"origin":"ai","edited":false,"source":"Microsoft Global ML Building Footprints 2026-02-03 (ODbL)"}},{"type":"Feature","geometry":{"type":"Polygon","coordinates":[[[123.7166621,10.5138543],[123.7166595,10.5139033],[123.7165793,10.5138992],[123.7165818,10.5138502],[123.7166621,10.5138543]]]},"properties":{"id":"ms-1181","kind":"building","storeys":1,"origin":"ai","edited":false,"source":"Microsoft Global ML Building Footprints 2026-02-03 (ODbL)"}},{"type":"Feature","geometry":{"type":"Polygon","coordinates":[[[123.7198344,10.503178],[123.7199215,10.5031752],[123.7199268,10.5033332],[123.7198398,10.5033361],[123.7198344,10.503178]]]},"properties":{"id":"ms-1182","kind":"building","storeys":1,"origin":"ai","edited":false,"source":"Microsoft Global ML Building Footprints 2026-02-03 (ODbL)"}},{"type":"Feature","geometry":{"type":"Polygon","coordinates":[[[123.7111722,10.5090208],[123.7112412,10.5090451],[123.7112216,10.5090989],[123.7111527,10.5090746],[123.7111722,10.5090208]]]},"properties":{"id":"ms-1183","kind":"building","storeys":1,"origin":"ai","edited":false,"source":"Microsoft Global ML Building Footprints 2026-02-03 (ODbL)"}},{"type":"Feature","geometry":{"type":"Polygon","coordinates":[[[123.7116041,10.5080272],[123.7115561,10.5079943],[123.7115957,10.5079384],[123.7116437,10.5079714],[123.7116041,10.5080272]]]},"properties":{"id":"ms-1184","kind":"building","storeys":1,"origin":"ai","edited":false,"source":"Microsoft Global ML Building Footprints 2026-02-03 (ODbL)"}},{"type":"Feature","geometry":{"type":"Polygon","coordinates":[[[123.7141705,10.5029371],[123.7141795,10.5028832],[123.7142187,10.5028896],[123.7142096,10.5029435],[123.7141705,10.5029371]]]},"properties":{"id":"ms-1185","kind":"building","storeys":1,"origin":"ai","edited":false,"source":"Microsoft Global ML Building Footprints 2026-02-03 (ODbL)"}},{"type":"Feature","geometry":{"type":"Polygon","coordinates":[[[123.7145433,10.5024733],[123.7145007,10.5024698],[123.7145034,10.5024384],[123.714546,10.5024419],[123.7145433,10.5024733]]]},"properties":{"id":"ms-1186","kind":"building","storeys":1,"origin":"ai","edited":false,"source":"Microsoft Global ML Building Footprints 2026-02-03 (ODbL)"}},{"type":"Feature","geometry":{"type":"Polygon","coordinates":[[[123.7148167,10.5019919],[123.7149694,10.5019858],[123.7149722,10.5020543],[123.7148195,10.5020603],[123.7148167,10.5019919]]]},"properties":{"id":"ms-1187","kind":"building","storeys":1,"origin":"ai","edited":false,"source":"Microsoft Global ML Building Footprints 2026-02-03 (ODbL)"}},{"type":"Feature","geometry":{"type":"Polygon","coordinates":[[[123.7155302,10.5017078],[123.7155877,10.5017063],[123.7155898,10.5017853],[123.7155323,10.5017868],[123.7155302,10.5017078]]]},"properties":{"id":"ms-1188","kind":"building","storeys":1,"origin":"ai","edited":false,"source":"Microsoft Global ML Building Footprints 2026-02-03 (ODbL)"}},{"type":"Feature","geometry":{"type":"Polygon","coordinates":[[[123.7164312,10.511063],[123.7164815,10.5108486],[123.7164688,10.5108457],[123.716487,10.5107681],[123.716516,10.5107746],[123.7165838,10.5104858],[123.7167672,10.5105274],[123.7166961,10.5108303],[123.7166518,10.5108203],[123.7165865,10.5110982],[123.7164312,10.511063]]]},"properties":{"id":"ms-1189","kind":"building","storeys":1,"origin":"ai","edited":false,"source":"Microsoft Global ML Building Footprints 2026-02-03 (ODbL)"}},{"type":"Feature","geometry":{"type":"Polygon","coordinates":[[[123.7165864,10.5028813],[123.7165833,10.5029567],[123.7165257,10.5029544],[123.7165288,10.502879],[123.7165864,10.5028813]]]},"properties":{"id":"ms-1190","kind":"building","storeys":1,"origin":"ai","edited":false,"source":"Microsoft Global ML Building Footprints 2026-02-03 (ODbL)"}},{"type":"Feature","geometry":{"type":"Polygon","coordinates":[[[123.7194654,10.5078758],[123.7195205,10.5078946],[123.7195056,10.507937],[123.7194505,10.5079182],[123.7194654,10.5078758]]]},"properties":{"id":"ms-1191","kind":"building","storeys":1,"origin":"ai","edited":false,"source":"Microsoft Global ML Building Footprints 2026-02-03 (ODbL)"}},{"type":"Feature","geometry":{"type":"Polygon","coordinates":[[[123.7196107,10.5004223],[123.7196578,10.5004196],[123.7196612,10.5004774],[123.7196142,10.5004801],[123.7196107,10.5004223]]]},"properties":{"id":"ms-1192","kind":"building","storeys":1,"origin":"ai","edited":false,"source":"Microsoft Global ML Building Footprints 2026-02-03 (ODbL)"}},{"type":"Feature","geometry":{"type":"Polygon","coordinates":[[[123.7126395,10.5066791],[123.7126544,10.506685],[123.7126366,10.5067281],[123.7125652,10.5066997],[123.7126136,10.5065818],[123.7126703,10.5066043],[123.7126395,10.5066791]]]},"properties":{"id":"ms-1193","kind":"building","storeys":1,"origin":"ai","edited":false,"source":"Microsoft Global ML Building Footprints 2026-02-03 (ODbL)"}},{"type":"Feature","geometry":{"type":"Polygon","coordinates":[[[123.7127252,10.5034119],[123.7127058,10.5034861],[123.7124204,10.5034138],[123.7124398,10.5033396],[123.7127252,10.5034119]]]},"properties":{"id":"ms-1194","kind":"building","storeys":1,"origin":"ai","edited":false,"source":"Microsoft Global ML Building Footprints 2026-02-03 (ODbL)"}},{"type":"Feature","geometry":{"type":"Polygon","coordinates":[[[123.7132936,10.5089245],[123.7133222,10.5088388],[123.7134239,10.5088717],[123.7133953,10.5089574],[123.7132936,10.5089245]]]},"properties":{"id":"ms-1195","kind":"building","storeys":1,"origin":"ai","edited":false,"source":"Microsoft Global ML Building Footprints 2026-02-03 (ODbL)"}},{"type":"Feature","geometry":{"type":"Polygon","coordinates":[[[123.7205166,10.5029787],[123.7205343,10.5029193],[123.7205887,10.5029349],[123.720571,10.5029943],[123.7205166,10.5029787]]]},"properties":{"id":"ms-1196","kind":"building","storeys":1,"origin":"ai","edited":false,"source":"Microsoft Global ML Building Footprints 2026-02-03 (ODbL)"}},{"type":"Feature","geometry":{"type":"Polygon","coordinates":[[[123.7126834,10.5066813],[123.7127357,10.5067086],[123.7127123,10.5067518],[123.71266,10.5067245],[123.7126834,10.5066813]]]},"properties":{"id":"ms-1197","kind":"building","storeys":1,"origin":"ai","edited":false,"source":"Microsoft Global ML Building Footprints 2026-02-03 (ODbL)"}},{"type":"Feature","geometry":{"type":"Polygon","coordinates":[[[123.7127351,10.5092547],[123.7127024,10.5093173],[123.7126366,10.509284],[123.7126693,10.5092215],[123.7127351,10.5092547]]]},"properties":{"id":"ms-1198","kind":"building","storeys":1,"origin":"ai","edited":false,"source":"Microsoft Global ML Building Footprints 2026-02-03 (ODbL)"}},{"type":"Feature","geometry":{"type":"Polygon","coordinates":[[[123.7153037,10.5011911],[123.7153013,10.5011068],[123.7154311,10.5011032],[123.7154335,10.5011875],[123.7153037,10.5011911]]]},"properties":{"id":"ms-1199","kind":"building","storeys":1,"origin":"ai","edited":false,"source":"Microsoft Global ML Building Footprints 2026-02-03 (ODbL)"}},{"type":"Feature","geometry":{"type":"Polygon","coordinates":[[[123.7153379,10.5146194],[123.7154049,10.5146185],[123.7154058,10.5146871],[123.7153388,10.5146879],[123.7153379,10.5146194]]]},"properties":{"id":"ms-1200","kind":"building","storeys":1,"origin":"ai","edited":false,"source":"Microsoft Global ML Building Footprints 2026-02-03 (ODbL)"}},{"type":"Feature","geometry":{"type":"Polygon","coordinates":[[[123.71559,10.5013943],[123.7154855,10.5013961],[123.715484,10.5013143],[123.7155886,10.5013125],[123.71559,10.5013943]]]},"properties":{"id":"ms-1201","kind":"building","storeys":1,"origin":"ai","edited":false,"source":"Microsoft Global ML Building Footprints 2026-02-03 (ODbL)"}},{"type":"Feature","geometry":{"type":"Polygon","coordinates":[[[123.7163633,10.5014205],[123.7159905,10.5014265],[123.7159894,10.5013606],[123.7160136,10.5013602],[123.7160129,10.5013197],[123.71597,10.5013203],[123.7159694,10.5012861],[123.716023,10.5012852],[123.7160237,10.5013231],[123.7161336,10.5013213],[123.716133,10.5012818],[123.7162214,10.5012804],[123.7162229,10.5013674],[123.7163087,10.501366],[123.7163091,10.5013871],[123.7163627,10.5013862],[123.7163633,10.5014205]]]},"properties":{"id":"ms-1202","kind":"building","storeys":1,"origin":"ai","edited":false,"source":"Microsoft Global ML Building Footprints 2026-02-03 (ODbL)"}},{"type":"Feature","geometry":{"type":"Polygon","coordinates":[[[123.716449,10.5021803],[123.7164437,10.5023067],[123.7163794,10.5023041],[123.7163848,10.5021777],[123.716449,10.5021803]]]},"properties":{"id":"ms-1203","kind":"building","storeys":1,"origin":"ai","edited":false,"source":"Microsoft Global ML Building Footprints 2026-02-03 (ODbL)"}},{"type":"Feature","geometry":{"type":"Polygon","coordinates":[[[123.7196536,10.508473],[123.719756,10.5085266],[123.7197026,10.5086252],[123.7196002,10.5085716],[123.7196536,10.508473]]]},"properties":{"id":"ms-1204","kind":"building","storeys":1,"origin":"ai","edited":false,"source":"Microsoft Global ML Building Footprints 2026-02-03 (ODbL)"}},{"type":"Feature","geometry":{"type":"Polygon","coordinates":[[[123.7205938,10.5011877],[123.7205133,10.5011864],[123.7205144,10.501119],[123.7205949,10.5011203],[123.7205938,10.5011877]]]},"properties":{"id":"ms-1205","kind":"building","storeys":1,"origin":"ai","edited":false,"source":"Microsoft Global ML Building Footprints 2026-02-03 (ODbL)"}},{"type":"Feature","geometry":{"type":"Polygon","coordinates":[[[123.7207852,10.502562],[123.7207873,10.502512],[123.7209935,10.5025206],[123.7209913,10.5025706],[123.7207852,10.502562]]]},"properties":{"id":"ms-1206","kind":"building","storeys":1,"origin":"ai","edited":false,"source":"Microsoft Global ML Building Footprints 2026-02-03 (ODbL)"}},{"type":"Feature","geometry":{"type":"Polygon","coordinates":[[[123.7133867,10.5039966],[123.7131507,10.5038976],[123.7131957,10.5037937],[123.7134318,10.5038927],[123.7133867,10.5039966]]]},"properties":{"id":"ms-1207","kind":"building","storeys":1,"origin":"ai","edited":false,"source":"Microsoft Global ML Building Footprints 2026-02-03 (ODbL)"}},{"type":"Feature","geometry":{"type":"Polygon","coordinates":[[[123.7164457,10.504919],[123.7164292,10.504972],[123.7163581,10.5049506],[123.7163746,10.5048975],[123.7164457,10.504919]]]},"properties":{"id":"ms-1208","kind":"building","storeys":1,"origin":"ai","edited":false,"source":"Microsoft Global ML Building Footprints 2026-02-03 (ODbL)"}},{"type":"Feature","geometry":{"type":"Polygon","coordinates":[[[123.717206,10.5106695],[123.7172315,10.5106285],[123.7172639,10.510648],[123.7172384,10.510689],[123.717206,10.5106695]]]},"properties":{"id":"ms-1209","kind":"building","storeys":1,"origin":"ai","edited":false,"source":"Microsoft Global ML Building Footprints 2026-02-03 (ODbL)"}},{"type":"Feature","geometry":{"type":"Polygon","coordinates":[[[123.7172925,10.5045077],[123.717286,10.5045342],[123.7173936,10.5045598],[123.7173793,10.504618],[123.717188,10.5045724],[123.7172089,10.5044878],[123.7172925,10.5045077]]]},"properties":{"id":"ms-1210","kind":"building","storeys":1,"origin":"ai","edited":false,"source":"Microsoft Global ML Building Footprints 2026-02-03 (ODbL)"}},{"type":"Feature","geometry":{"type":"Polygon","coordinates":[[[123.7174825,10.5031892],[123.7175244,10.5032053],[123.7174632,10.5033584],[123.7173284,10.5033063],[123.717375,10.5031898],[123.7174679,10.5032257],[123.7174825,10.5031892]]]},"properties":{"id":"ms-1211","kind":"building","storeys":1,"origin":"ai","edited":false,"source":"Microsoft Global ML Building Footprints 2026-02-03 (ODbL)"}},{"type":"Feature","geometry":{"type":"Polygon","coordinates":[[[123.711637,10.5102095],[123.7116146,10.5102356],[123.7115661,10.5101953],[123.7115885,10.5101691],[123.711637,10.5102095]]]},"properties":{"id":"ms-1212","kind":"building","storeys":1,"origin":"ai","edited":false,"source":"Microsoft Global ML Building Footprints 2026-02-03 (ODbL)"}},{"type":"Feature","geometry":{"type":"Polygon","coordinates":[[[123.7149852,10.5120971],[123.7150736,10.5120936],[123.7150773,10.5121831],[123.7149889,10.5121866],[123.7149852,10.5120971]]]},"properties":{"id":"ms-1213","kind":"building","storeys":1,"origin":"ai","edited":false,"source":"Microsoft Global ML Building Footprints 2026-02-03 (ODbL)"}},{"type":"Feature","geometry":{"type":"Polygon","coordinates":[[[123.7152423,10.5009982],[123.7151565,10.5009868],[123.7151609,10.5009542],[123.7152283,10.5009632],[123.7152306,10.5009466],[123.715249,10.500949],[123.7152423,10.5009982]]]},"properties":{"id":"ms-1214","kind":"building","storeys":1,"origin":"ai","edited":false,"source":"Microsoft Global ML Building Footprints 2026-02-03 (ODbL)"}},{"type":"Feature","geometry":{"type":"Polygon","coordinates":[[[123.7161652,10.5090555],[123.7161965,10.5089812],[123.7162652,10.5090091],[123.7162339,10.5090834],[123.7161652,10.5090555]]]},"properties":{"id":"ms-1215","kind":"building","storeys":1,"origin":"ai","edited":false,"source":"Microsoft Global ML Building Footprints 2026-02-03 (ODbL)"}},{"type":"Feature","geometry":{"type":"Polygon","coordinates":[[[123.7161988,10.5012099],[123.7162062,10.5012734],[123.7161707,10.5012774],[123.7161633,10.501214],[123.7161988,10.5012099]]]},"properties":{"id":"ms-1216","kind":"building","storeys":1,"origin":"ai","edited":false,"source":"Microsoft Global ML Building Footprints 2026-02-03 (ODbL)"}},{"type":"Feature","geometry":{"type":"Polygon","coordinates":[[[123.717139,10.5001432],[123.7171583,10.5001899],[123.71711,10.5002092],[123.7170906,10.5001625],[123.717139,10.5001432]]]},"properties":{"id":"ms-1217","kind":"building","storeys":1,"origin":"ai","edited":false,"source":"Microsoft Global ML Building Footprints 2026-02-03 (ODbL)"}},{"type":"Feature","geometry":{"type":"Polygon","coordinates":[[[123.7172056,10.5001141],[123.7172245,10.5001624],[123.7171707,10.5001827],[123.7171518,10.5001344],[123.7172056,10.5001141]]]},"properties":{"id":"ms-1218","kind":"building","storeys":1,"origin":"ai","edited":false,"source":"Microsoft Global ML Building Footprints 2026-02-03 (ODbL)"}},{"type":"Feature","geometry":{"type":"Polygon","coordinates":[[[123.7172892,10.5017989],[123.7172643,10.501937],[123.717207,10.501927],[123.7172319,10.501789],[123.7172892,10.5017989]]]},"properties":{"id":"ms-1219","kind":"building","storeys":1,"origin":"ai","edited":false,"source":"Microsoft Global ML Building Footprints 2026-02-03 (ODbL)"}},{"type":"Feature","geometry":{"type":"Polygon","coordinates":[[[123.7202195,10.500944],[123.7201955,10.5009702],[123.7201437,10.5009243],[123.7201677,10.5008981],[123.7202195,10.500944]]]},"properties":{"id":"ms-1220","kind":"building","storeys":1,"origin":"ai","edited":false,"source":"Microsoft Global ML Building Footprints 2026-02-03 (ODbL)"}},{"type":"Feature","geometry":{"type":"Polygon","coordinates":[[[123.720238,10.5006292],[123.7203138,10.500635],[123.7203094,10.50069],[123.7202337,10.5006843],[123.720238,10.5006292]]]},"properties":{"id":"ms-1221","kind":"building","storeys":1,"origin":"ai","edited":false,"source":"Microsoft Global ML Building Footprints 2026-02-03 (ODbL)"}},{"type":"Feature","geometry":{"type":"Polygon","coordinates":[[[123.7121294,10.5058298],[123.7121492,10.5057761],[123.7122393,10.5058082],[123.7122196,10.5058618],[123.7121294,10.5058298]]]},"properties":{"id":"ms-1222","kind":"building","storeys":1,"origin":"ai","edited":false,"source":"Microsoft Global ML Building Footprints 2026-02-03 (ODbL)"}},{"type":"Feature","geometry":{"type":"Polygon","coordinates":[[[123.7122089,10.5100528],[123.7122593,10.5098641],[123.7123255,10.5098812],[123.7122751,10.5100699],[123.7122089,10.5100528]]]},"properties":{"id":"ms-1223","kind":"building","storeys":1,"origin":"ai","edited":false,"source":"Microsoft Global ML Building Footprints 2026-02-03 (ODbL)"}},{"type":"Feature","geometry":{"type":"Polygon","coordinates":[[[123.7138581,10.5072865],[123.7138828,10.5073543],[123.7138029,10.5073824],[123.7137783,10.5073146],[123.7138581,10.5072865]]]},"properties":{"id":"ms-1224","kind":"building","storeys":1,"origin":"ai","edited":false,"source":"Microsoft Global ML Building Footprints 2026-02-03 (ODbL)"}},{"type":"Feature","geometry":{"type":"Polygon","coordinates":[[[123.7146035,10.5067301],[123.7146593,10.5067547],[123.7146422,10.506792],[123.7145864,10.5067673],[123.7146035,10.5067301]]]},"properties":{"id":"ms-1225","kind":"building","storeys":1,"origin":"ai","edited":false,"source":"Microsoft Global ML Building Footprints 2026-02-03 (ODbL)"}},{"type":"Feature","geometry":{"type":"Polygon","coordinates":[[[123.7149436,10.5033706],[123.7149958,10.5033693],[123.7149945,10.5033192],[123.7150562,10.5033177],[123.71506,10.5034706],[123.7149461,10.5034734],[123.7149436,10.5033706]]]},"properties":{"id":"ms-1226","kind":"building","storeys":1,"origin":"ai","edited":false,"source":"Microsoft Global ML Building Footprints 2026-02-03 (ODbL)"}},{"type":"Feature","geometry":{"type":"Polygon","coordinates":[[[123.7151868,10.5017126],[123.715112,10.501708],[123.7151158,10.5016476],[123.7151907,10.5016522],[123.7151868,10.5017126]]]},"properties":{"id":"ms-1227","kind":"building","storeys":1,"origin":"ai","edited":false,"source":"Microsoft Global ML Building Footprints 2026-02-03 (ODbL)"}},{"type":"Feature","geometry":{"type":"Polygon","coordinates":[[[123.7152179,10.5142767],[123.7151817,10.5142836],[123.7151721,10.5142354],[123.7152083,10.5142284],[123.7152179,10.5142767]]]},"properties":{"id":"ms-1228","kind":"building","storeys":1,"origin":"ai","edited":false,"source":"Microsoft Global ML Building Footprints 2026-02-03 (ODbL)"}},{"type":"Feature","geometry":{"type":"Polygon","coordinates":[[[123.7161089,10.5025073],[123.7160365,10.5025055],[123.7160384,10.5024344],[123.7161108,10.5024362],[123.7161089,10.5025073]]]},"properties":{"id":"ms-1229","kind":"building","storeys":1,"origin":"ai","edited":false,"source":"Microsoft Global ML Building Footprints 2026-02-03 (ODbL)"}},{"type":"Feature","geometry":{"type":"Polygon","coordinates":[[[123.7166504,10.5148035],[123.7167185,10.5148079],[123.7167134,10.5148831],[123.7166453,10.5148787],[123.7166504,10.5148035]]]},"properties":{"id":"ms-1230","kind":"building","storeys":1,"origin":"ai","edited":false,"source":"Microsoft Global ML Building Footprints 2026-02-03 (ODbL)"}},{"type":"Feature","geometry":{"type":"Polygon","coordinates":[[[123.716928,10.500526],[123.716985,10.500472],[123.7170233,10.5005111],[123.7169664,10.5005652],[123.716928,10.500526]]]},"properties":{"id":"ms-1231","kind":"building","storeys":1,"origin":"ai","edited":false,"source":"Microsoft Global ML Building Footprints 2026-02-03 (ODbL)"}},{"type":"Feature","geometry":{"type":"Polygon","coordinates":[[[123.7201443,10.5019834],[123.7200371,10.5019869],[123.7200347,10.5019158],[123.7200776,10.5019144],[123.7200791,10.5019592],[123.7201434,10.5019571],[123.7201443,10.5019834]]]},"properties":{"id":"ms-1232","kind":"building","storeys":1,"origin":"ai","edited":false,"source":"Microsoft Global ML Building Footprints 2026-02-03 (ODbL)"}},{"type":"Feature","geometry":{"type":"Polygon","coordinates":[[[123.7124395,10.507064],[123.7124057,10.507134],[123.7122735,10.5070722],[123.7123073,10.5070023],[123.7124395,10.507064]]]},"properties":{"id":"ms-1233","kind":"building","storeys":1,"origin":"ai","edited":false,"source":"Microsoft Global ML Building Footprints 2026-02-03 (ODbL)"}},{"type":"Feature","geometry":{"type":"Polygon","coordinates":[[[123.7127236,10.5094837],[123.7127054,10.509546],[123.7126633,10.5095341],[123.7126814,10.5094719],[123.7127236,10.5094837]]]},"properties":{"id":"ms-1234","kind":"building","storeys":1,"origin":"ai","edited":false,"source":"Microsoft Global ML Building Footprints 2026-02-03 (ODbL)"}},{"type":"Feature","geometry":{"type":"Polygon","coordinates":[[[123.7140841,10.5093884],[123.7140123,10.5096113],[123.7139367,10.5095878],[123.7140085,10.5093649],[123.7140841,10.5093884]]]},"properties":{"id":"ms-1235","kind":"building","storeys":1,"origin":"ai","edited":false,"source":"Microsoft Global ML Building Footprints 2026-02-03 (ODbL)"}},{"type":"Feature","geometry":{"type":"Polygon","coordinates":[[[123.7142563,10.507899],[123.7143068,10.5079224],[123.7143228,10.5078891],[123.7143987,10.5079243],[123.71433,10.5080676],[123.7142036,10.508009],[123.7142563,10.507899]]]},"properties":{"id":"ms-1236","kind":"building","storeys":1,"origin":"ai","edited":false,"source":"Microsoft Global ML Building Footprints 2026-02-03 (ODbL)"}},{"type":"Feature","geometry":{"type":"Polygon","coordinates":[[[123.7153081,10.5146223],[123.7152412,10.5146246],[123.715238,10.5145351],[123.715305,10.5145328],[123.7153081,10.5146223]]]},"properties":{"id":"ms-1237","kind":"building","storeys":1,"origin":"ai","edited":false,"source":"Microsoft Global ML Building Footprints 2026-02-03 (ODbL)"}},{"type":"Feature","geometry":{"type":"Polygon","coordinates":[[[123.7158199,10.5110528],[123.7157747,10.5110572],[123.715771,10.5110206],[123.7158162,10.5110162],[123.7158199,10.5110528]]]},"properties":{"id":"ms-1238","kind":"building","storeys":1,"origin":"ai","edited":false,"source":"Microsoft Global ML Building Footprints 2026-02-03 (ODbL)"}},{"type":"Feature","geometry":{"type":"Polygon","coordinates":[[[123.7160355,10.5075695],[123.7160445,10.5075348],[123.7161161,10.5075528],[123.7161071,10.5075874],[123.7160355,10.5075695]]]},"properties":{"id":"ms-1239","kind":"building","storeys":1,"origin":"ai","edited":false,"source":"Microsoft Global ML Building Footprints 2026-02-03 (ODbL)"}},{"type":"Feature","geometry":{"type":"Polygon","coordinates":[[[123.7166114,10.5147692],[123.7166184,10.5146997],[123.7167804,10.5147155],[123.7167734,10.514785],[123.7166114,10.5147692]]]},"properties":{"id":"ms-1240","kind":"building","storeys":1,"origin":"ai","edited":false,"source":"Microsoft Global ML Building Footprints 2026-02-03 (ODbL)"}},{"type":"Feature","geometry":{"type":"Polygon","coordinates":[[[123.7173572,10.509158],[123.7173254,10.5092219],[123.717244,10.5091827],[123.7172757,10.5091189],[123.7173572,10.509158]]]},"properties":{"id":"ms-1241","kind":"building","storeys":1,"origin":"ai","edited":false,"source":"Microsoft Global ML Building Footprints 2026-02-03 (ODbL)"}},{"type":"Feature","geometry":{"type":"Polygon","coordinates":[[[123.7118912,10.5071509],[123.7119165,10.507107],[123.7119694,10.5071363],[123.7119441,10.5071803],[123.7118912,10.5071509]]]},"properties":{"id":"ms-1242","kind":"building","storeys":1,"origin":"ai","edited":false,"source":"Microsoft Global ML Building Footprints 2026-02-03 (ODbL)"}},{"type":"Feature","geometry":{"type":"Polygon","coordinates":[[[123.7140435,10.5068321],[123.7141002,10.5068485],[123.7140761,10.5069286],[123.7140194,10.5069121],[123.7140435,10.5068321]]]},"properties":{"id":"ms-1243","kind":"building","storeys":1,"origin":"ai","edited":false,"source":"Microsoft Global ML Building Footprints 2026-02-03 (ODbL)"}},{"type":"Feature","geometry":{"type":"Polygon","coordinates":[[[123.7141583,10.5032941],[123.7141395,10.5034581],[123.7140641,10.5034498],[123.7140681,10.5034145],[123.7139834,10.5034051],[123.7139888,10.5033571],[123.7140657,10.5033656],[123.7140645,10.503376],[123.7141121,10.5033813],[123.7141226,10.5032901],[123.7141583,10.5032941]]]},"properties":{"id":"ms-1244","kind":"building","storeys":1,"origin":"ai","edited":false,"source":"Microsoft Global ML Building Footprints 2026-02-03 (ODbL)"}},{"type":"Feature","geometry":{"type":"Polygon","coordinates":[[[123.7149094,10.5082465],[123.7148693,10.5082484],[123.714867,10.508201],[123.7149072,10.5081992],[123.7149094,10.5082465]]]},"properties":{"id":"ms-1245","kind":"building","storeys":1,"origin":"ai","edited":false,"source":"Microsoft Global ML Building Footprints 2026-02-03 (ODbL)"}},{"type":"Feature","geometry":{"type":"Polygon","coordinates":[[[123.7152935,10.502146],[123.7152277,10.5021482],[123.7152258,10.5020918],[123.7152916,10.5020896],[123.7152935,10.502146]]]},"properties":{"id":"ms-1246","kind":"building","storeys":1,"origin":"ai","edited":false,"source":"Microsoft Global ML Building Footprints 2026-02-03 (ODbL)"}},{"type":"Feature","geometry":{"type":"Polygon","coordinates":[[[123.7154925,10.5010786],[123.7155846,10.5010737],[123.7155881,10.5011378],[123.715496,10.5011427],[123.7154925,10.5010786]]]},"properties":{"id":"ms-1247","kind":"building","storeys":1,"origin":"ai","edited":false,"source":"Microsoft Global ML Building Footprints 2026-02-03 (ODbL)"}},{"type":"Feature","geometry":{"type":"Polygon","coordinates":[[[123.7159643,10.5127903],[123.7160349,10.5127853],[123.7160423,10.5128876],[123.7159717,10.5128926],[123.7159643,10.5127903]]]},"properties":{"id":"ms-1248","kind":"building","storeys":1,"origin":"ai","edited":false,"source":"Microsoft Global ML Building Footprints 2026-02-03 (ODbL)"}},{"type":"Feature","geometry":{"type":"Polygon","coordinates":[[[123.7161639,10.5026738],[123.7161609,10.5027379],[123.716118,10.5027359],[123.7161211,10.5026718],[123.7161639,10.5026738]]]},"properties":{"id":"ms-1249","kind":"building","storeys":1,"origin":"ai","edited":false,"source":"Microsoft Global ML Building Footprints 2026-02-03 (ODbL)"}},{"type":"Feature","geometry":{"type":"Polygon","coordinates":[[[123.7163686,10.515034],[123.7163112,10.5150301],[123.716316,10.5149619],[123.7163734,10.5149658],[123.7163686,10.515034]]]},"properties":{"id":"ms-1250","kind":"building","storeys":1,"origin":"ai","edited":false,"source":"Microsoft Global ML Building Footprints 2026-02-03 (ODbL)"}},{"type":"Feature","geometry":{"type":"Polygon","coordinates":[[[123.7204217,10.5009081],[123.7204189,10.5010399],[123.7202994,10.5010375],[123.7203016,10.5009347],[123.7203713,10.5009361],[123.7203719,10.5009071],[123.7204217,10.5009081]]]},"properties":{"id":"ms-1251","kind":"building","storeys":1,"origin":"ai","edited":false,"source":"Microsoft Global ML Building Footprints 2026-02-03 (ODbL)"}},{"type":"Feature","geometry":{"type":"Polygon","coordinates":[[[123.7160776,10.501119],[123.7159893,10.5011149],[123.7159935,10.5010265],[123.7160818,10.5010306],[123.7160776,10.501119]]]},"properties":{"id":"ms-1252","kind":"building","storeys":1,"origin":"ai","edited":false,"source":"Microsoft Global ML Building Footprints 2026-02-03 (ODbL)"}},{"type":"Feature","geometry":{"type":"Polygon","coordinates":[[[123.7170463,10.5005627],[123.7170842,10.5005491],[123.7171127,10.5006259],[123.7170748,10.5006395],[123.7170463,10.5005627]]]},"properties":{"id":"ms-1253","kind":"building","storeys":1,"origin":"ai","edited":false,"source":"Microsoft Global ML Building Footprints 2026-02-03 (ODbL)"}},{"type":"Feature","geometry":{"type":"Polygon","coordinates":[[[123.7175345,10.510312],[123.7176872,10.510384],[123.7176471,10.5104663],[123.7176231,10.510455],[123.7175964,10.5105099],[123.7175222,10.510475],[123.7175302,10.5104586],[123.7174756,10.510433],[123.7175345,10.510312]]]},"properties":{"id":"ms-1254","kind":"building","storeys":1,"origin":"ai","edited":false,"source":"Microsoft Global ML Building Footprints 2026-02-03 (ODbL)"}},{"type":"Feature","geometry":{"type":"Polygon","coordinates":[[[123.7182761,10.5051356],[123.7182985,10.5050048],[123.7183924,10.5050204],[123.71837,10.5051512],[123.7182761,10.5051356]]]},"properties":{"id":"ms-1255","kind":"building","storeys":1,"origin":"ai","edited":false,"source":"Microsoft Global ML Building Footprints 2026-02-03 (ODbL)"}},{"type":"Feature","geometry":{"type":"Polygon","coordinates":[[[123.7205661,10.5010624],[123.7205046,10.5010592],[123.7205083,10.5009908],[123.7205698,10.500994],[123.7205661,10.5010624]]]},"properties":{"id":"ms-1256","kind":"building","storeys":1,"origin":"ai","edited":false,"source":"Microsoft Global ML Building Footprints 2026-02-03 (ODbL)"}},{"type":"Feature","geometry":{"type":"Polygon","coordinates":[[[123.7114787,10.5094327],[123.7113818,10.5094015],[123.7113536,10.509486],[123.7112292,10.5094459],[123.7112197,10.5094745],[123.7111503,10.5094522],[123.7111935,10.5093224],[123.7111951,10.5093229],[123.7112125,10.5092705],[123.711274,10.5092903],[123.7112779,10.5092784],[123.7113288,10.5092947],[123.7113411,10.5092578],[123.7114259,10.5092851],[123.711456,10.5091946],[123.7115157,10.5092138],[123.7114987,10.509265],[123.711531,10.5092755],[123.7114787,10.5094327]]]},"properties":{"id":"ms-1257","kind":"building","storeys":1,"origin":"ai","edited":false,"source":"Microsoft Global ML Building Footprints 2026-02-03 (ODbL)"}},{"type":"Feature","geometry":{"type":"Polygon","coordinates":[[[123.71196,10.5091397],[123.7119956,10.5090634],[123.712113,10.5091164],[123.7120775,10.5091926],[123.71196,10.5091397]]]},"properties":{"id":"ms-1258","kind":"building","storeys":1,"origin":"ai","edited":false,"source":"Microsoft Global ML Building Footprints 2026-02-03 (ODbL)"}},{"type":"Feature","geometry":{"type":"Polygon","coordinates":[[[123.7135515,10.508778],[123.7135487,10.5086356],[123.7136381,10.5086339],[123.713641,10.5087763],[123.7135515,10.508778]]]},"properties":{"id":"ms-1259","kind":"building","storeys":1,"origin":"ai","edited":false,"source":"Microsoft Global ML Building Footprints 2026-02-03 (ODbL)"}},{"type":"Feature","geometry":{"type":"Polygon","coordinates":[[[123.7160108,10.5038083],[123.7160059,10.5038595],[123.715958,10.5038551],[123.715963,10.5038038],[123.7160108,10.5038083]]]},"properties":{"id":"ms-1260","kind":"building","storeys":1,"origin":"ai","edited":false,"source":"Microsoft Global ML Building Footprints 2026-02-03 (ODbL)"}},{"type":"Feature","geometry":{"type":"Polygon","coordinates":[[[123.7160432,10.5055394],[123.7161583,10.5055518],[123.7161447,10.5056733],[123.7160296,10.5056609],[123.7160432,10.5055394]]]},"properties":{"id":"ms-1261","kind":"building","storeys":1,"origin":"ai","edited":false,"source":"Microsoft Global ML Building Footprints 2026-02-03 (ODbL)"}},{"type":"Feature","geometry":{"type":"Polygon","coordinates":[[[123.7165708,10.5023371],[123.7165226,10.5023363],[123.7165235,10.5022757],[123.7165718,10.5022764],[123.7165708,10.5023371]]]},"properties":{"id":"ms-1262","kind":"building","storeys":1,"origin":"ai","edited":false,"source":"Microsoft Global ML Building Footprints 2026-02-03 (ODbL)"}},{"type":"Feature","geometry":{"type":"Polygon","coordinates":[[[123.7168005,10.5027371],[123.716811,10.502637],[123.7168721,10.5026432],[123.7168616,10.5027433],[123.7168005,10.5027371]]]},"properties":{"id":"ms-1263","kind":"building","storeys":1,"origin":"ai","edited":false,"source":"Microsoft Global ML Building Footprints 2026-02-03 (ODbL)"}},{"type":"Feature","geometry":{"type":"Polygon","coordinates":[[[123.7170649,10.5104922],[123.7171386,10.5102946],[123.7172757,10.5103441],[123.7172488,10.5104161],[123.7171921,10.5103957],[123.7171733,10.510446],[123.7172003,10.5104557],[123.7171722,10.5105309],[123.7170649,10.5104922]]]},"properties":{"id":"ms-1264","kind":"building","storeys":1,"origin":"ai","edited":false,"source":"Microsoft Global ML Building Footprints 2026-02-03 (ODbL)"}},{"type":"Feature","geometry":{"type":"Polygon","coordinates":[[[123.7200309,10.5077698],[123.7201281,10.5078079],[123.7200931,10.5078943],[123.7199959,10.5078562],[123.7200309,10.5077698]]]},"properties":{"id":"ms-1265","kind":"building","storeys":1,"origin":"ai","edited":false,"source":"Microsoft Global ML Building Footprints 2026-02-03 (ODbL)"}},{"type":"Feature","geometry":{"type":"Polygon","coordinates":[[[123.7099315,10.51034],[123.709917,10.5103627],[123.7098111,10.5102974],[123.7098449,10.5102444],[123.7099219,10.5102919],[123.7099473,10.5102521],[123.7100577,10.5103202],[123.7100131,10.5103903],[123.7099315,10.51034]]]},"properties":{"id":"ms-1266","kind":"building","storeys":1,"origin":"ai","edited":false,"source":"Microsoft Global ML Building Footprints 2026-02-03 (ODbL)"}},{"type":"Feature","geometry":{"type":"Polygon","coordinates":[[[123.711699,10.5101013],[123.7116717,10.5101389],[123.7116165,10.5101003],[123.7116438,10.5100627],[123.711699,10.5101013]]]},"properties":{"id":"ms-1267","kind":"building","storeys":1,"origin":"ai","edited":false,"source":"Microsoft Global ML Building Footprints 2026-02-03 (ODbL)"}},{"type":"Feature","geometry":{"type":"Polygon","coordinates":[[[123.7129934,10.5066964],[123.7130496,10.5066021],[123.7131574,10.5066642],[123.7131013,10.5067585],[123.7129934,10.5066964]]]},"properties":{"id":"ms-1268","kind":"building","storeys":1,"origin":"ai","edited":false,"source":"Microsoft Global ML Building Footprints 2026-02-03 (ODbL)"}},{"type":"Feature","geometry":{"type":"Polygon","coordinates":[[[123.7135582,10.5063684],[123.7134594,10.5063116],[123.7135161,10.5062162],[123.7136149,10.506273],[123.7135582,10.5063684]]]},"properties":{"id":"ms-1269","kind":"building","storeys":1,"origin":"ai","edited":false,"source":"Microsoft Global ML Building Footprints 2026-02-03 (ODbL)"}},{"type":"Feature","geometry":{"type":"Polygon","coordinates":[[[123.7162782,10.513509],[123.7163078,10.5135227],[123.7162852,10.5135703],[123.7162556,10.5135566],[123.7162782,10.513509]]]},"properties":{"id":"ms-1270","kind":"building","storeys":1,"origin":"ai","edited":false,"source":"Microsoft Global ML Building Footprints 2026-02-03 (ODbL)"}},{"type":"Feature","geometry":{"type":"Polygon","coordinates":[[[123.7166457,10.5026511],[123.7166886,10.5026506],[123.7166904,10.5027946],[123.7166475,10.5027951],[123.7166457,10.5026511]]]},"properties":{"id":"ms-1271","kind":"building","storeys":1,"origin":"ai","edited":false,"source":"Microsoft Global ML Building Footprints 2026-02-03 (ODbL)"}},{"type":"Feature","geometry":{"type":"Polygon","coordinates":[[[123.7170868,10.5027217],[123.7171522,10.5027253],[123.7171468,10.5028199],[123.7170814,10.5028163],[123.7170868,10.5027217]]]},"properties":{"id":"ms-1272","kind":"building","storeys":1,"origin":"ai","edited":false,"source":"Microsoft Global ML Building Footprints 2026-02-03 (ODbL)"}},{"type":"Feature","geometry":{"type":"Polygon","coordinates":[[[123.7196598,10.5065015],[123.7196779,10.5064556],[123.7197282,10.5064747],[123.7197102,10.5065206],[123.7196598,10.5065015]]]},"properties":{"id":"ms-1273","kind":"building","storeys":1,"origin":"ai","edited":false,"source":"Microsoft Global ML Building Footprints 2026-02-03 (ODbL)"}},{"type":"Feature","geometry":{"type":"Polygon","coordinates":[[[123.7144879,10.5028647],[123.7144916,10.5027778],[123.714762,10.5027888],[123.7147584,10.5028757],[123.7144879,10.5028647]]]},"properties":{"id":"ms-1274","kind":"building","storeys":1,"origin":"ai","edited":false,"source":"Microsoft Global ML Building Footprints 2026-02-03 (ODbL)"}},{"type":"Feature","geometry":{"type":"Polygon","coordinates":[[[123.7171056,10.509877],[123.71728,10.5099428],[123.7172513,10.5100164],[123.7170769,10.5099505],[123.7171056,10.509877]]]},"properties":{"id":"ms-1275","kind":"building","storeys":1,"origin":"ai","edited":false,"source":"Microsoft Global ML Building Footprints 2026-02-03 (ODbL)"}},{"type":"Feature","geometry":{"type":"Polygon","coordinates":[[[123.7188831,10.5013406],[123.7189533,10.5013731],[123.7188819,10.501522],[123.7188117,10.5014894],[123.7188831,10.5013406]]]},"properties":{"id":"ms-1276","kind":"building","storeys":1,"origin":"ai","edited":false,"source":"Microsoft Global ML Building Footprints 2026-02-03 (ODbL)"}},{"type":"Feature","geometry":{"type":"Polygon","coordinates":[[[123.7195696,10.5117866],[123.7195093,10.5118857],[123.7194687,10.5118618],[123.7195289,10.5117627],[123.7195696,10.5117866]]]},"properties":{"id":"ms-1277","kind":"building","storeys":1,"origin":"ai","edited":false,"source":"Microsoft Global ML Building Footprints 2026-02-03 (ODbL)"}},{"type":"Feature","geometry":{"type":"Polygon","coordinates":[[[123.7201469,10.5032813],[123.7201451,10.5032128],[123.7202416,10.5032104],[123.7202434,10.5032789],[123.7201469,10.5032813]]]},"properties":{"id":"ms-1278","kind":"building","storeys":1,"origin":"ai","edited":false,"source":"Microsoft Global ML Building Footprints 2026-02-03 (ODbL)"}},{"type":"Feature","geometry":{"type":"Polygon","coordinates":[[[123.7153435,10.5037703],[123.7153993,10.5037648],[123.7154022,10.5037935],[123.7153465,10.503799],[123.7153435,10.5037703]]]},"properties":{"id":"ms-1279","kind":"building","storeys":1,"origin":"ai","edited":false,"source":"Microsoft Global ML Building Footprints 2026-02-03 (ODbL)"}},{"type":"Feature","geometry":{"type":"Polygon","coordinates":[[[123.7161338,10.5091217],[123.7161564,10.5090676],[123.7162092,10.5090889],[123.7161865,10.509143],[123.7161338,10.5091217]]]},"properties":{"id":"ms-1280","kind":"building","storeys":1,"origin":"ai","edited":false,"source":"Microsoft Global ML Building Footprints 2026-02-03 (ODbL)"}},{"type":"Feature","geometry":{"type":"Polygon","coordinates":[[[123.7203249,10.5033937],[123.7202726,10.5033926],[123.7202735,10.5033478],[123.7203259,10.5033489],[123.7203249,10.5033937]]]},"properties":{"id":"ms-1281","kind":"building","storeys":1,"origin":"ai","edited":false,"source":"Microsoft Global ML Building Footprints 2026-02-03 (ODbL)"}},{"type":"Feature","geometry":{"type":"Polygon","coordinates":[[[123.7111041,10.5095956],[123.7111123,10.5095415],[123.7111455,10.5095463],[123.7111373,10.5096005],[123.7111041,10.5095956]]]},"properties":{"id":"ms-1282","kind":"building","storeys":1,"origin":"ai","edited":false,"source":"Microsoft Global ML Building Footprints 2026-02-03 (ODbL)"}},{"type":"Feature","geometry":{"type":"Polygon","coordinates":[[[123.7146096,10.5082872],[123.7146144,10.508174],[123.7147017,10.5081776],[123.7146969,10.5082908],[123.7146096,10.5082872]]]},"properties":{"id":"ms-1283","kind":"building","storeys":1,"origin":"ai","edited":false,"source":"Microsoft Global ML Building Footprints 2026-02-03 (ODbL)"}},{"type":"Feature","geometry":{"type":"Polygon","coordinates":[[[123.7147514,10.5097651],[123.7146532,10.5097684],[123.7146481,10.5096183],[123.7145999,10.5096199],[123.7145961,10.5095092],[123.7146845,10.5095063],[123.7146876,10.5095985],[123.7147278,10.5095971],[123.7147307,10.5096814],[123.7147485,10.5096808],[123.7147514,10.5097651]]]},"properties":{"id":"ms-1284","kind":"building","storeys":1,"origin":"ai","edited":false,"source":"Microsoft Global ML Building Footprints 2026-02-03 (ODbL)"}},{"type":"Feature","geometry":{"type":"Polygon","coordinates":[[[123.7151556,10.5047792],[123.7153668,10.5048483],[123.7153556,10.5048816],[123.7154486,10.504912],[123.7154285,10.5049714],[123.7151242,10.5048717],[123.7151556,10.5047792]]]},"properties":{"id":"ms-1285","kind":"building","storeys":1,"origin":"ai","edited":false,"source":"Microsoft Global ML Building Footprints 2026-02-03 (ODbL)"}},{"type":"Feature","geometry":{"type":"Polygon","coordinates":[[[123.7155347,10.5138865],[123.7154598,10.5138833],[123.7154628,10.5138149],[123.7155378,10.5138181],[123.7155347,10.5138865]]]},"properties":{"id":"ms-1286","kind":"building","storeys":1,"origin":"ai","edited":false,"source":"Microsoft Global ML Building Footprints 2026-02-03 (ODbL)"}},{"type":"Feature","geometry":{"type":"Polygon","coordinates":[[[123.7156465,10.5019403],[123.715643,10.5020335],[123.7155534,10.5020303],[123.7155569,10.501937],[123.7156465,10.5019403]]]},"properties":{"id":"ms-1287","kind":"building","storeys":1,"origin":"ai","edited":false,"source":"Microsoft Global ML Building Footprints 2026-02-03 (ODbL)"}},{"type":"Feature","geometry":{"type":"Polygon","coordinates":[[[123.7157724,10.5059307],[123.7158763,10.5059779],[123.7158528,10.5060279],[123.7157489,10.5059807],[123.7157724,10.5059307]]]},"properties":{"id":"ms-1288","kind":"building","storeys":1,"origin":"ai","edited":false,"source":"Microsoft Global ML Building Footprints 2026-02-03 (ODbL)"}},{"type":"Feature","geometry":{"type":"Polygon","coordinates":[[[123.7158741,10.5031011],[123.7158543,10.5031808],[123.7157531,10.5031565],[123.7157728,10.5030769],[123.7158741,10.5031011]]]},"properties":{"id":"ms-1289","kind":"building","storeys":1,"origin":"ai","edited":false,"source":"Microsoft Global ML Building Footprints 2026-02-03 (ODbL)"}},{"type":"Feature","geometry":{"type":"Polygon","coordinates":[[[123.7160161,10.5058742],[123.7159782,10.5059876],[123.7158814,10.5059563],[123.7159192,10.505843],[123.7160161,10.5058742]]]},"properties":{"id":"ms-1290","kind":"building","storeys":1,"origin":"ai","edited":false,"source":"Microsoft Global ML Building Footprints 2026-02-03 (ODbL)"}},{"type":"Feature","geometry":{"type":"Polygon","coordinates":[[[123.7160558,10.5015298],[123.7160604,10.5016219],[123.7160256,10.5016236],[123.716028,10.5016709],[123.7159665,10.5016739],[123.7159595,10.5015345],[123.7160558,10.5015298]]]},"properties":{"id":"ms-1291","kind":"building","storeys":1,"origin":"ai","edited":false,"source":"Microsoft Global ML Building Footprints 2026-02-03 (ODbL)"}},{"type":"Feature","geometry":{"type":"Polygon","coordinates":[[[123.7189934,10.505189],[123.7189562,10.5052633],[123.7188924,10.5052324],[123.7189296,10.5051582],[123.7189934,10.505189]]]},"properties":{"id":"ms-1292","kind":"building","storeys":1,"origin":"ai","edited":false,"source":"Microsoft Global ML Building Footprints 2026-02-03 (ODbL)"}},{"type":"Feature","geometry":{"type":"Polygon","coordinates":[[[123.7194386,10.5055572],[123.7194706,10.5055788],[123.7194468,10.5056128],[123.7194148,10.5055912],[123.7194386,10.5055572]]]},"properties":{"id":"ms-1293","kind":"building","storeys":1,"origin":"ai","edited":false,"source":"Microsoft Global ML Building Footprints 2026-02-03 (ODbL)"}},{"type":"Feature","geometry":{"type":"Polygon","coordinates":[[[123.7203248,10.5032609],[123.7203499,10.5032581],[123.7203564,10.5033154],[123.7203313,10.5033182],[123.7203248,10.5032609]]]},"properties":{"id":"ms-1294","kind":"building","storeys":1,"origin":"ai","edited":false,"source":"Microsoft Global ML Building Footprints 2026-02-03 (ODbL)"}},{"type":"Feature","geometry":{"type":"Polygon","coordinates":[[[123.7119171,10.5068669],[123.7118678,10.506953],[123.7117937,10.5069119],[123.711843,10.5068258],[123.7119171,10.5068669]]]},"properties":{"id":"ms-1295","kind":"building","storeys":1,"origin":"ai","edited":false,"source":"Microsoft Global ML Building Footprints 2026-02-03 (ODbL)"}},{"type":"Feature","geometry":{"type":"Polygon","coordinates":[[[123.7127254,10.5087021],[123.7126461,10.5088456],[123.712528,10.5087825],[123.7126073,10.508639],[123.7127254,10.5087021]]]},"properties":{"id":"ms-1296","kind":"building","storeys":1,"origin":"ai","edited":false,"source":"Microsoft Global ML Building Footprints 2026-02-03 (ODbL)"}},{"type":"Feature","geometry":{"type":"Polygon","coordinates":[[[123.7131515,10.5076127],[123.7132196,10.5076508],[123.7131867,10.5077077],[123.7131186,10.5076696],[123.7131515,10.5076127]]]},"properties":{"id":"ms-1297","kind":"building","storeys":1,"origin":"ai","edited":false,"source":"Microsoft Global ML Building Footprints 2026-02-03 (ODbL)"}},{"type":"Feature","geometry":{"type":"Polygon","coordinates":[[[123.7138619,10.5076514],[123.7139192,10.5076609],[123.7139077,10.5077276],[123.7138504,10.507718],[123.7138619,10.5076514]]]},"properties":{"id":"ms-1298","kind":"building","storeys":1,"origin":"ai","edited":false,"source":"Microsoft Global ML Building Footprints 2026-02-03 (ODbL)"}},{"type":"Feature","geometry":{"type":"Polygon","coordinates":[[[123.7166111,10.5015057],[123.7166133,10.5015997],[123.7165168,10.5016018],[123.7165146,10.5015079],[123.7166111,10.5015057]]]},"properties":{"id":"ms-1299","kind":"building","storeys":1,"origin":"ai","edited":false,"source":"Microsoft Global ML Building Footprints 2026-02-03 (ODbL)"}},{"type":"Feature","geometry":{"type":"Polygon","coordinates":[[[123.7178927,10.5044768],[123.7179163,10.5044479],[123.717975,10.5044943],[123.7179514,10.5045231],[123.7178927,10.5044768]]]},"properties":{"id":"ms-1300","kind":"building","storeys":1,"origin":"ai","edited":false,"source":"Microsoft Global ML Building Footprints 2026-02-03 (ODbL)"}},{"type":"Feature","geometry":{"type":"Polygon","coordinates":[[[123.7187586,10.5119072],[123.718801,10.5119119],[123.7187915,10.5119942],[123.7188233,10.5119977],[123.7188181,10.5120431],[123.7187731,10.5120381],[123.7187809,10.5119704],[123.7187517,10.5119671],[123.7187586,10.5119072]]]},"properties":{"id":"ms-1301","kind":"building","storeys":1,"origin":"ai","edited":false,"source":"Microsoft Global ML Building Footprints 2026-02-03 (ODbL)"}},{"type":"Feature","geometry":{"type":"Polygon","coordinates":[[[123.7195612,10.5121184],[123.7195642,10.5120685],[123.7195989,10.5120705],[123.719596,10.5121204],[123.7195612,10.5121184]]]},"properties":{"id":"ms-1302","kind":"building","storeys":1,"origin":"ai","edited":false,"source":"Microsoft Global ML Building Footprints 2026-02-03 (ODbL)"}},{"type":"Feature","geometry":{"type":"Polygon","coordinates":[[[123.7207819,10.5026216],[123.7207802,10.5025757],[123.7208712,10.5025723],[123.720873,10.5026183],[123.7207819,10.5026216]]]},"properties":{"id":"ms-1303","kind":"building","storeys":1,"origin":"ai","edited":false,"source":"Microsoft Global ML Building Footprints 2026-02-03 (ODbL)"}},{"type":"Feature","geometry":{"type":"Polygon","coordinates":[[[123.7116432,10.5085305],[123.7116323,10.5085513],[123.7115013,10.5084844],[123.7115364,10.5084179],[123.7116103,10.5084557],[123.7115862,10.5085014],[123.7116432,10.5085305]]]},"properties":{"id":"ms-1304","kind":"building","storeys":1,"origin":"ai","edited":false,"source":"Microsoft Global ML Building Footprints 2026-02-03 (ODbL)"}},{"type":"Feature","geometry":{"type":"Polygon","coordinates":[[[123.712829,10.5074001],[123.712884,10.5072894],[123.7130343,10.5073616],[123.7129751,10.5074808],[123.7128755,10.507433],[123.7128131,10.5075586],[123.7127503,10.5075284],[123.7128169,10.5073943],[123.712829,10.5074001]]]},"properties":{"id":"ms-1305","kind":"building","storeys":1,"origin":"ai","edited":false,"source":"Microsoft Global ML Building Footprints 2026-02-03 (ODbL)"}},{"type":"Feature","geometry":{"type":"Polygon","coordinates":[[[123.7128926,10.5060401],[123.7129747,10.5060707],[123.7129773,10.5060638],[123.7130875,10.5061049],[123.7130698,10.506151],[123.7130205,10.5061327],[123.7129921,10.5062064],[123.7128701,10.506161],[123.7128683,10.5061656],[123.7127769,10.5061315],[123.7127978,10.5060772],[123.7128296,10.5060891],[123.7128442,10.5060511],[123.7128828,10.5060655],[123.7128926,10.5060401]]]},"properties":{"id":"ms-1306","kind":"building","storeys":1,"origin":"ai","edited":false,"source":"Microsoft Global ML Building Footprints 2026-02-03 (ODbL)"}},{"type":"Feature","geometry":{"type":"Polygon","coordinates":[[[123.7133946,10.5059592],[123.7134253,10.505878],[123.7135054,10.5059073],[123.7134748,10.5059884],[123.7133946,10.5059592]]]},"properties":{"id":"ms-1307","kind":"building","storeys":1,"origin":"ai","edited":false,"source":"Microsoft Global ML Building Footprints 2026-02-03 (ODbL)"}},{"type":"Feature","geometry":{"type":"Polygon","coordinates":[[[123.7142861,10.5022528],[123.7142406,10.502251],[123.7142476,10.5020851],[123.7143547,10.5020895],[123.7143499,10.5022027],[123.7142883,10.5022002],[123.7142861,10.5022528]]]},"properties":{"id":"ms-1308","kind":"building","storeys":1,"origin":"ai","edited":false,"source":"Microsoft Global ML Building Footprints 2026-02-03 (ODbL)"}},{"type":"Feature","geometry":{"type":"Polygon","coordinates":[[[123.7149363,10.501028],[123.7147862,10.5010236],[123.7147883,10.5009551],[123.7149544,10.5009599],[123.714952,10.5010401],[123.7149949,10.5010413],[123.7149936,10.5010834],[123.7149347,10.5010817],[123.7149363,10.501028]]]},"properties":{"id":"ms-1309","kind":"building","storeys":1,"origin":"ai","edited":false,"source":"Microsoft Global ML Building Footprints 2026-02-03 (ODbL)"}},{"type":"Feature","geometry":{"type":"Polygon","coordinates":[[[123.7150894,10.5037399],[123.7151655,10.5037449],[123.7151616,10.5038037],[123.7150855,10.5037988],[123.7150894,10.5037399]]]},"properties":{"id":"ms-1310","kind":"building","storeys":1,"origin":"ai","edited":false,"source":"Microsoft Global ML Building Footprints 2026-02-03 (ODbL)"}},{"type":"Feature","geometry":{"type":"Polygon","coordinates":[[[123.715484,10.5064325],[123.7154556,10.5064223],[123.7154796,10.5063582],[123.715508,10.5063684],[123.715484,10.5064325]]]},"properties":{"id":"ms-1311","kind":"building","storeys":1,"origin":"ai","edited":false,"source":"Microsoft Global ML Building Footprints 2026-02-03 (ODbL)"}},{"type":"Feature","geometry":{"type":"Polygon","coordinates":[[[123.7157152,10.5019145],[123.7154715,10.501947],[123.7154387,10.5017087],[123.7154981,10.5017008],[123.7155109,10.501794],[123.715582,10.5017846],[123.7155899,10.5018415],[123.7158691,10.5018044],[123.7158823,10.5019002],[123.7158059,10.5019104],[123.7158009,10.5018741],[123.7157113,10.501886],[123.7157152,10.5019145]]]},"properties":{"id":"ms-1312","kind":"building","storeys":1,"origin":"ai","edited":false,"source":"Microsoft Global ML Building Footprints 2026-02-03 (ODbL)"}},{"type":"Feature","geometry":{"type":"Polygon","coordinates":[[[123.715959,10.5067956],[123.7159308,10.5068463],[123.7158553,10.5068056],[123.7159266,10.5066779],[123.7160701,10.5067552],[123.7160271,10.5068323],[123.715959,10.5067956]]]},"properties":{"id":"ms-1313","kind":"building","storeys":1,"origin":"ai","edited":false,"source":"Microsoft Global ML Building Footprints 2026-02-03 (ODbL)"}},{"type":"Feature","geometry":{"type":"Polygon","coordinates":[[[123.7168176,10.5102253],[123.71688,10.5102584],[123.7168191,10.5103695],[123.7167568,10.5103365],[123.7168176,10.5102253]]]},"properties":{"id":"ms-1314","kind":"building","storeys":1,"origin":"ai","edited":false,"source":"Microsoft Global ML Building Footprints 2026-02-03 (ODbL)"}},{"type":"Feature","geometry":{"type":"Polygon","coordinates":[[[123.7172366,10.5037799],[123.7172256,10.5038248],[123.7171876,10.5038158],[123.7171985,10.5037709],[123.7172366,10.5037799]]]},"properties":{"id":"ms-1315","kind":"building","storeys":1,"origin":"ai","edited":false,"source":"Microsoft Global ML Building Footprints 2026-02-03 (ODbL)"}},{"type":"Feature","geometry":{"type":"Polygon","coordinates":[[[123.7108664,10.5095311],[123.7109156,10.5094285],[123.7110048,10.5094698],[123.7109686,10.5095454],[123.7109233,10.5095244],[123.7109103,10.5095514],[123.7108664,10.5095311]]]},"properties":{"id":"ms-1316","kind":"building","storeys":1,"origin":"ai","edited":false,"source":"Microsoft Global ML Building Footprints 2026-02-03 (ODbL)"}},{"type":"Feature","geometry":{"type":"Polygon","coordinates":[[[123.7137965,10.5072765],[123.7137375,10.5072591],[123.7137574,10.5071938],[123.7138164,10.5072111],[123.7137965,10.5072765]]]},"properties":{"id":"ms-1317","kind":"building","storeys":1,"origin":"ai","edited":false,"source":"Microsoft Global ML Building Footprints 2026-02-03 (ODbL)"}},{"type":"Feature","geometry":{"type":"Polygon","coordinates":[[[123.7153335,10.5144354],[123.7153415,10.514487],[123.7152497,10.5145007],[123.7152417,10.5144492],[123.7153335,10.5144354]]]},"properties":{"id":"ms-1318","kind":"building","storeys":1,"origin":"ai","edited":false,"source":"Microsoft Global ML Building Footprints 2026-02-03 (ODbL)"}},{"type":"Feature","geometry":{"type":"Polygon","coordinates":[[[123.7154618,10.5006062],[123.7155002,10.5006009],[123.7155067,10.5006475],[123.7154683,10.5006527],[123.7154618,10.5006062]]]},"properties":{"id":"ms-1319","kind":"building","storeys":1,"origin":"ai","edited":false,"source":"Microsoft Global ML Building Footprints 2026-02-03 (ODbL)"}},{"type":"Feature","geometry":{"type":"Polygon","coordinates":[[[123.7158285,10.5028999],[123.7157129,10.5028886],[123.7157226,10.5027935],[123.7158382,10.5028049],[123.7158285,10.5028999]]]},"properties":{"id":"ms-1320","kind":"building","storeys":1,"origin":"ai","edited":false,"source":"Microsoft Global ML Building Footprints 2026-02-03 (ODbL)"}},{"type":"Feature","geometry":{"type":"Polygon","coordinates":[[[123.7159087,10.5041311],[123.715914,10.5040259],[123.7160571,10.5040329],[123.7160518,10.5041381],[123.7159087,10.5041311]]]},"properties":{"id":"ms-1321","kind":"building","storeys":1,"origin":"ai","edited":false,"source":"Microsoft Global ML Building Footprints 2026-02-03 (ODbL)"}},{"type":"Feature","geometry":{"type":"Polygon","coordinates":[[[123.7166507,10.5014499],[123.7166817,10.5014485],[123.7166837,10.5014915],[123.7166528,10.501493],[123.7166507,10.5014499]]]},"properties":{"id":"ms-1322","kind":"building","storeys":1,"origin":"ai","edited":false,"source":"Microsoft Global ML Building Footprints 2026-02-03 (ODbL)"}},{"type":"Feature","geometry":{"type":"Polygon","coordinates":[[[123.7167392,10.5018507],[123.7168141,10.5018543],[123.7168116,10.5019043],[123.7167366,10.5019006],[123.7167392,10.5018507]]]},"properties":{"id":"ms-1323","kind":"building","storeys":1,"origin":"ai","edited":false,"source":"Microsoft Global ML Building Footprints 2026-02-03 (ODbL)"}},{"type":"Feature","geometry":{"type":"Polygon","coordinates":[[[123.7189961,10.5121994],[123.7189237,10.5121974],[123.718926,10.512122],[123.7189983,10.5121241],[123.7189961,10.5121994]]]},"properties":{"id":"ms-1324","kind":"building","storeys":1,"origin":"ai","edited":false,"source":"Microsoft Global ML Building Footprints 2026-02-03 (ODbL)"}},{"type":"Feature","geometry":{"type":"Polygon","coordinates":[[[123.7195474,10.5056233],[123.7195892,10.5055562],[123.7196555,10.5055961],[123.7196137,10.5056632],[123.7195474,10.5056233]]]},"properties":{"id":"ms-1325","kind":"building","storeys":1,"origin":"ai","edited":false,"source":"Microsoft Global ML Building Footprints 2026-02-03 (ODbL)"}},{"type":"Feature","geometry":{"type":"Polygon","coordinates":[[[123.7199633,10.5123475],[123.7199664,10.5123842],[123.7198732,10.5123919],[123.7198701,10.5123552],[123.7199633,10.5123475]]]},"properties":{"id":"ms-1326","kind":"building","storeys":1,"origin":"ai","edited":false,"source":"Microsoft Global ML Building Footprints 2026-02-03 (ODbL)"}},{"type":"Feature","geometry":{"type":"Polygon","coordinates":[[[123.7143983,10.5042133],[123.7143271,10.504192],[123.7143475,10.5041258],[123.7145305,10.5041805],[123.7144902,10.5043109],[123.7143784,10.5042775],[123.7143983,10.5042133]]]},"properties":{"id":"ms-1327","kind":"building","storeys":1,"origin":"ai","edited":false,"source":"Microsoft Global ML Building Footprints 2026-02-03 (ODbL)"}},{"type":"Feature","geometry":{"type":"Polygon","coordinates":[[[123.7154373,10.5011368],[123.7154802,10.5011372],[123.7154793,10.5012347],[123.7153103,10.5012332],[123.7153106,10.5012016],[123.7154367,10.5012027],[123.7154373,10.5011368]]]},"properties":{"id":"ms-1328","kind":"building","storeys":1,"origin":"ai","edited":false,"source":"Microsoft Global ML Building Footprints 2026-02-03 (ODbL)"}},{"type":"Feature","geometry":{"type":"Polygon","coordinates":[[[123.7160624,10.5054364],[123.7161663,10.5054611],[123.7161528,10.505516],[123.7160489,10.5054912],[123.7160624,10.5054364]]]},"properties":{"id":"ms-1329","kind":"building","storeys":1,"origin":"ai","edited":false,"source":"Microsoft Global ML Building Footprints 2026-02-03 (ODbL)"}},{"type":"Feature","geometry":{"type":"Polygon","coordinates":[[[123.7163024,10.5143815],[123.7163698,10.5143896],[123.7163553,10.5145065],[123.7162879,10.5144985],[123.7163024,10.5143815]]]},"properties":{"id":"ms-1330","kind":"building","storeys":1,"origin":"ai","edited":false,"source":"Microsoft Global ML Building Footprints 2026-02-03 (ODbL)"}},{"type":"Feature","geometry":{"type":"Polygon","coordinates":[[[123.7167809,10.5053326],[123.716826,10.5052393],[123.7169879,10.505315],[123.7169428,10.5054083],[123.7167809,10.5053326]]]},"properties":{"id":"ms-1331","kind":"building","storeys":1,"origin":"ai","edited":false,"source":"Microsoft Global ML Building Footprints 2026-02-03 (ODbL)"}},{"type":"Feature","geometry":{"type":"Polygon","coordinates":[[[123.7128143,10.5046481],[123.7128052,10.504698],[123.7126883,10.5046774],[123.7126973,10.5046275],[123.7128143,10.5046481]]]},"properties":{"id":"ms-1332","kind":"building","storeys":1,"origin":"ai","edited":false,"source":"Microsoft Global ML Building Footprints 2026-02-03 (ODbL)"}},{"type":"Feature","geometry":{"type":"Polygon","coordinates":[[[123.7134271,10.5058739],[123.7133822,10.5059517],[123.7133477,10.5059324],[123.7133927,10.5058547],[123.7134271,10.5058739]]]},"properties":{"id":"ms-1333","kind":"building","storeys":1,"origin":"ai","edited":false,"source":"Microsoft Global ML Building Footprints 2026-02-03 (ODbL)"}},{"type":"Feature","geometry":{"type":"Polygon","coordinates":[[[123.7143321,10.5010266],[123.7143343,10.5009185],[123.7143944,10.5009197],[123.7143922,10.5010278],[123.7143321,10.5010266]]]},"properties":{"id":"ms-1334","kind":"building","storeys":1,"origin":"ai","edited":false,"source":"Microsoft Global ML Building Footprints 2026-02-03 (ODbL)"}},{"type":"Feature","geometry":{"type":"Polygon","coordinates":[[[123.7144615,10.5074488],[123.7143998,10.5074638],[123.7143923,10.5074339],[123.7144541,10.507419],[123.7144615,10.5074488]]]},"properties":{"id":"ms-1335","kind":"building","storeys":1,"origin":"ai","edited":false,"source":"Microsoft Global ML Building Footprints 2026-02-03 (ODbL)"}},{"type":"Feature","geometry":{"type":"Polygon","coordinates":[[[123.7151796,10.5039694],[123.7151484,10.5040881],[123.7151007,10.5040759],[123.7151221,10.5039944],[123.715102,10.5039892],[123.7151118,10.5039522],[123.7151796,10.5039694]]]},"properties":{"id":"ms-1336","kind":"building","storeys":1,"origin":"ai","edited":false,"source":"Microsoft Global ML Building Footprints 2026-02-03 (ODbL)"}},{"type":"Feature","geometry":{"type":"Polygon","coordinates":[[[123.7182409,10.5022206],[123.718176,10.5023667],[123.7180869,10.5023285],[123.7181518,10.5021823],[123.7182409,10.5022206]]]},"properties":{"id":"ms-1337","kind":"building","storeys":1,"origin":"ai","edited":false,"source":"Microsoft Global ML Building Footprints 2026-02-03 (ODbL)"}},{"type":"Feature","geometry":{"type":"Polygon","coordinates":[[[123.7197843,10.5099114],[123.7198183,10.5099533],[123.7197701,10.509991],[123.7197361,10.5099491],[123.7197843,10.5099114]]]},"properties":{"id":"ms-1338","kind":"building","storeys":1,"origin":"ai","edited":false,"source":"Microsoft Global ML Building Footprints 2026-02-03 (ODbL)"}},{"type":"Feature","geometry":{"type":"Polygon","coordinates":[[[123.7113976,10.5106114],[123.7113547,10.5106114],[123.7113547,10.5105744],[123.7113976,10.5105744],[123.7113976,10.5106114]]]},"properties":{"id":"ms-1339","kind":"building","storeys":1,"origin":"ai","edited":false,"source":"Microsoft Global ML Building Footprints 2026-02-03 (ODbL)"}},{"type":"Feature","geometry":{"type":"Polygon","coordinates":[[[123.7141843,10.503953],[123.7142068,10.5038563],[123.714305,10.5038784],[123.7142824,10.5039751],[123.7141843,10.503953]]]},"properties":{"id":"ms-1340","kind":"building","storeys":1,"origin":"ai","edited":false,"source":"Microsoft Global ML Building Footprints 2026-02-03 (ODbL)"}},{"type":"Feature","geometry":{"type":"Polygon","coordinates":[[[123.7161345,10.5034896],[123.7161277,10.5035549],[123.7160879,10.5035509],[123.7160947,10.5034856],[123.7161345,10.5034896]]]},"properties":{"id":"ms-1341","kind":"building","storeys":1,"origin":"ai","edited":false,"source":"Microsoft Global ML Building Footprints 2026-02-03 (ODbL)"}},{"type":"Feature","geometry":{"type":"Polygon","coordinates":[[[123.7169507,10.5000535],[123.71702,10.5000203],[123.7170348,10.5000501],[123.7169655,10.5000833],[123.7169507,10.5000535]]]},"properties":{"id":"ms-1342","kind":"building","storeys":1,"origin":"ai","edited":false,"source":"Microsoft Global ML Building Footprints 2026-02-03 (ODbL)"}},{"type":"Feature","geometry":{"type":"Polygon","coordinates":[[[123.7189884,10.5003014],[123.718885,10.5002907],[123.7188939,10.5002072],[123.7189974,10.5002179],[123.7189884,10.5003014]]]},"properties":{"id":"ms-1343","kind":"building","storeys":1,"origin":"ai","edited":false,"source":"Microsoft Global ML Building Footprints 2026-02-03 (ODbL)"}},{"type":"Feature","geometry":{"type":"Polygon","coordinates":[[[123.7206626,10.5081697],[123.7207043,10.5081879],[123.720686,10.5082286],[123.7206442,10.5082104],[123.7206626,10.5081697]]]},"properties":{"id":"ms-1344","kind":"building","storeys":1,"origin":"ai","edited":false,"source":"Microsoft Global ML Building Footprints 2026-02-03 (ODbL)"}},{"type":"Feature","geometry":{"type":"Polygon","coordinates":[[[123.7118993,10.5084056],[123.7120194,10.5084373],[123.7120047,10.5084914],[123.7118845,10.5084598],[123.7118993,10.5084056]]]},"properties":{"id":"ms-1345","kind":"building","storeys":1,"origin":"ai","edited":false,"source":"Microsoft Global ML Building Footprints 2026-02-03 (ODbL)"}},{"type":"Feature","geometry":{"type":"Polygon","coordinates":[[[123.7148199,10.5017402],[123.7148225,10.5018061],[123.7147731,10.5018079],[123.7147705,10.5017421],[123.7148199,10.5017402]]]},"properties":{"id":"ms-1346","kind":"building","storeys":1,"origin":"ai","edited":false,"source":"Microsoft Global ML Building Footprints 2026-02-03 (ODbL)"}},{"type":"Feature","geometry":{"type":"Polygon","coordinates":[[[123.7162093,10.5087769],[123.7162321,10.5087367],[123.7162758,10.5087607],[123.716253,10.5088009],[123.7162093,10.5087769]]]},"properties":{"id":"ms-1347","kind":"building","storeys":1,"origin":"ai","edited":false,"source":"Microsoft Global ML Building Footprints 2026-02-03 (ODbL)"}},{"type":"Feature","geometry":{"type":"Polygon","coordinates":[[[123.7166278,10.509427],[123.7165933,10.5095202],[123.7165459,10.5095032],[123.7165804,10.5094101],[123.7166278,10.509427]]]},"properties":{"id":"ms-1348","kind":"building","storeys":1,"origin":"ai","edited":false,"source":"Microsoft Global ML Building Footprints 2026-02-03 (ODbL)"}},{"type":"Feature","geometry":{"type":"Polygon","coordinates":[[[123.7170892,10.5136038],[123.7170912,10.5135194],[123.7171865,10.5135216],[123.7171844,10.513606],[123.7170892,10.5136038]]]},"properties":{"id":"ms-1349","kind":"building","storeys":1,"origin":"ai","edited":false,"source":"Microsoft Global ML Building Footprints 2026-02-03 (ODbL)"}},{"type":"Feature","geometry":{"type":"Polygon","coordinates":[[[123.7171853,10.5084402],[123.717227,10.5083476],[123.7173078,10.5083827],[123.7172661,10.5084753],[123.7171853,10.5084402]]]},"properties":{"id":"ms-1350","kind":"building","storeys":1,"origin":"ai","edited":false,"source":"Microsoft Global ML Building Footprints 2026-02-03 (ODbL)"}},{"type":"Feature","geometry":{"type":"Polygon","coordinates":[[[123.7188881,10.5029578],[123.7188372,10.502959],[123.7188346,10.5028573],[123.7188427,10.5028571],[123.7188435,10.5028903],[123.7188864,10.5028893],[123.7188881,10.5029578]]]},"properties":{"id":"ms-1351","kind":"building","storeys":1,"origin":"ai","edited":false,"source":"Microsoft Global ML Building Footprints 2026-02-03 (ODbL)"}},{"type":"Feature","geometry":{"type":"Polygon","coordinates":[[[123.711423,10.5096839],[123.7114838,10.5097201],[123.7114517,10.5097722],[123.7113909,10.509736],[123.711423,10.5096839]]]},"properties":{"id":"ms-1352","kind":"building","storeys":1,"origin":"ai","edited":false,"source":"Microsoft Global ML Building Footprints 2026-02-03 (ODbL)"}},{"type":"Feature","geometry":{"type":"Polygon","coordinates":[[[123.7134296,10.5085528],[123.7133798,10.5086473],[123.7133261,10.50862],[123.7133759,10.5085254],[123.7134296,10.5085528]]]},"properties":{"id":"ms-1353","kind":"building","storeys":1,"origin":"ai","edited":false,"source":"Microsoft Global ML Building Footprints 2026-02-03 (ODbL)"}},{"type":"Feature","geometry":{"type":"Polygon","coordinates":[[[123.7139802,10.5075744],[123.7139343,10.5076419],[123.7138798,10.5076061],[123.7139256,10.5075386],[123.7139802,10.5075744]]]},"properties":{"id":"ms-1354","kind":"building","storeys":1,"origin":"ai","edited":false,"source":"Microsoft Global ML Building Footprints 2026-02-03 (ODbL)"}},{"type":"Feature","geometry":{"type":"Polygon","coordinates":[[[123.7155996,10.5058702],[123.7155893,10.5059154],[123.7155025,10.5058962],[123.7155128,10.505851],[123.7155996,10.5058702]]]},"properties":{"id":"ms-1355","kind":"building","storeys":1,"origin":"ai","edited":false,"source":"Microsoft Global ML Building Footprints 2026-02-03 (ODbL)"}},{"type":"Feature","geometry":{"type":"Polygon","coordinates":[[[123.7160962,10.5019756],[123.7161445,10.5019754],[123.7161447,10.502044],[123.7160964,10.5020441],[123.7160962,10.5019756]]]},"properties":{"id":"ms-1356","kind":"building","storeys":1,"origin":"ai","edited":false,"source":"Microsoft Global ML Building Footprints 2026-02-03 (ODbL)"}},{"type":"Feature","geometry":{"type":"Polygon","coordinates":[[[123.7117718,10.5071848],[123.7117754,10.5070741],[123.7118852,10.5070776],[123.7118807,10.5072172],[123.7118485,10.5072162],[123.7118495,10.5071872],[123.7117718,10.5071848]]]},"properties":{"id":"ms-1357","kind":"building","storeys":1,"origin":"ai","edited":false,"source":"Microsoft Global ML Building Footprints 2026-02-03 (ODbL)"}},{"type":"Feature","geometry":{"type":"Polygon","coordinates":[[[123.7129068,10.5075513],[123.712979,10.5075877],[123.7129408,10.5076608],[123.7128686,10.5076244],[123.7129068,10.5075513]]]},"properties":{"id":"ms-1358","kind":"building","storeys":1,"origin":"ai","edited":false,"source":"Microsoft Global ML Building Footprints 2026-02-03 (ODbL)"}},{"type":"Feature","geometry":{"type":"Polygon","coordinates":[[[123.7153329,10.5139966],[123.7152987,10.5140013],[123.7152884,10.5139288],[123.7153226,10.5139242],[123.7153329,10.5139966]]]},"properties":{"id":"ms-1359","kind":"building","storeys":1,"origin":"ai","edited":false,"source":"Microsoft Global ML Building Footprints 2026-02-03 (ODbL)"}},{"type":"Feature","geometry":{"type":"Polygon","coordinates":[[[123.715383,10.51166],[123.7153134,10.5116571],[123.7153176,10.5115597],[123.7153872,10.5115626],[123.715383,10.51166]]]},"properties":{"id":"ms-1360","kind":"building","storeys":1,"origin":"ai","edited":false,"source":"Microsoft Global ML Building Footprints 2026-02-03 (ODbL)"}},{"type":"Feature","geometry":{"type":"Polygon","coordinates":[[[123.7168465,10.5150727],[123.7167219,10.5150752],[123.7167199,10.5149787],[123.7168445,10.5149761],[123.7168465,10.5150727]]]},"properties":{"id":"ms-1361","kind":"building","storeys":1,"origin":"ai","edited":false,"source":"Microsoft Global ML Building Footprints 2026-02-03 (ODbL)"}},{"type":"Feature","geometry":{"type":"Polygon","coordinates":[[[123.7180924,10.5028271],[123.7181137,10.5026706],[123.7181743,10.5026786],[123.718153,10.502835],[123.7180924,10.5028271]]]},"properties":{"id":"ms-1362","kind":"building","storeys":1,"origin":"ai","edited":false,"source":"Microsoft Global ML Building Footprints 2026-02-03 (ODbL)"}},{"type":"Feature","geometry":{"type":"Polygon","coordinates":[[[123.7200305,10.5062628],[123.7199845,10.5063625],[123.7198631,10.5063084],[123.7199091,10.5062087],[123.7200305,10.5062628]]]},"properties":{"id":"ms-1363","kind":"building","storeys":1,"origin":"ai","edited":false,"source":"Microsoft Global ML Building Footprints 2026-02-03 (ODbL)"}},{"type":"Feature","geometry":{"type":"Polygon","coordinates":[[[123.7112758,10.509595],[123.7113233,10.5096355],[123.7112529,10.5097153],[123.7112054,10.5096748],[123.7112758,10.509595]]]},"properties":{"id":"ms-1364","kind":"building","storeys":1,"origin":"ai","edited":false,"source":"Microsoft Global ML Building Footprints 2026-02-03 (ODbL)"}},{"type":"Feature","geometry":{"type":"Polygon","coordinates":[[[123.7125172,10.5093463],[123.7124569,10.5094199],[123.7123863,10.5093641],[123.7124466,10.5092904],[123.7125172,10.5093463]]]},"properties":{"id":"ms-1365","kind":"building","storeys":1,"origin":"ai","edited":false,"source":"Microsoft Global ML Building Footprints 2026-02-03 (ODbL)"}},{"type":"Feature","geometry":{"type":"Polygon","coordinates":[[[123.7144611,10.5112388],[123.7145496,10.5112379],[123.7145508,10.5113512],[123.7144623,10.5113521],[123.7144611,10.5112388]]]},"properties":{"id":"ms-1366","kind":"building","storeys":1,"origin":"ai","edited":false,"source":"Microsoft Global ML Building Footprints 2026-02-03 (ODbL)"}},{"type":"Feature","geometry":{"type":"Polygon","coordinates":[[[123.7187763,10.5029589],[123.7187361,10.5029576],[123.718739,10.5028691],[123.7187792,10.5028704],[123.7187763,10.5029589]]]},"properties":{"id":"ms-1367","kind":"building","storeys":1,"origin":"ai","edited":false,"source":"Microsoft Global ML Building Footprints 2026-02-03 (ODbL)"}},{"type":"Feature","geometry":{"type":"Polygon","coordinates":[[[123.7103193,10.5090245],[123.7103713,10.5089885],[123.7103965,10.5090237],[123.7103446,10.5090598],[123.7103193,10.5090245]]]},"properties":{"id":"ms-1368","kind":"building","storeys":1,"origin":"ai","edited":false,"source":"Microsoft Global ML Building Footprints 2026-02-03 (ODbL)"}},{"type":"Feature","geometry":{"type":"Polygon","coordinates":[[[123.7117828,10.5084935],[123.7118356,10.5085135],[123.7118604,10.5084505],[123.7119943,10.5085014],[123.7119414,10.5086356],[123.7118659,10.5086068],[123.7118772,10.5085782],[123.7118189,10.508556],[123.7118058,10.5085892],[123.711753,10.5085691],[123.7117828,10.5084935]]]},"properties":{"id":"ms-1369","kind":"building","storeys":1,"origin":"ai","edited":false,"source":"Microsoft Global ML Building Footprints 2026-02-03 (ODbL)"}},{"type":"Feature","geometry":{"type":"Polygon","coordinates":[[[123.7147247,10.5077668],[123.7146786,10.5077569],[123.7146753,10.507772],[123.7144977,10.5077336],[123.7145224,10.5076229],[123.714746,10.5076712],[123.7147247,10.5077668]]]},"properties":{"id":"ms-1370","kind":"building","storeys":1,"origin":"ai","edited":false,"source":"Microsoft Global ML Building Footprints 2026-02-03 (ODbL)"}},{"type":"Feature","geometry":{"type":"Polygon","coordinates":[[[123.7148342,10.5007384],[123.7148289,10.5008065],[123.7147622,10.5008015],[123.7147676,10.5007333],[123.7148342,10.5007384]]]},"properties":{"id":"ms-1371","kind":"building","storeys":1,"origin":"ai","edited":false,"source":"Microsoft Global ML Building Footprints 2026-02-03 (ODbL)"}},{"type":"Feature","geometry":{"type":"Polygon","coordinates":[[[123.7150531,10.5005391],[123.7150493,10.5006286],[123.7147827,10.5006179],[123.7147914,10.5004099],[123.7148663,10.5004129],[123.7148614,10.5005314],[123.7150531,10.5005391]]]},"properties":{"id":"ms-1372","kind":"building","storeys":1,"origin":"ai","edited":false,"source":"Microsoft Global ML Building Footprints 2026-02-03 (ODbL)"}},{"type":"Feature","geometry":{"type":"Polygon","coordinates":[[[123.7152106,10.5016555],[123.7152584,10.5016599],[123.7152551,10.501695],[123.7152072,10.5016906],[123.7152106,10.5016555]]]},"properties":{"id":"ms-1373","kind":"building","storeys":1,"origin":"ai","edited":false,"source":"Microsoft Global ML Building Footprints 2026-02-03 (ODbL)"}},{"type":"Feature","geometry":{"type":"Polygon","coordinates":[[[123.7161566,10.5037102],[123.7161308,10.5037832],[123.7160279,10.503748],[123.7160536,10.5036751],[123.7161566,10.5037102]]]},"properties":{"id":"ms-1374","kind":"building","storeys":1,"origin":"ai","edited":false,"source":"Microsoft Global ML Building Footprints 2026-02-03 (ODbL)"}},{"type":"Feature","geometry":{"type":"Polygon","coordinates":[[[123.7170924,10.5128528],[123.7170916,10.5128791],[123.7170234,10.5128772],[123.717026,10.5127876],[123.7171252,10.5127904],[123.7171233,10.5128537],[123.7170924,10.5128528]]]},"properties":{"id":"ms-1375","kind":"building","storeys":1,"origin":"ai","edited":false,"source":"Microsoft Global ML Building Footprints 2026-02-03 (ODbL)"}},{"type":"Feature","geometry":{"type":"Polygon","coordinates":[[[123.7173077,10.5002013],[123.7173234,10.5002606],[123.7172456,10.5002806],[123.7172299,10.5002213],[123.7173077,10.5002013]]]},"properties":{"id":"ms-1376","kind":"building","storeys":1,"origin":"ai","edited":false,"source":"Microsoft Global ML Building Footprints 2026-02-03 (ODbL)"}},{"type":"Feature","geometry":{"type":"Polygon","coordinates":[[[123.7185559,10.5119299],[123.7185915,10.5119173],[123.7186086,10.511964],[123.718573,10.5119766],[123.7185559,10.5119299]]]},"properties":{"id":"ms-1377","kind":"building","storeys":1,"origin":"ai","edited":false,"source":"Microsoft Global ML Building Footprints 2026-02-03 (ODbL)"}},{"type":"Feature","geometry":{"type":"Polygon","coordinates":[[[123.7187682,10.5027122],[123.7187782,10.5026505],[123.7188541,10.5026624],[123.718844,10.5027241],[123.7187682,10.5027122]]]},"properties":{"id":"ms-1378","kind":"building","storeys":1,"origin":"ai","edited":false,"source":"Microsoft Global ML Building Footprints 2026-02-03 (ODbL)"}},{"type":"Feature","geometry":{"type":"Polygon","coordinates":[[[123.7114757,10.5098779],[123.7115238,10.509781],[123.711594,10.5098146],[123.7115459,10.5099115],[123.7114757,10.5098779]]]},"properties":{"id":"ms-1379","kind":"building","storeys":1,"origin":"ai","edited":false,"source":"Microsoft Global ML Building Footprints 2026-02-03 (ODbL)"}},{"type":"Feature","geometry":{"type":"Polygon","coordinates":[[[123.7129501,10.5063949],[123.7129903,10.5063072],[123.7130728,10.5063438],[123.7130326,10.5064315],[123.7129501,10.5063949]]]},"properties":{"id":"ms-1380","kind":"building","storeys":1,"origin":"ai","edited":false,"source":"Microsoft Global ML Building Footprints 2026-02-03 (ODbL)"}},{"type":"Feature","geometry":{"type":"Polygon","coordinates":[[[123.7147435,10.5089854],[123.7146176,10.5089901],[123.7146143,10.5089032],[123.7147402,10.5088985],[123.7147435,10.5089854]]]},"properties":{"id":"ms-1381","kind":"building","storeys":1,"origin":"ai","edited":false,"source":"Microsoft Global ML Building Footprints 2026-02-03 (ODbL)"}},{"type":"Feature","geometry":{"type":"Polygon","coordinates":[[[123.7152293,10.5080672],[123.715226,10.5081461],[123.7151869,10.5081446],[123.7151902,10.5080656],[123.7152293,10.5080672]]]},"properties":{"id":"ms-1382","kind":"building","storeys":1,"origin":"ai","edited":false,"source":"Microsoft Global ML Building Footprints 2026-02-03 (ODbL)"}},{"type":"Feature","geometry":{"type":"Polygon","coordinates":[[[123.7154727,10.5001982],[123.7154698,10.5002756],[123.7153814,10.5002723],[123.7153844,10.5001949],[123.7154727,10.5001982]]]},"properties":{"id":"ms-1383","kind":"building","storeys":1,"origin":"ai","edited":false,"source":"Microsoft Global ML Building Footprints 2026-02-03 (ODbL)"}},{"type":"Feature","geometry":{"type":"Polygon","coordinates":[[[123.7154766,10.5107367],[123.7155427,10.5107568],[123.7155157,10.5108425],[123.7154496,10.5108224],[123.7154766,10.5107367]]]},"properties":{"id":"ms-1384","kind":"building","storeys":1,"origin":"ai","edited":false,"source":"Microsoft Global ML Building Footprints 2026-02-03 (ODbL)"}},{"type":"Feature","geometry":{"type":"Polygon","coordinates":[[[123.7160044,10.5039078],[123.7160099,10.503853],[123.7160949,10.5038612],[123.7160894,10.5039161],[123.7160044,10.5039078]]]},"properties":{"id":"ms-1385","kind":"building","storeys":1,"origin":"ai","edited":false,"source":"Microsoft Global ML Building Footprints 2026-02-03 (ODbL)"}},{"type":"Feature","geometry":{"type":"Polygon","coordinates":[[[123.7193859,10.5080653],[123.7194091,10.5080219],[123.7194595,10.508048],[123.7194363,10.5080914],[123.7193859,10.5080653]]]},"properties":{"id":"ms-1386","kind":"building","storeys":1,"origin":"ai","edited":false,"source":"Microsoft Global ML Building Footprints 2026-02-03 (ODbL)"}},{"type":"Feature","geometry":{"type":"Polygon","coordinates":[[[123.7198782,10.5127961],[123.7199705,10.5127932],[123.7199725,10.5128564],[123.7198802,10.5128594],[123.7198782,10.5127961]]]},"properties":{"id":"ms-1387","kind":"building","storeys":1,"origin":"ai","edited":false,"source":"Microsoft Global ML Building Footprints 2026-02-03 (ODbL)"}},{"type":"Feature","geometry":{"type":"Polygon","coordinates":[[[123.7125026,10.5078986],[123.7125532,10.5079188],[123.7125602,10.5079018],[123.7126616,10.5079423],[123.7126172,10.5080498],[123.7124652,10.5079892],[123.7125026,10.5078986]]]},"properties":{"id":"ms-1388","kind":"building","storeys":1,"origin":"ai","edited":false,"source":"Microsoft Global ML Building Footprints 2026-02-03 (ODbL)"}},{"type":"Feature","geometry":{"type":"Polygon","coordinates":[[[123.7131618,10.5077047],[123.7131,10.507822],[123.7130184,10.5077805],[123.7130802,10.5076631],[123.7131618,10.5077047]]]},"properties":{"id":"ms-1389","kind":"building","storeys":1,"origin":"ai","edited":false,"source":"Microsoft Global ML Building Footprints 2026-02-03 (ODbL)"}},{"type":"Feature","geometry":{"type":"Polygon","coordinates":[[[123.7138849,10.5022095],[123.7138996,10.5020739],[123.7140307,10.5020876],[123.714016,10.5022232],[123.7138849,10.5022095]]]},"properties":{"id":"ms-1390","kind":"building","storeys":1,"origin":"ai","edited":false,"source":"Microsoft Global ML Building Footprints 2026-02-03 (ODbL)"}},{"type":"Feature","geometry":{"type":"Polygon","coordinates":[[[123.7178339,10.5089022],[123.7178973,10.508915],[123.7178899,10.5089504],[123.7178265,10.5089376],[123.7178339,10.5089022]]]},"properties":{"id":"ms-1391","kind":"building","storeys":1,"origin":"ai","edited":false,"source":"Microsoft Global ML Building Footprints 2026-02-03 (ODbL)"}},{"type":"Feature","geometry":{"type":"Polygon","coordinates":[[[123.7179029,10.5093156],[123.7178283,10.5092793],[123.7178731,10.5091904],[123.7179477,10.5092267],[123.7179029,10.5093156]]]},"properties":{"id":"ms-1392","kind":"building","storeys":1,"origin":"ai","edited":false,"source":"Microsoft Global ML Building Footprints 2026-02-03 (ODbL)"}},{"type":"Feature","geometry":{"type":"Polygon","coordinates":[[[123.7190065,10.5086498],[123.7191207,10.50869],[123.7190938,10.5087638],[123.7189797,10.5087237],[123.7190065,10.5086498]]]},"properties":{"id":"ms-1393","kind":"building","storeys":1,"origin":"ai","edited":false,"source":"Microsoft Global ML Building Footprints 2026-02-03 (ODbL)"}},{"type":"Feature","geometry":{"type":"Polygon","coordinates":[[[123.7137425,10.5033093],[123.7137687,10.5031581],[123.7139121,10.5031822],[123.7139188,10.5031437],[123.7140035,10.503158],[123.7139951,10.5032066],[123.7140146,10.5032099],[123.7140061,10.5032586],[123.7140817,10.5032713],[123.7140701,10.5033379],[123.7138512,10.5033012],[123.7138467,10.5033268],[123.7137425,10.5033093]]]},"properties":{"id":"ms-1394","kind":"building","storeys":1,"origin":"ai","edited":false,"source":"Microsoft Global ML Building Footprints 2026-02-03 (ODbL)"}},{"type":"Feature","geometry":{"type":"Polygon","coordinates":[[[123.7144743,10.5079909],[123.7145627,10.5079942],[123.7145574,10.5081337],[123.714469,10.5081305],[123.7144743,10.5079909]]]},"properties":{"id":"ms-1395","kind":"building","storeys":1,"origin":"ai","edited":false,"source":"Microsoft Global ML Building Footprints 2026-02-03 (ODbL)"}},{"type":"Feature","geometry":{"type":"Polygon","coordinates":[[[123.716207,10.5035857],[123.7162008,10.5036253],[123.7161549,10.5036184],[123.7161611,10.5035788],[123.716207,10.5035857]]]},"properties":{"id":"ms-1396","kind":"building","storeys":1,"origin":"ai","edited":false,"source":"Microsoft Global ML Building Footprints 2026-02-03 (ODbL)"}},{"type":"Feature","geometry":{"type":"Polygon","coordinates":[[[123.7167145,10.5086443],[123.716766,10.5085951],[123.7168331,10.5086629],[123.7167815,10.5087121],[123.7167145,10.5086443]]]},"properties":{"id":"ms-1397","kind":"building","storeys":1,"origin":"ai","edited":false,"source":"Microsoft Global ML Building Footprints 2026-02-03 (ODbL)"}},{"type":"Feature","geometry":{"type":"Polygon","coordinates":[[[123.7181285,10.508524],[123.7180565,10.5086466],[123.717976,10.5086009],[123.7180481,10.5084783],[123.7181285,10.508524]]]},"properties":{"id":"ms-1398","kind":"building","storeys":1,"origin":"ai","edited":false,"source":"Microsoft Global ML Building Footprints 2026-02-03 (ODbL)"}},{"type":"Feature","geometry":{"type":"Polygon","coordinates":[[[123.7186747,10.5085031],[123.7186975,10.5085323],[123.7186564,10.5085633],[123.7186336,10.5085341],[123.7186747,10.5085031]]]},"properties":{"id":"ms-1399","kind":"building","storeys":1,"origin":"ai","edited":false,"source":"Microsoft Global ML Building Footprints 2026-02-03 (ODbL)"}},{"type":"Feature","geometry":{"type":"Polygon","coordinates":[[[123.7193731,10.5074034],[123.7194766,10.507448],[123.7194456,10.5075175],[123.7193421,10.5074729],[123.7193731,10.5074034]]]},"properties":{"id":"ms-1400","kind":"building","storeys":1,"origin":"ai","edited":false,"source":"Microsoft Global ML Building Footprints 2026-02-03 (ODbL)"}},{"type":"Feature","geometry":{"type":"Polygon","coordinates":[[[123.7195992,10.5071448],[123.7196094,10.5071137],[123.7195243,10.5070868],[123.719551,10.5070055],[123.7196905,10.5070498],[123.7196536,10.5071621],[123.7195992,10.5071448]]]},"properties":{"id":"ms-1401","kind":"building","storeys":1,"origin":"ai","edited":false,"source":"Microsoft Global ML Building Footprints 2026-02-03 (ODbL)"}},{"type":"Feature","geometry":{"type":"Polygon","coordinates":[[[123.7110863,10.5095886],[123.711137,10.509625],[123.7110744,10.5097092],[123.7110062,10.5096602],[123.7110836,10.5095562],[123.7110608,10.5095399],[123.7110838,10.509509],[123.711124,10.5095379],[123.7110863,10.5095886]]]},"properties":{"id":"ms-1402","kind":"building","storeys":1,"origin":"ai","edited":false,"source":"Microsoft Global ML Building Footprints 2026-02-03 (ODbL)"}},{"type":"Feature","geometry":{"type":"Polygon","coordinates":[[[123.7120895,10.5080819],[123.7120852,10.5080903],[123.7120487,10.5080724],[123.7120739,10.5080228],[123.7121426,10.5080565],[123.7121533,10.5080354],[123.7122693,10.5080923],[123.7122376,10.5081546],[123.7120895,10.5080819]]]},"properties":{"id":"ms-1403","kind":"building","storeys":1,"origin":"ai","edited":false,"source":"Microsoft Global ML Building Footprints 2026-02-03 (ODbL)"}},{"type":"Feature","geometry":{"type":"Polygon","coordinates":[[[123.7147308,10.5139256],[123.7147714,10.5139159],[123.7147824,10.5139607],[123.7147419,10.5139704],[123.7147308,10.5139256]]]},"properties":{"id":"ms-1404","kind":"building","storeys":1,"origin":"ai","edited":false,"source":"Microsoft Global ML Building Footprints 2026-02-03 (ODbL)"}},{"type":"Feature","geometry":{"type":"Polygon","coordinates":[[[123.7159008,10.5095529],[123.7158994,10.509632],[123.7157771,10.50963],[123.7157784,10.5095509],[123.7159008,10.5095529]]]},"properties":{"id":"ms-1405","kind":"building","storeys":1,"origin":"ai","edited":false,"source":"Microsoft Global ML Building Footprints 2026-02-03 (ODbL)"}},{"type":"Feature","geometry":{"type":"Polygon","coordinates":[[[123.7173584,10.5095927],[123.7172021,10.5095299],[123.7172368,10.5094463],[123.7174598,10.5095358],[123.7174326,10.5096014],[123.7173659,10.5095746],[123.7173584,10.5095927]]]},"properties":{"id":"ms-1406","kind":"building","storeys":1,"origin":"ai","edited":false,"source":"Microsoft Global ML Building Footprints 2026-02-03 (ODbL)"}},{"type":"Feature","geometry":{"type":"Polygon","coordinates":[[[123.7201901,10.5069073],[123.7201778,10.5069427],[123.7201178,10.5069225],[123.7201302,10.5068871],[123.7201901,10.5069073]]]},"properties":{"id":"ms-1407","kind":"building","storeys":1,"origin":"ai","edited":false,"source":"Microsoft Global ML Building Footprints 2026-02-03 (ODbL)"}},{"type":"Feature","geometry":{"type":"Polygon","coordinates":[[[123.7117914,10.5102577],[123.7118304,10.5102644],[123.7118217,10.510313],[123.7117827,10.5103063],[123.7117914,10.5102577]]]},"properties":{"id":"ms-1408","kind":"building","storeys":1,"origin":"ai","edited":false,"source":"Microsoft Global ML Building Footprints 2026-02-03 (ODbL)"}},{"type":"Feature","geometry":{"type":"Polygon","coordinates":[[[123.7149771,10.5036929],[123.7149581,10.5037774],[123.7148699,10.5037582],[123.7148888,10.5036738],[123.7149771,10.5036929]]]},"properties":{"id":"ms-1409","kind":"building","storeys":1,"origin":"ai","edited":false,"source":"Microsoft Global ML Building Footprints 2026-02-03 (ODbL)"}},{"type":"Feature","geometry":{"type":"Polygon","coordinates":[[[123.7152299,10.5073138],[123.7153837,10.5073613],[123.715353,10.5074573],[123.7151992,10.5074098],[123.7152299,10.5073138]]]},"properties":{"id":"ms-1410","kind":"building","storeys":1,"origin":"ai","edited":false,"source":"Microsoft Global ML Building Footprints 2026-02-03 (ODbL)"}},{"type":"Feature","geometry":{"type":"Polygon","coordinates":[[[123.7152582,10.5108257],[123.7152594,10.5109349],[123.7151789,10.5109357],[123.7151777,10.5108265],[123.7152582,10.5108257]]]},"properties":{"id":"ms-1411","kind":"building","storeys":1,"origin":"ai","edited":false,"source":"Microsoft Global ML Building Footprints 2026-02-03 (ODbL)"}},{"type":"Feature","geometry":{"type":"Polygon","coordinates":[[[123.7157675,10.5003965],[123.715686,10.5003999],[123.7156841,10.5003552],[123.7157655,10.5003518],[123.7157675,10.5003965]]]},"properties":{"id":"ms-1412","kind":"building","storeys":1,"origin":"ai","edited":false,"source":"Microsoft Global ML Building Footprints 2026-02-03 (ODbL)"}},{"type":"Feature","geometry":{"type":"Polygon","coordinates":[[[123.7163868,10.5052446],[123.7163469,10.5053535],[123.7162686,10.5053257],[123.7163085,10.5052169],[123.7163868,10.5052446]]]},"properties":{"id":"ms-1413","kind":"building","storeys":1,"origin":"ai","edited":false,"source":"Microsoft Global ML Building Footprints 2026-02-03 (ODbL)"}},{"type":"Feature","geometry":{"type":"Polygon","coordinates":[[[123.7168983,10.5061328],[123.7169639,10.5061636],[123.7169374,10.5062181],[123.7168719,10.5061873],[123.7168983,10.5061328]]]},"properties":{"id":"ms-1414","kind":"building","storeys":1,"origin":"ai","edited":false,"source":"Microsoft Global ML Building Footprints 2026-02-03 (ODbL)"}},{"type":"Feature","geometry":{"type":"Polygon","coordinates":[[[123.7183073,10.5049931],[123.7183768,10.5047904],[123.7185069,10.5048335],[123.7184923,10.5048761],[123.718538,10.5048913],[123.7185194,10.5049457],[123.7184736,10.5049306],[123.7184374,10.5050362],[123.7183073,10.5049931]]]},"properties":{"id":"ms-1415","kind":"building","storeys":1,"origin":"ai","edited":false,"source":"Microsoft Global ML Building Footprints 2026-02-03 (ODbL)"}},{"type":"Feature","geometry":{"type":"Polygon","coordinates":[[[123.7105177,10.5090996],[123.7104525,10.5091471],[123.7104268,10.509113],[123.710492,10.5090655],[123.7105177,10.5090996]]]},"properties":{"id":"ms-1416","kind":"building","storeys":1,"origin":"ai","edited":false,"source":"Microsoft Global ML Building Footprints 2026-02-03 (ODbL)"}},{"type":"Feature","geometry":{"type":"Polygon","coordinates":[[[123.7125699,10.5043985],[123.7125563,10.5044329],[123.7124666,10.5043986],[123.7124802,10.5043642],[123.7125699,10.5043985]]]},"properties":{"id":"ms-1417","kind":"building","storeys":1,"origin":"ai","edited":false,"source":"Microsoft Global ML Building Footprints 2026-02-03 (ODbL)"}},{"type":"Feature","geometry":{"type":"Polygon","coordinates":[[[123.7154305,10.5046859],[123.7154671,10.5045493],[123.7155399,10.5045681],[123.7155033,10.5047047],[123.7154305,10.5046859]]]},"properties":{"id":"ms-1418","kind":"building","storeys":1,"origin":"ai","edited":false,"source":"Microsoft Global ML Building Footprints 2026-02-03 (ODbL)"}},{"type":"Feature","geometry":{"type":"Polygon","coordinates":[[[123.7159587,10.5087071],[123.7160245,10.5087228],[123.715984,10.5088872],[123.7159181,10.5088715],[123.7159587,10.5087071]]]},"properties":{"id":"ms-1419","kind":"building","storeys":1,"origin":"ai","edited":false,"source":"Microsoft Global ML Building Footprints 2026-02-03 (ODbL)"}},{"type":"Feature","geometry":{"type":"Polygon","coordinates":[[[123.716133,10.5067155],[123.7162905,10.5067267],[123.7162742,10.5069497],[123.7161408,10.5069402],[123.7161475,10.5068484],[123.7161235,10.5068467],[123.716133,10.5067155]]]},"properties":{"id":"ms-1420","kind":"building","storeys":1,"origin":"ai","edited":false,"source":"Microsoft Global ML Building Footprints 2026-02-03 (ODbL)"}},{"type":"Feature","geometry":{"type":"Polygon","coordinates":[[[123.7163746,10.506931],[123.7164684,10.5069288],[123.7164699,10.5069947],[123.7163761,10.5069968],[123.7163746,10.506931]]]},"properties":{"id":"ms-1421","kind":"building","storeys":1,"origin":"ai","edited":false,"source":"Microsoft Global ML Building Footprints 2026-02-03 (ODbL)"}},{"type":"Feature","geometry":{"type":"Polygon","coordinates":[[[123.7171155,10.5130275],[123.7170405,10.5130299],[123.7170362,10.5129008],[123.7170656,10.5128999],[123.7170653,10.5128893],[123.7171108,10.5128879],[123.7171155,10.5130275]]]},"properties":{"id":"ms-1422","kind":"building","storeys":1,"origin":"ai","edited":false,"source":"Microsoft Global ML Building Footprints 2026-02-03 (ODbL)"}},{"type":"Feature","geometry":{"type":"Polygon","coordinates":[[[123.719128,10.5053379],[123.7190103,10.5053195],[123.7190252,10.5052269],[123.7191429,10.5052453],[123.719128,10.5053379]]]},"properties":{"id":"ms-1423","kind":"building","storeys":1,"origin":"ai","edited":false,"source":"Microsoft Global ML Building Footprints 2026-02-03 (ODbL)"}},{"type":"Feature","geometry":{"type":"Polygon","coordinates":[[[123.7203381,10.5031975],[123.7203363,10.5032528],[123.7203149,10.5032521],[123.7203126,10.5033233],[123.720251,10.5033214],[123.7202551,10.5031949],[123.7203381,10.5031975]]]},"properties":{"id":"ms-1424","kind":"building","storeys":1,"origin":"ai","edited":false,"source":"Microsoft Global ML Building Footprints 2026-02-03 (ODbL)"}},{"type":"Feature","geometry":{"type":"Polygon","coordinates":[[[123.7125495,10.5091664],[123.7126309,10.5090281],[123.7126899,10.5090617],[123.7126085,10.5092],[123.7125495,10.5091664]]]},"properties":{"id":"ms-1425","kind":"building","storeys":1,"origin":"ai","edited":false,"source":"Microsoft Global ML Building Footprints 2026-02-03 (ODbL)"}},{"type":"Feature","geometry":{"type":"Polygon","coordinates":[[[123.7129544,10.5054512],[123.7129429,10.5054872],[123.7128404,10.5054555],[123.7128519,10.5054195],[123.7129544,10.5054512]]]},"properties":{"id":"ms-1426","kind":"building","storeys":1,"origin":"ai","edited":false,"source":"Microsoft Global ML Building Footprints 2026-02-03 (ODbL)"}},{"type":"Feature","geometry":{"type":"Polygon","coordinates":[[[123.7141283,10.5113328],[123.7140453,10.5113292],[123.714051,10.5112028],[123.7141339,10.5112064],[123.7141283,10.5113328]]]},"properties":{"id":"ms-1427","kind":"building","storeys":1,"origin":"ai","edited":false,"source":"Microsoft Global ML Building Footprints 2026-02-03 (ODbL)"}},{"type":"Feature","geometry":{"type":"Polygon","coordinates":[[[123.7150796,10.5021728],[123.7150778,10.5020885],[123.7152198,10.5020854],[123.7152217,10.5021698],[123.7150796,10.5021728]]]},"properties":{"id":"ms-1428","kind":"building","storeys":1,"origin":"ai","edited":false,"source":"Microsoft Global ML Building Footprints 2026-02-03 (ODbL)"}},{"type":"Feature","geometry":{"type":"Polygon","coordinates":[[[123.7157823,10.504775],[123.7158359,10.504776],[123.7158344,10.5048561],[123.7157808,10.5048552],[123.7157823,10.504775]]]},"properties":{"id":"ms-1429","kind":"building","storeys":1,"origin":"ai","edited":false,"source":"Microsoft Global ML Building Footprints 2026-02-03 (ODbL)"}},{"type":"Feature","geometry":{"type":"Polygon","coordinates":[[[123.7157978,10.5144595],[123.7157961,10.5143936],[123.7158872,10.5143913],[123.7158897,10.5144862],[123.7158468,10.5144873],[123.7158461,10.5144583],[123.7157978,10.5144595]]]},"properties":{"id":"ms-1430","kind":"building","storeys":1,"origin":"ai","edited":false,"source":"Microsoft Global ML Building Footprints 2026-02-03 (ODbL)"}},{"type":"Feature","geometry":{"type":"Polygon","coordinates":[[[123.7174657,10.5045683],[123.7175252,10.5045891],[123.7174895,10.5046874],[123.71743,10.5046666],[123.7174657,10.5045683]]]},"properties":{"id":"ms-1431","kind":"building","storeys":1,"origin":"ai","edited":false,"source":"Microsoft Global ML Building Footprints 2026-02-03 (ODbL)"}},{"type":"Feature","geometry":{"type":"Polygon","coordinates":[[[123.7175957,10.5102109],[123.717611,10.5101402],[123.7176726,10.5101531],[123.7176835,10.5101026],[123.7177297,10.5101123],[123.7177035,10.5102334],[123.7175957,10.5102109]]]},"properties":{"id":"ms-1432","kind":"building","storeys":1,"origin":"ai","edited":false,"source":"Microsoft Global ML Building Footprints 2026-02-03 (ODbL)"}},{"type":"Feature","geometry":{"type":"Polygon","coordinates":[[[123.718371,10.5000298],[123.7183666,10.5001456],[123.7183211,10.500144],[123.7183255,10.5000281],[123.718371,10.5000298]]]},"properties":{"id":"ms-1433","kind":"building","storeys":1,"origin":"ai","edited":false,"source":"Microsoft Global ML Building Footprints 2026-02-03 (ODbL)"}},{"type":"Feature","geometry":{"type":"Polygon","coordinates":[[[123.7134006,10.5083693],[123.7135296,10.5084004],[123.7135042,10.5085024],[123.7133752,10.5084713],[123.7134006,10.5083693]]]},"properties":{"id":"ms-1434","kind":"building","storeys":1,"origin":"ai","edited":false,"source":"Microsoft Global ML Building Footprints 2026-02-03 (ODbL)"}},{"type":"Feature","geometry":{"type":"Polygon","coordinates":[[[123.7160396,10.5119476],[123.7162004,10.5119935],[123.7161782,10.5120689],[123.7160173,10.512023],[123.7160396,10.5119476]]]},"properties":{"id":"ms-1435","kind":"building","storeys":1,"origin":"ai","edited":false,"source":"Microsoft Global ML Building Footprints 2026-02-03 (ODbL)"}},{"type":"Feature","geometry":{"type":"Polygon","coordinates":[[[123.7163501,10.5088137],[123.7163185,10.5088479],[123.7162896,10.5088222],[123.7163212,10.508788],[123.7163501,10.5088137]]]},"properties":{"id":"ms-1436","kind":"building","storeys":1,"origin":"ai","edited":false,"source":"Microsoft Global ML Building Footprints 2026-02-03 (ODbL)"}},{"type":"Feature","geometry":{"type":"Polygon","coordinates":[[[123.716637,10.5084586],[123.7166486,10.5083634],[123.7167173,10.5083715],[123.7167058,10.5084667],[123.716637,10.5084586]]]},"properties":{"id":"ms-1437","kind":"building","storeys":1,"origin":"ai","edited":false,"source":"Microsoft Global ML Building Footprints 2026-02-03 (ODbL)"}},{"type":"Feature","geometry":{"type":"Polygon","coordinates":[[[123.7177025,10.5050623],[123.7176617,10.5051591],[123.7176297,10.505146],[123.7176704,10.5050493],[123.7177025,10.5050623]]]},"properties":{"id":"ms-1438","kind":"building","storeys":1,"origin":"ai","edited":false,"source":"Microsoft Global ML Building Footprints 2026-02-03 (ODbL)"}},{"type":"Feature","geometry":{"type":"Polygon","coordinates":[[[123.7189296,10.5071755],[123.7188913,10.5072147],[123.7188257,10.5071528],[123.7188641,10.5071136],[123.7189296,10.5071755]]]},"properties":{"id":"ms-1439","kind":"building","storeys":1,"origin":"ai","edited":false,"source":"Microsoft Global ML Building Footprints 2026-02-03 (ODbL)"}},{"type":"Feature","geometry":{"type":"Polygon","coordinates":[[[123.7189855,10.5084265],[123.7189152,10.508489],[123.7188383,10.5084053],[123.7188658,10.5083809],[123.7188992,10.5084172],[123.7189421,10.5083792],[123.7189855,10.5084265]]]},"properties":{"id":"ms-1440","kind":"building","storeys":1,"origin":"ai","edited":false,"source":"Microsoft Global ML Building Footprints 2026-02-03 (ODbL)"}},{"type":"Feature","geometry":{"type":"Polygon","coordinates":[[[123.7198314,10.500075],[123.7199036,10.5000786],[123.7198985,10.5001774],[123.7198316,10.5001741],[123.7198335,10.5001373],[123.719787,10.500135],[123.7197885,10.5001045],[123.7197147,10.5001008],[123.719719,10.5000182],[123.719834,10.5000239],[123.7198314,10.500075]]]},"properties":{"id":"ms-1441","kind":"building","storeys":1,"origin":"ai","edited":false,"source":"Microsoft Global ML Building Footprints 2026-02-03 (ODbL)"}},{"type":"Feature","geometry":{"type":"Polygon","coordinates":[[[123.7108588,10.5092611],[123.710928,10.5091663],[123.7109953,10.5092137],[123.7110594,10.5091259],[123.7111125,10.5091634],[123.7110579,10.5092382],[123.7111039,10.5092707],[123.7110251,10.5093786],[123.7108588,10.5092611]]]},"properties":{"id":"ms-1442","kind":"building","storeys":1,"origin":"ai","edited":false,"source":"Microsoft Global ML Building Footprints 2026-02-03 (ODbL)"}},{"type":"Feature","geometry":{"type":"Polygon","coordinates":[[[123.7125657,10.5078301],[123.7126109,10.5077611],[123.7126932,10.5078132],[123.7127549,10.5077188],[123.712846,10.5077764],[123.7127392,10.5079398],[123.7125657,10.5078301]]]},"properties":{"id":"ms-1443","kind":"building","storeys":1,"origin":"ai","edited":false,"source":"Microsoft Global ML Building Footprints 2026-02-03 (ODbL)"}},{"type":"Feature","geometry":{"type":"Polygon","coordinates":[[[123.7129847,10.505696],[123.712992,10.5056309],[123.7130795,10.5056403],[123.7130722,10.5057055],[123.7129847,10.505696]]]},"properties":{"id":"ms-1444","kind":"building","storeys":1,"origin":"ai","edited":false,"source":"Microsoft Global ML Building Footprints 2026-02-03 (ODbL)"}},{"type":"Feature","geometry":{"type":"Polygon","coordinates":[[[123.7130333,10.5076428],[123.7130754,10.5076794],[123.7130394,10.5077193],[123.7129974,10.5076826],[123.7130333,10.5076428]]]},"properties":{"id":"ms-1445","kind":"building","storeys":1,"origin":"ai","edited":false,"source":"Microsoft Global ML Building Footprints 2026-02-03 (ODbL)"}},{"type":"Feature","geometry":{"type":"Polygon","coordinates":[[[123.7145377,10.5011432],[123.7144868,10.5011449],[123.7144844,10.5010764],[123.7145353,10.5010747],[123.7145377,10.5011432]]]},"properties":{"id":"ms-1446","kind":"building","storeys":1,"origin":"ai","edited":false,"source":"Microsoft Global ML Building Footprints 2026-02-03 (ODbL)"}},{"type":"Feature","geometry":{"type":"Polygon","coordinates":[[[123.71469,10.504159],[123.7147343,10.5040625],[123.7148479,10.504113],[123.7148037,10.5042094],[123.71469,10.504159]]]},"properties":{"id":"ms-1447","kind":"building","storeys":1,"origin":"ai","edited":false,"source":"Microsoft Global ML Building Footprints 2026-02-03 (ODbL)"}},{"type":"Feature","geometry":{"type":"Polygon","coordinates":[[[123.7156134,10.5015458],[123.7156157,10.5016259],[123.7155047,10.501629],[123.7155023,10.5015489],[123.7156134,10.5015458]]]},"properties":{"id":"ms-1448","kind":"building","storeys":1,"origin":"ai","edited":false,"source":"Microsoft Global ML Building Footprints 2026-02-03 (ODbL)"}},{"type":"Feature","geometry":{"type":"Polygon","coordinates":[[[123.7164813,10.506659],[123.7166153,10.5066542],[123.71662,10.5067833],[123.7164861,10.5067881],[123.7164813,10.506659]]]},"properties":{"id":"ms-1449","kind":"building","storeys":1,"origin":"ai","edited":false,"source":"Microsoft Global ML Building Footprints 2026-02-03 (ODbL)"}},{"type":"Feature","geometry":{"type":"Polygon","coordinates":[[[123.7179445,10.5030187],[123.7179399,10.5031646],[123.7178715,10.5031625],[123.7178761,10.5030166],[123.7179445,10.5030187]]]},"properties":{"id":"ms-1450","kind":"building","storeys":1,"origin":"ai","edited":false,"source":"Microsoft Global ML Building Footprints 2026-02-03 (ODbL)"}},{"type":"Feature","geometry":{"type":"Polygon","coordinates":[[[123.7119192,10.5090436],[123.7118813,10.5091133],[123.7118104,10.509076],[123.7118483,10.5090063],[123.7119192,10.5090436]]]},"properties":{"id":"ms-1451","kind":"building","storeys":1,"origin":"ai","edited":false,"source":"Microsoft Global ML Building Footprints 2026-02-03 (ODbL)"}},{"type":"Feature","geometry":{"type":"Polygon","coordinates":[[[123.7126121,10.5065439],[123.7126802,10.506457],[123.712819,10.5065623],[123.7127509,10.5066492],[123.7126121,10.5065439]]]},"properties":{"id":"ms-1452","kind":"building","storeys":1,"origin":"ai","edited":false,"source":"Microsoft Global ML Building Footprints 2026-02-03 (ODbL)"}},{"type":"Feature","geometry":{"type":"Polygon","coordinates":[[[123.7128701,10.5068791],[123.7128469,10.5069327],[123.7127947,10.5069108],[123.7128179,10.5068572],[123.7128701,10.5068791]]]},"properties":{"id":"ms-1453","kind":"building","storeys":1,"origin":"ai","edited":false,"source":"Microsoft Global ML Building Footprints 2026-02-03 (ODbL)"}},{"type":"Feature","geometry":{"type":"Polygon","coordinates":[[[123.7148851,10.5029961],[123.7148649,10.5032025],[123.7146378,10.503181],[123.71464,10.5031586],[123.7143834,10.5031343],[123.7143976,10.5029895],[123.7144348,10.502993],[123.7144455,10.5028844],[123.7146395,10.5029027],[123.7146327,10.5029722],[123.7148851,10.5029961]]]},"properties":{"id":"ms-1454","kind":"building","storeys":1,"origin":"ai","edited":false,"source":"Microsoft Global ML Building Footprints 2026-02-03 (ODbL)"}},{"type":"Feature","geometry":{"type":"Polygon","coordinates":[[[123.7155579,10.5044232],[123.7155371,10.5044897],[123.7154868,10.5044745],[123.7155076,10.504408],[123.7155579,10.5044232]]]},"properties":{"id":"ms-1455","kind":"building","storeys":1,"origin":"ai","edited":false,"source":"Microsoft Global ML Building Footprints 2026-02-03 (ODbL)"}},{"type":"Feature","geometry":{"type":"Polygon","coordinates":[[[123.7174222,10.5065463],[123.7174168,10.5066304],[123.7173554,10.5066266],[123.7173608,10.5065425],[123.7174222,10.5065463]]]},"properties":{"id":"ms-1456","kind":"building","storeys":1,"origin":"ai","edited":false,"source":"Microsoft Global ML Building Footprints 2026-02-03 (ODbL)"}},{"type":"Feature","geometry":{"type":"Polygon","coordinates":[[[123.7175026,10.5138025],[123.717575,10.5138003],[123.7175777,10.513889],[123.7175053,10.5138911],[123.7175026,10.5138025]]]},"properties":{"id":"ms-1457","kind":"building","storeys":1,"origin":"ai","edited":false,"source":"Microsoft Global ML Building Footprints 2026-02-03 (ODbL)"}},{"type":"Feature","geometry":{"type":"Polygon","coordinates":[[[123.7187175,10.5022868],[123.7186851,10.5023567],[123.718654,10.5023428],[123.7186864,10.5022729],[123.7187175,10.5022868]]]},"properties":{"id":"ms-1458","kind":"building","storeys":1,"origin":"ai","edited":false,"source":"Microsoft Global ML Building Footprints 2026-02-03 (ODbL)"}},{"type":"Feature","geometry":{"type":"Polygon","coordinates":[[[123.711295,10.5095487],[123.7113481,10.5094804],[123.7114148,10.5095305],[123.7113617,10.5095988],[123.711295,10.5095487]]]},"properties":{"id":"ms-1459","kind":"building","storeys":1,"origin":"ai","edited":false,"source":"Microsoft Global ML Building Footprints 2026-02-03 (ODbL)"}},{"type":"Feature","geometry":{"type":"Polygon","coordinates":[[[123.7116638,10.5084711],[123.7116464,10.5085176],[123.7115921,10.5084979],[123.7116095,10.5084514],[123.7116638,10.5084711]]]},"properties":{"id":"ms-1460","kind":"building","storeys":1,"origin":"ai","edited":false,"source":"Microsoft Global ML Building Footprints 2026-02-03 (ODbL)"}},{"type":"Feature","geometry":{"type":"Polygon","coordinates":[[[123.7124294,10.5087023],[123.7123701,10.5086379],[123.7124172,10.5085959],[123.7124766,10.5086603],[123.7124294,10.5087023]]]},"properties":{"id":"ms-1461","kind":"building","storeys":1,"origin":"ai","edited":false,"source":"Microsoft Global ML Building Footprints 2026-02-03 (ODbL)"}},{"type":"Feature","geometry":{"type":"Polygon","coordinates":[[[123.7128397,10.505682],[123.7128483,10.5056133],[123.712897,10.5056192],[123.7128884,10.5056879],[123.7128397,10.505682]]]},"properties":{"id":"ms-1462","kind":"building","storeys":1,"origin":"ai","edited":false,"source":"Microsoft Global ML Building Footprints 2026-02-03 (ODbL)"}},{"type":"Feature","geometry":{"type":"Polygon","coordinates":[[[123.7131412,10.5087684],[123.7131236,10.5088463],[123.7130632,10.5088332],[123.7130808,10.5087552],[123.7131412,10.5087684]]]},"properties":{"id":"ms-1463","kind":"building","storeys":1,"origin":"ai","edited":false,"source":"Microsoft Global ML Building Footprints 2026-02-03 (ODbL)"}},{"type":"Feature","geometry":{"type":"Polygon","coordinates":[[[123.7143195,10.5015874],[123.7143293,10.5012765],[123.7145356,10.5012827],[123.7145259,10.5015936],[123.7143195,10.5015874]]]},"properties":{"id":"ms-1464","kind":"building","storeys":1,"origin":"ai","edited":false,"source":"Microsoft Global ML Building Footprints 2026-02-03 (ODbL)"}},{"type":"Feature","geometry":{"type":"Polygon","coordinates":[[[123.7153241,10.5015657],[123.7153679,10.5015689],[123.7153623,10.5016424],[123.7153185,10.5016391],[123.7153241,10.5015657]]]},"properties":{"id":"ms-1465","kind":"building","storeys":1,"origin":"ai","edited":false,"source":"Microsoft Global ML Building Footprints 2026-02-03 (ODbL)"}},{"type":"Feature","geometry":{"type":"Polygon","coordinates":[[[123.7157225,10.5027008],[123.715672,10.5026961],[123.7156802,10.5026114],[123.7157307,10.5026162],[123.7157225,10.5027008]]]},"properties":{"id":"ms-1466","kind":"building","storeys":1,"origin":"ai","edited":false,"source":"Microsoft Global ML Building Footprints 2026-02-03 (ODbL)"}},{"type":"Feature","geometry":{"type":"Polygon","coordinates":[[[123.7159432,10.5051518],[123.7159269,10.5052303],[123.715815,10.5052077],[123.7158313,10.5051293],[123.7159432,10.5051518]]]},"properties":{"id":"ms-1467","kind":"building","storeys":1,"origin":"ai","edited":false,"source":"Microsoft Global ML Building Footprints 2026-02-03 (ODbL)"}},{"type":"Feature","geometry":{"type":"Polygon","coordinates":[[[123.7160686,10.5118234],[123.715916,10.5118172],[123.7159233,10.5116424],[123.716076,10.5116486],[123.7160686,10.5118234]]]},"properties":{"id":"ms-1468","kind":"building","storeys":1,"origin":"ai","edited":false,"source":"Microsoft Global ML Building Footprints 2026-02-03 (ODbL)"}},{"type":"Feature","geometry":{"type":"Polygon","coordinates":[[[123.7167455,10.5016023],[123.7167464,10.5014906],[123.7167625,10.5014907],[123.7167621,10.5015461],[123.7167728,10.5015462],[123.7167722,10.5016174],[123.7168875,10.5016184],[123.716887,10.5016747],[123.716836,10.5016743],[123.7168358,10.5017023],[123.7166829,10.501701],[123.7166838,10.5016018],[123.7167455,10.5016023]]]},"properties":{"id":"ms-1469","kind":"building","storeys":1,"origin":"ai","edited":false,"source":"Microsoft Global ML Building Footprints 2026-02-03 (ODbL)"}},{"type":"Feature","geometry":{"type":"Polygon","coordinates":[[[123.7181563,10.5087672],[123.71819,10.5086735],[123.718263,10.5086988],[123.7182294,10.5087926],[123.7181563,10.5087672]]]},"properties":{"id":"ms-1470","kind":"building","storeys":1,"origin":"ai","edited":false,"source":"Microsoft Global ML Building Footprints 2026-02-03 (ODbL)"}},{"type":"Feature","geometry":{"type":"Polygon","coordinates":[[[123.7182964,10.5049729],[123.7182559,10.5051032],[123.7181725,10.5050781],[123.718213,10.5049479],[123.7182964,10.5049729]]]},"properties":{"id":"ms-1471","kind":"building","storeys":1,"origin":"ai","edited":false,"source":"Microsoft Global ML Building Footprints 2026-02-03 (ODbL)"}},{"type":"Feature","geometry":{"type":"Polygon","coordinates":[[[123.7187472,10.5090647],[123.7187895,10.5089782],[123.7189006,10.5090308],[123.7188582,10.5091173],[123.7187472,10.5090647]]]},"properties":{"id":"ms-1472","kind":"building","storeys":1,"origin":"ai","edited":false,"source":"Microsoft Global ML Building Footprints 2026-02-03 (ODbL)"}},{"type":"Feature","geometry":{"type":"Polygon","coordinates":[[[123.7202311,10.504266],[123.7202967,10.504314],[123.7202363,10.5043938],[123.7201707,10.5043458],[123.7202311,10.504266]]]},"properties":{"id":"ms-1473","kind":"building","storeys":1,"origin":"ai","edited":false,"source":"Microsoft Global ML Building Footprints 2026-02-03 (ODbL)"}},{"type":"Feature","geometry":{"type":"Polygon","coordinates":[[[123.7121604,10.5087936],[123.7122117,10.5088323],[123.7121786,10.5088747],[123.7121274,10.508836],[123.7121604,10.5087936]]]},"properties":{"id":"ms-1474","kind":"building","storeys":1,"origin":"ai","edited":false,"source":"Microsoft Global ML Building Footprints 2026-02-03 (ODbL)"}},{"type":"Feature","geometry":{"type":"Polygon","coordinates":[[[123.7132513,10.5068208],[123.7133153,10.5068469],[123.7132687,10.5069571],[123.7132047,10.5069309],[123.7132513,10.5068208]]]},"properties":{"id":"ms-1475","kind":"building","storeys":1,"origin":"ai","edited":false,"source":"Microsoft Global ML Building Footprints 2026-02-03 (ODbL)"}},{"type":"Feature","geometry":{"type":"Polygon","coordinates":[[[123.7139758,10.5034219],[123.7139555,10.5035152],[123.7138427,10.5034914],[123.713863,10.5033981],[123.7139758,10.5034219]]]},"properties":{"id":"ms-1476","kind":"building","storeys":1,"origin":"ai","edited":false,"source":"Microsoft Global ML Building Footprints 2026-02-03 (ODbL)"}},{"type":"Feature","geometry":{"type":"Polygon","coordinates":[[[123.7145766,10.5085079],[123.7145777,10.508578],[123.7145375,10.5085786],[123.7145363,10.5085086],[123.7145766,10.5085079]]]},"properties":{"id":"ms-1477","kind":"building","storeys":1,"origin":"ai","edited":false,"source":"Microsoft Global ML Building Footprints 2026-02-03 (ODbL)"}},{"type":"Feature","geometry":{"type":"Polygon","coordinates":[[[123.7160186,10.5048431],[123.7160835,10.5045856],[123.7161593,10.504604],[123.7160945,10.5048615],[123.7160186,10.5048431]]]},"properties":{"id":"ms-1478","kind":"building","storeys":1,"origin":"ai","edited":false,"source":"Microsoft Global ML Building Footprints 2026-02-03 (ODbL)"}},{"type":"Feature","geometry":{"type":"Polygon","coordinates":[[[123.7163115,10.5009709],[123.7162627,10.5009897],[123.7162418,10.5009371],[123.7162907,10.5009183],[123.7163115,10.5009709]]]},"properties":{"id":"ms-1479","kind":"building","storeys":1,"origin":"ai","edited":false,"source":"Microsoft Global ML Building Footprints 2026-02-03 (ODbL)"}},{"type":"Feature","geometry":{"type":"Polygon","coordinates":[[[123.7163503,10.50474],[123.7163997,10.5046106],[123.716509,10.5046509],[123.7164596,10.5047803],[123.7163503,10.50474]]]},"properties":{"id":"ms-1480","kind":"building","storeys":1,"origin":"ai","edited":false,"source":"Microsoft Global ML Building Footprints 2026-02-03 (ODbL)"}},{"type":"Feature","geometry":{"type":"Polygon","coordinates":[[[123.7166592,10.5013251],[123.7166667,10.5013632],[123.7166112,10.5013737],[123.7166038,10.5013356],[123.7166592,10.5013251]]]},"properties":{"id":"ms-1481","kind":"building","storeys":1,"origin":"ai","edited":false,"source":"Microsoft Global ML Building Footprints 2026-02-03 (ODbL)"}},{"type":"Feature","geometry":{"type":"Polygon","coordinates":[[[123.7179924,10.5050051],[123.7180207,10.5049252],[123.7181619,10.5049735],[123.7181335,10.5050535],[123.7179924,10.5050051]]]},"properties":{"id":"ms-1482","kind":"building","storeys":1,"origin":"ai","edited":false,"source":"Microsoft Global ML Building Footprints 2026-02-03 (ODbL)"}},{"type":"Feature","geometry":{"type":"Polygon","coordinates":[[[123.7187142,10.5148552],[123.7186727,10.5148532],[123.7186762,10.5147837],[123.7187177,10.5147857],[123.7187142,10.5148552]]]},"properties":{"id":"ms-1483","kind":"building","storeys":1,"origin":"ai","edited":false,"source":"Microsoft Global ML Building Footprints 2026-02-03 (ODbL)"}},{"type":"Feature","geometry":{"type":"Polygon","coordinates":[[[123.7200786,10.5006958],[123.7201009,10.5006334],[123.7201735,10.5006584],[123.7201513,10.5007208],[123.7200786,10.5006958]]]},"properties":{"id":"ms-1484","kind":"building","storeys":1,"origin":"ai","edited":false,"source":"Microsoft Global ML Building Footprints 2026-02-03 (ODbL)"}},{"type":"Feature","geometry":{"type":"Polygon","coordinates":[[[123.7109333,10.5102894],[123.710899,10.5102742],[123.7109225,10.5102227],[123.711055,10.5102813],[123.7110013,10.5103986],[123.7109032,10.5103552],[123.7109333,10.5102894]]]},"properties":{"id":"ms-1485","kind":"building","storeys":1,"origin":"ai","edited":false,"source":"Microsoft Global ML Building Footprints 2026-02-03 (ODbL)"}},{"type":"Feature","geometry":{"type":"Polygon","coordinates":[[[123.71468,10.5041798],[123.71476,10.5042156],[123.7147428,10.5042527],[123.7147829,10.5042706],[123.7147546,10.5043318],[123.7148169,10.5043596],[123.7147785,10.5044427],[123.7145961,10.5043613],[123.71468,10.5041798]]]},"properties":{"id":"ms-1486","kind":"building","storeys":1,"origin":"ai","edited":false,"source":"Microsoft Global ML Building Footprints 2026-02-03 (ODbL)"}},{"type":"Feature","geometry":{"type":"Polygon","coordinates":[[[123.7159173,10.5053579],[123.7160229,10.5053712],[123.716008,10.5054854],[123.7159024,10.505472],[123.7159173,10.5053579]]]},"properties":{"id":"ms-1487","kind":"building","storeys":1,"origin":"ai","edited":false,"source":"Microsoft Global ML Building Footprints 2026-02-03 (ODbL)"}},{"type":"Feature","geometry":{"type":"Polygon","coordinates":[[[123.7163149,10.5065437],[123.716283,10.5066982],[123.7161501,10.5066718],[123.716182,10.5065173],[123.7163149,10.5065437]]]},"properties":{"id":"ms-1488","kind":"building","storeys":1,"origin":"ai","edited":false,"source":"Microsoft Global ML Building Footprints 2026-02-03 (ODbL)"}},{"type":"Feature","geometry":{"type":"Polygon","coordinates":[[[123.7179698,10.5050349],[123.7179809,10.5049986],[123.7180511,10.5050193],[123.71804,10.5050556],[123.7179698,10.5050349]]]},"properties":{"id":"ms-1489","kind":"building","storeys":1,"origin":"ai","edited":false,"source":"Microsoft Global ML Building Footprints 2026-02-03 (ODbL)"}},{"type":"Feature","geometry":{"type":"Polygon","coordinates":[[[123.7185843,10.5083074],[123.7185531,10.5083349],[123.7185126,10.5082906],[123.7185438,10.508263],[123.7185843,10.5083074]]]},"properties":{"id":"ms-1490","kind":"building","storeys":1,"origin":"ai","edited":false,"source":"Microsoft Global ML Building Footprints 2026-02-03 (ODbL)"}},{"type":"Feature","geometry":{"type":"Polygon","coordinates":[[[123.7111484,10.508859],[123.7111773,10.5088135],[123.7112159,10.5088372],[123.711187,10.5088827],[123.7111484,10.508859]]]},"properties":{"id":"ms-1491","kind":"building","storeys":1,"origin":"ai","edited":false,"source":"Microsoft Global ML Building Footprints 2026-02-03 (ODbL)"}},{"type":"Feature","geometry":{"type":"Polygon","coordinates":[[[123.7124881,10.5090631],[123.7125323,10.5089616],[123.7126162,10.5089968],[123.712572,10.5090983],[123.7124881,10.5090631]]]},"properties":{"id":"ms-1492","kind":"building","storeys":1,"origin":"ai","edited":false,"source":"Microsoft Global ML Building Footprints 2026-02-03 (ODbL)"}},{"type":"Feature","geometry":{"type":"Polygon","coordinates":[[[123.7125357,10.5070882],[123.712594,10.5070944],[123.7125891,10.5071387],[123.7125308,10.5071325],[123.7125357,10.5070882]]]},"properties":{"id":"ms-1493","kind":"building","storeys":1,"origin":"ai","edited":false,"source":"Microsoft Global ML Building Footprints 2026-02-03 (ODbL)"}},{"type":"Feature","geometry":{"type":"Polygon","coordinates":[[[123.7162634,10.5017097],[123.7163169,10.5017123],[123.716318,10.5016912],[123.7163581,10.5016932],[123.7163538,10.501779],[123.7162601,10.5017745],[123.7162634,10.5017097]]]},"properties":{"id":"ms-1494","kind":"building","storeys":1,"origin":"ai","edited":false,"source":"Microsoft Global ML Building Footprints 2026-02-03 (ODbL)"}},{"type":"Feature","geometry":{"type":"Polygon","coordinates":[[[123.7171979,10.5102189],[123.717278,10.5100697],[123.7173905,10.510128],[123.7173104,10.5102773],[123.7171979,10.5102189]]]},"properties":{"id":"ms-1495","kind":"building","storeys":1,"origin":"ai","edited":false,"source":"Microsoft Global ML Building Footprints 2026-02-03 (ODbL)"}},{"type":"Feature","geometry":{"type":"Polygon","coordinates":[[[123.720091,10.5067659],[123.7201727,10.506784],[123.720148,10.5068919],[123.7200663,10.5068738],[123.720091,10.5067659]]]},"properties":{"id":"ms-1496","kind":"building","storeys":1,"origin":"ai","edited":false,"source":"Microsoft Global ML Building Footprints 2026-02-03 (ODbL)"}},{"type":"Feature","geometry":{"type":"Polygon","coordinates":[[[123.7206381,10.5029195],[123.7206698,10.5029232],[123.7206646,10.502966],[123.7206329,10.5029622],[123.7206381,10.5029195]]]},"properties":{"id":"ms-1497","kind":"building","storeys":1,"origin":"ai","edited":false,"source":"Microsoft Global ML Building Footprints 2026-02-03 (ODbL)"}},{"type":"Feature","geometry":{"type":"Polygon","coordinates":[[[123.7114309,10.5107777],[123.7113807,10.5107648],[123.7113991,10.5106957],[123.7115221,10.5107273],[123.7115109,10.5107693],[123.7114381,10.5107506],[123.7114309,10.5107777]]]},"properties":{"id":"ms-1498","kind":"building","storeys":1,"origin":"ai","edited":false,"source":"Microsoft Global ML Building Footprints 2026-02-03 (ODbL)"}},{"type":"Feature","geometry":{"type":"Polygon","coordinates":[[[123.7116081,10.5093589],[123.7116765,10.5093891],[123.7116495,10.5094484],[123.7115811,10.5094182],[123.7116081,10.5093589]]]},"properties":{"id":"ms-1499","kind":"building","storeys":1,"origin":"ai","edited":false,"source":"Microsoft Global ML Building Footprints 2026-02-03 (ODbL)"}},{"type":"Feature","geometry":{"type":"Polygon","coordinates":[[[123.7144521,10.511696],[123.7144605,10.5116071],[123.7145122,10.5116119],[123.7145037,10.5117007],[123.7144521,10.511696]]]},"properties":{"id":"ms-1500","kind":"building","storeys":1,"origin":"ai","edited":false,"source":"Microsoft Global ML Building Footprints 2026-02-03 (ODbL)"}},{"type":"Feature","geometry":{"type":"Polygon","coordinates":[[[123.7147844,10.5011676],[123.7147871,10.5012994],[123.7146745,10.5013017],[123.7146718,10.5011699],[123.7147844,10.5011676]]]},"properties":{"id":"ms-1501","kind":"building","storeys":1,"origin":"ai","edited":false,"source":"Microsoft Global ML Building Footprints 2026-02-03 (ODbL)"}},{"type":"Feature","geometry":{"type":"Polygon","coordinates":[[[123.7154167,10.5127938],[123.715419,10.5128306],[123.7153536,10.5128345],[123.7153513,10.5127977],[123.7154167,10.5127938]]]},"properties":{"id":"ms-1502","kind":"building","storeys":1,"origin":"ai","edited":false,"source":"Microsoft Global ML Building Footprints 2026-02-03 (ODbL)"}},{"type":"Feature","geometry":{"type":"Polygon","coordinates":[[[123.7157886,10.5002667],[123.7157272,10.5002707],[123.7157214,10.5001851],[123.7157829,10.5001811],[123.7157886,10.5002667]]]},"properties":{"id":"ms-1503","kind":"building","storeys":1,"origin":"ai","edited":false,"source":"Microsoft Global ML Building Footprints 2026-02-03 (ODbL)"}},{"type":"Feature","geometry":{"type":"Polygon","coordinates":[[[123.7166548,10.5023817],[123.7166052,10.5023795],[123.7166041,10.5024032],[123.7167299,10.5024088],[123.7167271,10.5024693],[123.7165692,10.5024623],[123.7165835,10.5021508],[123.7166653,10.5021544],[123.7166548,10.5023817]]]},"properties":{"id":"ms-1504","kind":"building","storeys":1,"origin":"ai","edited":false,"source":"Microsoft Global ML Building Footprints 2026-02-03 (ODbL)"}},{"type":"Feature","geometry":{"type":"Polygon","coordinates":[[[123.7166586,10.5102801],[123.71664,10.5103714],[123.7165755,10.5103587],[123.7165941,10.5102674],[123.7166586,10.5102801]]]},"properties":{"id":"ms-1505","kind":"building","storeys":1,"origin":"ai","edited":false,"source":"Microsoft Global ML Building Footprints 2026-02-03 (ODbL)"}},{"type":"Feature","geometry":{"type":"Polygon","coordinates":[[[123.7174595,10.5047754],[123.7174255,10.5048397],[123.7173422,10.5047971],[123.7173762,10.5047327],[123.7174595,10.5047754]]]},"properties":{"id":"ms-1506","kind":"building","storeys":1,"origin":"ai","edited":false,"source":"Microsoft Global ML Building Footprints 2026-02-03 (ODbL)"}},{"type":"Feature","geometry":{"type":"Polygon","coordinates":[[[123.7191792,10.5086613],[123.7192707,10.50872],[123.7192327,10.5087774],[123.7192816,10.5088088],[123.7192342,10.5088801],[123.7192556,10.5088938],[123.7192268,10.5089371],[123.7191735,10.5089029],[123.719198,10.5088659],[123.7190915,10.5087976],[123.7191092,10.5087709],[123.7190923,10.50876],[123.7191261,10.508709],[123.7191412,10.5087187],[123.7191792,10.5086613]]]},"properties":{"id":"ms-1507","kind":"building","storeys":1,"origin":"ai","edited":false,"source":"Microsoft Global ML Building Footprints 2026-02-03 (ODbL)"}},{"type":"Feature","geometry":{"type":"Polygon","coordinates":[[[123.7195715,10.5060768],[123.7196309,10.505927],[123.7197659,10.5059787],[123.7197066,10.5061285],[123.7195715,10.5060768]]]},"properties":{"id":"ms-1508","kind":"building","storeys":1,"origin":"ai","edited":false,"source":"Microsoft Global ML Building Footprints 2026-02-03 (ODbL)"}},{"type":"Feature","geometry":{"type":"Polygon","coordinates":[[[123.7139991,10.5042088],[123.7141729,10.5042814],[123.7141665,10.5042961],[123.7143983,10.5043929],[123.7143413,10.5045247],[123.7141107,10.5044284],[123.7141233,10.5043993],[123.7139767,10.5043381],[123.7139902,10.5043068],[123.7139619,10.504295],[123.7139991,10.5042088]]]},"properties":{"id":"ms-1509","kind":"building","storeys":1,"origin":"ai","edited":false,"source":"Microsoft Global ML Building Footprints 2026-02-03 (ODbL)"}},{"type":"Feature","geometry":{"type":"Polygon","coordinates":[[[123.7150194,10.5036022],[123.7149175,10.5036048],[123.7149148,10.5035047],[123.7150166,10.503502],[123.7150194,10.5036022]]]},"properties":{"id":"ms-1510","kind":"building","storeys":1,"origin":"ai","edited":false,"source":"Microsoft Global ML Building Footprints 2026-02-03 (ODbL)"}},{"type":"Feature","geometry":{"type":"Polygon","coordinates":[[[123.7150405,10.5097009],[123.7151747,10.5097501],[123.715155,10.509802],[123.7150208,10.5097528],[123.7150405,10.5097009]]]},"properties":{"id":"ms-1511","kind":"building","storeys":1,"origin":"ai","edited":false,"source":"Microsoft Global ML Building Footprints 2026-02-03 (ODbL)"}},{"type":"Feature","geometry":{"type":"Polygon","coordinates":[[[123.7150756,10.5120883],[123.7151443,10.5120801],[123.7151546,10.5121632],[123.7150859,10.5121715],[123.7150756,10.5120883]]]},"properties":{"id":"ms-1512","kind":"building","storeys":1,"origin":"ai","edited":false,"source":"Microsoft Global ML Building Footprints 2026-02-03 (ODbL)"}},{"type":"Feature","geometry":{"type":"Polygon","coordinates":[[[123.71727,10.5041805],[123.7172225,10.5041744],[123.7172294,10.5041225],[123.7172768,10.5041286],[123.71727,10.5041805]]]},"properties":{"id":"ms-1513","kind":"building","storeys":1,"origin":"ai","edited":false,"source":"Microsoft Global ML Building Footprints 2026-02-03 (ODbL)"}},{"type":"Feature","geometry":{"type":"Polygon","coordinates":[[[123.7119497,10.5072444],[123.711981,10.5072719],[123.7119344,10.5073232],[123.7119031,10.5072957],[123.7119497,10.5072444]]]},"properties":{"id":"ms-1514","kind":"building","storeys":1,"origin":"ai","edited":false,"source":"Microsoft Global ML Building Footprints 2026-02-03 (ODbL)"}},{"type":"Feature","geometry":{"type":"Polygon","coordinates":[[[123.7127024,10.5059483],[123.7126329,10.5059152],[123.712713,10.5057529],[123.7127825,10.5057861],[123.7127024,10.5059483]]]},"properties":{"id":"ms-1515","kind":"building","storeys":1,"origin":"ai","edited":false,"source":"Microsoft Global ML Building Footprints 2026-02-03 (ODbL)"}},{"type":"Feature","geometry":{"type":"Polygon","coordinates":[[[123.7138799,10.5028399],[123.7138686,10.5028985],[123.7137573,10.5028776],[123.7137686,10.5028191],[123.7138799,10.5028399]]]},"properties":{"id":"ms-1516","kind":"building","storeys":1,"origin":"ai","edited":false,"source":"Microsoft Global ML Building Footprints 2026-02-03 (ODbL)"}},{"type":"Feature","geometry":{"type":"Polygon","coordinates":[[[123.7139958,10.5088793],[123.7140123,10.5088092],[123.7140607,10.5088202],[123.7140442,10.5088903],[123.7139958,10.5088793]]]},"properties":{"id":"ms-1517","kind":"building","storeys":1,"origin":"ai","edited":false,"source":"Microsoft Global ML Building Footprints 2026-02-03 (ODbL)"}},{"type":"Feature","geometry":{"type":"Polygon","coordinates":[[[123.7153354,10.5038395],[123.715339,10.5037976],[123.715395,10.5038022],[123.7153914,10.5038441],[123.7153354,10.5038395]]]},"properties":{"id":"ms-1518","kind":"building","storeys":1,"origin":"ai","edited":false,"source":"Microsoft Global ML Building Footprints 2026-02-03 (ODbL)"}},{"type":"Feature","geometry":{"type":"Polygon","coordinates":[[[123.7157934,10.5045247],[123.7158188,10.5043879],[123.715946,10.5044106],[123.7159167,10.5045689],[123.7159634,10.5045773],[123.7159483,10.5046589],[123.7158445,10.5046404],[123.7158635,10.5045373],[123.7157934,10.5045247]]]},"properties":{"id":"ms-1519","kind":"building","storeys":1,"origin":"ai","edited":false,"source":"Microsoft Global ML Building Footprints 2026-02-03 (ODbL)"}},{"type":"Feature","geometry":{"type":"Polygon","coordinates":[[[123.7163484,10.50294],[123.7163802,10.5029368],[123.7163849,10.5029829],[123.716353,10.502986],[123.7163484,10.50294]]]},"properties":{"id":"ms-1520","kind":"building","storeys":1,"origin":"ai","edited":false,"source":"Microsoft Global ML Building Footprints 2026-02-03 (ODbL)"}},{"type":"Feature","geometry":{"type":"Polygon","coordinates":[[[123.7178917,10.505358],[123.717928,10.5052395],[123.7180263,10.5052686],[123.71799,10.5053871],[123.7178917,10.505358]]]},"properties":{"id":"ms-1521","kind":"building","storeys":1,"origin":"ai","edited":false,"source":"Microsoft Global ML Building Footprints 2026-02-03 (ODbL)"}},{"type":"Feature","geometry":{"type":"Polygon","coordinates":[[[123.7180084,10.5022576],[123.7180059,10.5022023],[123.7180633,10.5021997],[123.7180658,10.502255],[123.7180084,10.5022576]]]},"properties":{"id":"ms-1522","kind":"building","storeys":1,"origin":"ai","edited":false,"source":"Microsoft Global ML Building Footprints 2026-02-03 (ODbL)"}},{"type":"Feature","geometry":{"type":"Polygon","coordinates":[[[123.7196053,10.5028368],[123.7196622,10.5028605],[123.7196294,10.5029365],[123.7195726,10.5029128],[123.7196053,10.5028368]]]},"properties":{"id":"ms-1523","kind":"building","storeys":1,"origin":"ai","edited":false,"source":"Microsoft Global ML Building Footprints 2026-02-03 (ODbL)"}},{"type":"Feature","geometry":{"type":"Polygon","coordinates":[[[123.7132035,10.5057218],[123.713183,10.5057652],[123.7131344,10.505743],[123.7131068,10.5058015],[123.7130538,10.5057773],[123.713102,10.5056754],[123.7132035,10.5057218]]]},"properties":{"id":"ms-1524","kind":"building","storeys":1,"origin":"ai","edited":false,"source":"Microsoft Global ML Building Footprints 2026-02-03 (ODbL)"}},{"type":"Feature","geometry":{"type":"Polygon","coordinates":[[[123.7134798,10.5064119],[123.7134171,10.5063818],[123.7134499,10.5063158],[123.7135126,10.5063459],[123.7134798,10.5064119]]]},"properties":{"id":"ms-1525","kind":"building","storeys":1,"origin":"ai","edited":false,"source":"Microsoft Global ML Building Footprints 2026-02-03 (ODbL)"}},{"type":"Feature","geometry":{"type":"Polygon","coordinates":[[[123.7159861,10.5060244],[123.7159997,10.5059152],[123.7160896,10.505926],[123.716076,10.5060352],[123.7159861,10.5060244]]]},"properties":{"id":"ms-1526","kind":"building","storeys":1,"origin":"ai","edited":false,"source":"Microsoft Global ML Building Footprints 2026-02-03 (ODbL)"}},{"type":"Feature","geometry":{"type":"Polygon","coordinates":[[[123.7156388,10.502479],[123.7156319,10.5026518],[123.7156668,10.5026531],[123.7156648,10.5027016],[123.7155684,10.5026979],[123.7155746,10.5025415],[123.7155973,10.5025423],[123.7155999,10.5024775],[123.7156388,10.502479]]]},"properties":{"id":"ms-1527","kind":"building","storeys":1,"origin":"ai","edited":false,"source":"Microsoft Global ML Building Footprints 2026-02-03 (ODbL)"}},{"type":"Feature","geometry":{"type":"Polygon","coordinates":[[[123.7158483,10.5011774],[123.7159522,10.5011397],[123.7159687,10.5011838],[123.7158649,10.5012215],[123.7158483,10.5011774]]]},"properties":{"id":"ms-1528","kind":"building","storeys":1,"origin":"ai","edited":false,"source":"Microsoft Global ML Building Footprints 2026-02-03 (ODbL)"}},{"type":"Feature","geometry":{"type":"Polygon","coordinates":[[[123.7162236,10.5112097],[123.7162244,10.5111781],[123.7161547,10.5111763],[123.7161554,10.51115],[123.7161259,10.5111492],[123.716127,10.5111097],[123.7162637,10.5111132],[123.7162611,10.5112107],[123.7162236,10.5112097]]]},"properties":{"id":"ms-1529","kind":"building","storeys":1,"origin":"ai","edited":false,"source":"Microsoft Global ML Building Footprints 2026-02-03 (ODbL)"}},{"type":"Feature","geometry":{"type":"Polygon","coordinates":[[[123.7169003,10.5036304],[123.7169238,10.5035647],[123.7169119,10.5035606],[123.7169417,10.5034776],[123.7170264,10.503507],[123.7169731,10.5036556],[123.7169003,10.5036304]]]},"properties":{"id":"ms-1530","kind":"building","storeys":1,"origin":"ai","edited":false,"source":"Microsoft Global ML Building Footprints 2026-02-03 (ODbL)"}},{"type":"Feature","geometry":{"type":"Polygon","coordinates":[[[123.7174104,10.5080985],[123.7175301,10.5081525],[123.7174837,10.5082519],[123.717364,10.508198],[123.7174104,10.5080985]]]},"properties":{"id":"ms-1531","kind":"building","storeys":1,"origin":"ai","edited":false,"source":"Microsoft Global ML Building Footprints 2026-02-03 (ODbL)"}},{"type":"Feature","geometry":{"type":"Polygon","coordinates":[[[123.7176638,10.5080343],[123.7175925,10.5080314],[123.7175949,10.5079735],[123.717551,10.5079718],[123.7175524,10.5079375],[123.7176675,10.5079421],[123.7176638,10.5080343]]]},"properties":{"id":"ms-1532","kind":"building","storeys":1,"origin":"ai","edited":false,"source":"Microsoft Global ML Building Footprints 2026-02-03 (ODbL)"}},{"type":"Feature","geometry":{"type":"Polygon","coordinates":[[[123.7183796,10.5022347],[123.718423,10.5022525],[123.718394,10.5023208],[123.7183506,10.502303],[123.7183796,10.5022347]]]},"properties":{"id":"ms-1533","kind":"building","storeys":1,"origin":"ai","edited":false,"source":"Microsoft Global ML Building Footprints 2026-02-03 (ODbL)"}},{"type":"Feature","geometry":{"type":"Polygon","coordinates":[[[123.7107212,10.5088822],[123.7107436,10.5089231],[123.7106915,10.5089506],[123.7106692,10.5089096],[123.7107212,10.5088822]]]},"properties":{"id":"ms-1534","kind":"building","storeys":1,"origin":"ai","edited":false,"source":"Microsoft Global ML Building Footprints 2026-02-03 (ODbL)"}},{"type":"Feature","geometry":{"type":"Polygon","coordinates":[[[123.7118957,10.5092964],[123.71187,10.5093398],[123.7118299,10.5093169],[123.7118556,10.5092735],[123.7118957,10.5092964]]]},"properties":{"id":"ms-1535","kind":"building","storeys":1,"origin":"ai","edited":false,"source":"Microsoft Global ML Building Footprints 2026-02-03 (ODbL)"}},{"type":"Feature","geometry":{"type":"Polygon","coordinates":[[[123.7147712,10.509007],[123.7147647,10.5090482],[123.7146914,10.509037],[123.7146979,10.5089958],[123.7147712,10.509007]]]},"properties":{"id":"ms-1536","kind":"building","storeys":1,"origin":"ai","edited":false,"source":"Microsoft Global ML Building Footprints 2026-02-03 (ODbL)"}},{"type":"Feature","geometry":{"type":"Polygon","coordinates":[[[123.7153296,10.509186],[123.7153366,10.5091488],[123.7153885,10.5091582],[123.7153815,10.5091954],[123.7153296,10.509186]]]},"properties":{"id":"ms-1537","kind":"building","storeys":1,"origin":"ai","edited":false,"source":"Microsoft Global ML Building Footprints 2026-02-03 (ODbL)"}},{"type":"Feature","geometry":{"type":"Polygon","coordinates":[[[123.7170283,10.5019132],[123.7169942,10.5019083],[123.7170023,10.5018541],[123.7170364,10.501859],[123.7170283,10.5019132]]]},"properties":{"id":"ms-1538","kind":"building","storeys":1,"origin":"ai","edited":false,"source":"Microsoft Global ML Building Footprints 2026-02-03 (ODbL)"}},{"type":"Feature","geometry":{"type":"Polygon","coordinates":[[[123.7183146,10.5084136],[123.7184044,10.5082039],[123.7184887,10.5082388],[123.7183989,10.5084485],[123.7183146,10.5084136]]]},"properties":{"id":"ms-1539","kind":"building","storeys":1,"origin":"ai","edited":false,"source":"Microsoft Global ML Building Footprints 2026-02-03 (ODbL)"}},{"type":"Feature","geometry":{"type":"Polygon","coordinates":[[[123.7202815,10.5028852],[123.7202579,10.5029568],[123.7201996,10.5029382],[123.7202233,10.5028666],[123.7202815,10.5028852]]]},"properties":{"id":"ms-1540","kind":"building","storeys":1,"origin":"ai","edited":false,"source":"Microsoft Global ML Building Footprints 2026-02-03 (ODbL)"}},{"type":"Feature","geometry":{"type":"Polygon","coordinates":[[[123.7129085,10.503533],[123.712859,10.5035215],[123.7128755,10.5034529],[123.712925,10.5034644],[123.7129085,10.503533]]]},"properties":{"id":"ms-1541","kind":"building","storeys":1,"origin":"ai","edited":false,"source":"Microsoft Global ML Building Footprints 2026-02-03 (ODbL)"}},{"type":"Feature","geometry":{"type":"Polygon","coordinates":[[[123.7138856,10.506565],[123.7139339,10.5065761],[123.7139238,10.5066186],[123.7138755,10.5066076],[123.7138856,10.506565]]]},"properties":{"id":"ms-1542","kind":"building","storeys":1,"origin":"ai","edited":false,"source":"Microsoft Global ML Building Footprints 2026-02-03 (ODbL)"}},{"type":"Feature","geometry":{"type":"Polygon","coordinates":[[[123.7153663,10.5065658],[123.7154412,10.5066002],[123.7154237,10.506637],[123.7153488,10.5066026],[123.7153663,10.5065658]]]},"properties":{"id":"ms-1543","kind":"building","storeys":1,"origin":"ai","edited":false,"source":"Microsoft Global ML Building Footprints 2026-02-03 (ODbL)"}},{"type":"Feature","geometry":{"type":"Polygon","coordinates":[[[123.7156275,10.5058015],[123.7156654,10.505699],[123.7157436,10.505727],[123.7157057,10.5058295],[123.7156275,10.5058015]]]},"properties":{"id":"ms-1544","kind":"building","storeys":1,"origin":"ai","edited":false,"source":"Microsoft Global ML Building Footprints 2026-02-03 (ODbL)"}},{"type":"Feature","geometry":{"type":"Polygon","coordinates":[[[123.7156364,10.5016975],[123.715638,10.5017344],[123.7155993,10.501736],[123.7155978,10.5016991],[123.7156364,10.5016975]]]},"properties":{"id":"ms-1545","kind":"building","storeys":1,"origin":"ai","edited":false,"source":"Microsoft Global ML Building Footprints 2026-02-03 (ODbL)"}},{"type":"Feature","geometry":{"type":"Polygon","coordinates":[[[123.7166572,10.5041481],[123.7166967,10.5038913],[123.7167872,10.5039047],[123.7167802,10.5039502],[123.7169952,10.5039822],[123.7169801,10.5040801],[123.7168595,10.5040622],[123.7168494,10.5041276],[123.7167957,10.5041196],[123.7167883,10.5041676],[123.7166572,10.5041481]]]},"properties":{"id":"ms-1546","kind":"building","storeys":1,"origin":"ai","edited":false,"source":"Microsoft Global ML Building Footprints 2026-02-03 (ODbL)"}},{"type":"Feature","geometry":{"type":"Polygon","coordinates":[[[123.7166856,10.5025823],[123.7166281,10.5025782],[123.7166311,10.5025379],[123.7166886,10.502542],[123.7166856,10.5025823]]]},"properties":{"id":"ms-1547","kind":"building","storeys":1,"origin":"ai","edited":false,"source":"Microsoft Global ML Building Footprints 2026-02-03 (ODbL)"}},{"type":"Feature","geometry":{"type":"Polygon","coordinates":[[[123.7171161,10.504403],[123.7171112,10.504422],[123.7170457,10.5044055],[123.7170603,10.5043495],[123.7171157,10.5043634],[123.7171215,10.5043411],[123.7171668,10.5043525],[123.7171514,10.5044119],[123.7171161,10.504403]]]},"properties":{"id":"ms-1548","kind":"building","storeys":1,"origin":"ai","edited":false,"source":"Microsoft Global ML Building Footprints 2026-02-03 (ODbL)"}},{"type":"Feature","geometry":{"type":"Polygon","coordinates":[[[123.7178438,10.5091756],[123.7178745,10.5090926],[123.7179834,10.5091316],[123.7179527,10.5092146],[123.7178438,10.5091756]]]},"properties":{"id":"ms-1549","kind":"building","storeys":1,"origin":"ai","edited":false,"source":"Microsoft Global ML Building Footprints 2026-02-03 (ODbL)"}},{"type":"Feature","geometry":{"type":"Polygon","coordinates":[[[123.7109699,10.5097626],[123.7110728,10.5098485],[123.7110225,10.5099067],[123.7109196,10.5098209],[123.7109699,10.5097626]]]},"properties":{"id":"ms-1550","kind":"building","storeys":1,"origin":"ai","edited":false,"source":"Microsoft Global ML Building Footprints 2026-02-03 (ODbL)"}},{"type":"Feature","geometry":{"type":"Polygon","coordinates":[[[123.7122253,10.5085075],[123.7123014,10.5085772],[123.7122345,10.5086478],[123.7122532,10.5086649],[123.7121716,10.5087511],[123.7120768,10.5086643],[123.7122253,10.5085075]]]},"properties":{"id":"ms-1551","kind":"building","storeys":1,"origin":"ai","edited":false,"source":"Microsoft Global ML Building Footprints 2026-02-03 (ODbL)"}},{"type":"Feature","geometry":{"type":"Polygon","coordinates":[[[123.7123498,10.5098846],[123.7122573,10.5098556],[123.712314,10.5096809],[123.7123749,10.5097],[123.7123605,10.5097442],[123.7124165,10.5097617],[123.7123948,10.5098288],[123.7123704,10.5098211],[123.7123498,10.5098846]]]},"properties":{"id":"ms-1552","kind":"building","storeys":1,"origin":"ai","edited":false,"source":"Microsoft Global ML Building Footprints 2026-02-03 (ODbL)"}},{"type":"Feature","geometry":{"type":"Polygon","coordinates":[[[123.7140297,10.5114034],[123.7140924,10.5114019],[123.714097,10.5115849],[123.7140342,10.5115864],[123.7140297,10.5114034]]]},"properties":{"id":"ms-1553","kind":"building","storeys":1,"origin":"ai","edited":false,"source":"Microsoft Global ML Building Footprints 2026-02-03 (ODbL)"}},{"type":"Feature","geometry":{"type":"Polygon","coordinates":[[[123.7152311,10.504376],[123.7152929,10.5043913],[123.7152844,10.5044245],[123.7152226,10.5044093],[123.7152311,10.504376]]]},"properties":{"id":"ms-1554","kind":"building","storeys":1,"origin":"ai","edited":false,"source":"Microsoft Global ML Building Footprints 2026-02-03 (ODbL)"}},{"type":"Feature","geometry":{"type":"Polygon","coordinates":[[[123.7156277,10.5026439],[123.7156316,10.5026048],[123.7156753,10.5026089],[123.7156715,10.5026481],[123.7156277,10.5026439]]]},"properties":{"id":"ms-1555","kind":"building","storeys":1,"origin":"ai","edited":false,"source":"Microsoft Global ML Building Footprints 2026-02-03 (ODbL)"}},{"type":"Feature","geometry":{"type":"Polygon","coordinates":[[[123.7186126,10.5137567],[123.7186167,10.5138462],[123.7185257,10.5138502],[123.7185216,10.5137607],[123.7186126,10.5137567]]]},"properties":{"id":"ms-1556","kind":"building","storeys":1,"origin":"ai","edited":false,"source":"Microsoft Global ML Building Footprints 2026-02-03 (ODbL)"}},{"type":"Feature","geometry":{"type":"Polygon","coordinates":[[[123.7190399,10.5056856],[123.7190551,10.5056464],[123.7191043,10.5056648],[123.7190892,10.505704],[123.7190399,10.5056856]]]},"properties":{"id":"ms-1557","kind":"building","storeys":1,"origin":"ai","edited":false,"source":"Microsoft Global ML Building Footprints 2026-02-03 (ODbL)"}},{"type":"Feature","geometry":{"type":"Polygon","coordinates":[[[123.7193087,10.5072498],[123.7194086,10.5072946],[123.7193681,10.5073819],[123.7192682,10.5073371],[123.7193087,10.5072498]]]},"properties":{"id":"ms-1558","kind":"building","storeys":1,"origin":"ai","edited":false,"source":"Microsoft Global ML Building Footprints 2026-02-03 (ODbL)"}}]}