{"type": "FeatureCollection", "features": [{"type": "Feature", "geometry": {"type": "Polygon", "coordinates": [[[123.71364122683565, 10.505889644009244], [123.71288340898693, 10.507178839315696], [123.7150410598086, 10.507773183100184], [123.71527468411851, 10.50659431184094], [123.71364122683565, 10.505889644009244]]]}, "properties": {"fid": 2, "area_id": "{e486805f-e84f-4238-b47e-2a9470bc1a6a}", "name": "Sitio Polo study area", "source_ref": "Student", "mapped_by": "Ben", "boundary_status": "Student extent; pending confirmation", "kind": "boundary", "id": "boundary-2", "imported_from": "QGIS source inventory"}}, {"type": "Feature", "geometry": {"type": "MultiPolygon", "coordinates": [[[[123.71436439999998, 10.505414999999998], [123.71443759999998, 10.5054439], [123.714423, 10.505479600000001], [123.7147379, 10.505604099999998], [123.7147242, 10.5056377], [123.71487820000002, 10.505698499999996], [123.7149066, 10.5056292], [123.71503189999999, 10.505678700000002], [123.7150989, 10.5055147], [123.7149738, 10.5054652], [123.7150079, 10.5053819], [123.71485360000001, 10.505320999999999], [123.71484410000001, 10.5053442], [123.71452159999998, 10.505216799999998], [123.7144971, 10.5052769], [123.7144314, 10.505251], [123.71436439999998, 10.505414999999998]]]]}, "properties": {"fid": 1, "osm_id": "218555109", "bldg_dens": 0.689838, "bldg_mat": 2, "humidity": 70.0, "temp_c": 30.0, "house_cnt": 1, "wind_dir": 45, "wind_spd": 15.0, "alley_wd": 3.0, "oxygen_v": 1.0, "mat_src": "scenario assumption", "wd_src": "assumed by road class", "fire_state": "safe", "burn_min": -1.0, "geom_src": "OSM snapshot; incomplete mapping", "mapped_by": null, "mapped_at": null, "input_kind": "OSM-derived geometry and disclosed scenario attributes", "kind": "building", "id": "building-1", "imported_from": "QGIS source inventory"}}, {"type": "Feature", "geometry": {"type": "MultiPolygon", "coordinates": [[[[123.71485549999998, 10.505298999999999], [123.7149971, 10.505354499999997], [123.71508070000002, 10.505148299999998], [123.7149391, 10.505092799999998], [123.71485549999998, 10.505298999999999]]]]}, "properties": {"fid": 2, "osm_id": "218555110", "bldg_dens": 0.287935, "bldg_mat": 2, "humidity": 70.0, "temp_c": 30.0, "house_cnt": 1, "wind_dir": 45, "wind_spd": 15.0, "alley_wd": 3.0, "oxygen_v": 1.0, "mat_src": "scenario assumption", "wd_src": "assumed by road class", "fire_state": "safe", "burn_min": -1.0, "geom_src": "OSM snapshot; incomplete mapping", "mapped_by": null, "mapped_at": null, "input_kind": "OSM-derived geometry and disclosed scenario attributes", "kind": "building", "id": "building-2", "imported_from": "QGIS source inventory"}}, {"type": "Feature", "geometry": {"type": "MultiPolygon", "coordinates": [[[[123.7125048, 10.504156400000001], [123.712942, 10.504375499999998], [123.71300280000001, 10.504258099999998], [123.71256560000002, 10.5040389], [123.7125048, 10.504156400000001]]]]}, "properties": {"fid": 3, "osm_id": "518439292", "bldg_dens": 0.351427, "bldg_mat": 2, "humidity": 70.0, "temp_c": 30.0, "house_cnt": 1, "wind_dir": 45, "wind_spd": 15.0, "alley_wd": 3.0, "oxygen_v": 1.0, "mat_src": "scenario assumption", "wd_src": "assumed by road class", "fire_state": "safe", "burn_min": -1.0, "geom_src": "OSM snapshot; incomplete mapping", "mapped_by": null, "mapped_at": null, "input_kind": "OSM-derived geometry and disclosed scenario attributes", "kind": "building", "id": "building-3", "imported_from": "QGIS source inventory"}}, {"type": "Feature", "geometry": {"type": "MultiPolygon", "coordinates": [[[[123.7123438, 10.504490099999996], [123.7125737, 10.5045923], [123.7126036, 10.504527199999997], [123.7123737, 10.504424999999998], [123.7123438, 10.504490099999996]]]]}, "properties": {"fid": 4, "osm_id": "518439293", "bldg_dens": 0.077183, "bldg_mat": 2, "humidity": 70.0, "temp_c": 30.0, "house_cnt": 1, "wind_dir": 45, "wind_spd": 15.0, "alley_wd": 3.0, "oxygen_v": 1.0, "mat_src": "scenario assumption", "wd_src": "assumed by road class", "fire_state": "safe", "burn_min": -1.0, "geom_src": "OSM snapshot; incomplete mapping", "mapped_by": null, "mapped_at": null, "input_kind": "OSM-derived geometry and disclosed scenario attributes", "kind": "building", "id": "building-4", "imported_from": "QGIS source inventory"}}, {"type": "Feature", "geometry": {"type": "MultiPolygon", "coordinates": [[[[123.71286210000001, 10.504040300000003], [123.7129747, 10.5040914], [123.7130131, 10.5040095], [123.71290049999999, 10.5039584], [123.71286210000001, 10.504040300000003]]]]}, "properties": {"fid": 5, "osm_id": "518439294", "bldg_dens": 0.326803, "bldg_mat": 2, "humidity": 70.0, "temp_c": 30.0, "house_cnt": 1, "wind_dir": 45, "wind_spd": 15.0, "alley_wd": 6.0, "oxygen_v": 1.0, "mat_src": "scenario assumption", "wd_src": "assumed by road class", "fire_state": "safe", "burn_min": -1.0, "geom_src": "OSM snapshot; incomplete mapping", "mapped_by": null, "mapped_at": null, "input_kind": "OSM-derived geometry and disclosed scenario attributes", "kind": "building", "id": "building-5", "imported_from": "QGIS source inventory"}}, {"type": "Feature", "geometry": {"type": "MultiPolygon", "coordinates": [[[[123.7128503, 10.504033100000001], [123.7128904, 10.503949500000003], [123.7126261, 10.503827200000002], [123.71258610000001, 10.503910799999998], [123.7128503, 10.504033100000001]]]]}, "properties": {"fid": 6, "osm_id": "518439295", "bldg_dens": 0.350634, "bldg_mat": 2, "humidity": 70.0, "temp_c": 30.0, "house_cnt": 1, "wind_dir": 45, "wind_spd": 15.0, "alley_wd": 6.0, "oxygen_v": 1.0, "mat_src": "scenario assumption", "wd_src": "assumed by road class", "fire_state": "safe", "burn_min": -1.0, "geom_src": "OSM snapshot; incomplete mapping", "mapped_by": null, "mapped_at": null, "input_kind": "OSM-derived geometry and disclosed scenario attributes", "kind": "building", "id": "building-6", "imported_from": "QGIS source inventory"}}, {"type": "Feature", "geometry": {"type": "MultiPolygon", "coordinates": [[[[123.7131154, 10.504630399999998], [123.71334360000002, 10.504134300000002], [123.71320140000002, 10.504071000000001], [123.71297310000001, 10.504567099999997], [123.7131154, 10.504630399999998]]]]}, "properties": {"fid": 7, "osm_id": "518439296", "bldg_dens": 0.461059, "bldg_mat": 2, "humidity": 70.0, "temp_c": 30.0, "house_cnt": 1, "wind_dir": 45, "wind_spd": 15.0, "alley_wd": 6.0, "oxygen_v": 1.0, "mat_src": "scenario assumption", "wd_src": "assumed by road class", "fire_state": "safe", "burn_min": -1.0, "geom_src": "OSM snapshot; incomplete mapping", "mapped_by": null, "mapped_at": null, "input_kind": "OSM-derived geometry and disclosed scenario attributes", "kind": "building", "id": "building-7", "imported_from": "QGIS source inventory"}}, {"type": "Feature", "geometry": {"type": "MultiPolygon", "coordinates": [[[[123.7132401, 10.504684799999998], [123.7133488, 10.504734199999998], [123.71357460000002, 10.5042537], [123.7134659, 10.504204299999996], [123.7132401, 10.504684799999998]]]]}, "properties": {"fid": 8, "osm_id": "518439297", "bldg_dens": 0.533332, "bldg_mat": 2, "humidity": 70.0, "temp_c": 30.0, "house_cnt": 1, "wind_dir": 45, "wind_spd": 15.0, "alley_wd": 3.0, "oxygen_v": 1.0, "mat_src": "scenario assumption", "wd_src": "assumed by road class", "fire_state": "safe", "burn_min": -1.0, "geom_src": "OSM snapshot; incomplete mapping", "mapped_by": null, "mapped_at": null, "input_kind": "OSM-derived geometry and disclosed scenario attributes", "kind": "building", "id": "building-8", "imported_from": "QGIS source inventory"}}, {"type": "Feature", "geometry": {"type": "MultiPolygon", "coordinates": [[[[123.7120651, 10.503384199999998], [123.7121239, 10.503397199999998], [123.7121617, 10.5032321], [123.7121029, 10.5032191], [123.7120651, 10.503384199999998]]]]}, "properties": {"fid": 9, "osm_id": "518439299", "bldg_dens": 0.169381, "bldg_mat": 2, "humidity": 70.0, "temp_c": 30.0, "house_cnt": 1, "wind_dir": 45, "wind_spd": 15.0, "alley_wd": 3.0, "oxygen_v": 1.0, "mat_src": "scenario assumption", "wd_src": "assumed by road class", "fire_state": "safe", "burn_min": -1.0, "geom_src": "OSM snapshot; incomplete mapping", "mapped_by": null, "mapped_at": null, "input_kind": "OSM-derived geometry and disclosed scenario attributes", "kind": "building", "id": "building-9", "imported_from": "QGIS source inventory"}}, {"type": "Feature", "geometry": {"type": "MultiPolygon", "coordinates": [[[[123.7121391, 10.503489899999995], [123.7122712, 10.503515399999998], [123.7123048, 10.503346999999996], [123.7121728, 10.5033215], [123.7121391, 10.503489899999995]]]]}, "properties": {"fid": 10, "osm_id": "518439300", "bldg_dens": 0.154819, "bldg_mat": 2, "humidity": 70.0, "temp_c": 30.0, "house_cnt": 1, "wind_dir": 45, "wind_spd": 15.0, "alley_wd": 3.0, "oxygen_v": 1.0, "mat_src": "scenario assumption", "wd_src": "assumed by road class", "fire_state": "safe", "burn_min": -1.0, "geom_src": "OSM snapshot; incomplete mapping", "mapped_by": null, "mapped_at": null, "input_kind": "OSM-derived geometry and disclosed scenario attributes", "kind": "building", "id": "building-10", "imported_from": "QGIS source inventory"}}, {"type": "Feature", "geometry": {"type": "MultiPolygon", "coordinates": [[[[123.7130516, 10.5039229], [123.71307710000002, 10.503868900000002], [123.71269610000002, 10.503695299999999], [123.7126707, 10.5037493], [123.7130516, 10.5039229]]]]}, "properties": {"fid": 11, "osm_id": "518439301", "bldg_dens": 0.262545, "bldg_mat": 2, "humidity": 70.0, "temp_c": 30.0, "house_cnt": 1, "wind_dir": 45, "wind_spd": 15.0, "alley_wd": 6.0, "oxygen_v": 1.0, "mat_src": "scenario assumption", "wd_src": "assumed by road class", "fire_state": "safe", "burn_min": -1.0, "geom_src": "OSM snapshot; incomplete mapping", "mapped_by": null, "mapped_at": null, "input_kind": "OSM-derived geometry and disclosed scenario attributes", "kind": "building", "id": "building-11", "imported_from": "QGIS source inventory"}}, {"type": "Feature", "geometry": {"type": "MultiPolygon", "coordinates": [[[[123.71314119999998, 10.5039625], [123.7134086, 10.5040806], [123.71343870000001, 10.504014700000003], [123.7131713, 10.503896600000001], [123.71314119999998, 10.5039625]]]]}, "properties": {"fid": 12, "osm_id": "518439302", "bldg_dens": 0.473515, "bldg_mat": 2, "humidity": 70.0, "temp_c": 30.0, "house_cnt": 1, "wind_dir": 45, "wind_spd": 15.0, "alley_wd": 6.0, "oxygen_v": 1.0, "mat_src": "scenario assumption", "wd_src": "assumed by road class", "fire_state": "safe", "burn_min": -1.0, "geom_src": "OSM snapshot; incomplete mapping", "mapped_by": null, "mapped_at": null, "input_kind": "OSM-derived geometry and disclosed scenario attributes", "kind": "building", "id": "building-12", "imported_from": "QGIS source inventory"}}, {"type": "Feature", "geometry": {"type": "MultiPolygon", "coordinates": [[[[123.7134245, 10.5040848], [123.71362530000002, 10.5041765], [123.713849, 10.5037028], [123.7136111, 10.503594200000002], [123.713579, 10.5036623], [123.7137516, 10.503741099999997], [123.71358849999999, 10.504086599999999], [123.71345290000001, 10.504024699999999], [123.7134245, 10.5040848]]]]}, "properties": {"fid": 13, "osm_id": "518439303", "bldg_dens": 0.58628, "bldg_mat": 2, "humidity": 70.0, "temp_c": 30.0, "house_cnt": 1, "wind_dir": 45, "wind_spd": 15.0, "alley_wd": 6.0, "oxygen_v": 1.0, "mat_src": "scenario assumption", "wd_src": "assumed by road class", "fire_state": "safe", "burn_min": -1.0, "geom_src": "OSM snapshot; incomplete mapping", "mapped_by": null, "mapped_at": null, "input_kind": "OSM-derived geometry and disclosed scenario attributes", "kind": "building", "id": "building-13", "imported_from": "QGIS source inventory"}}, {"type": "Feature", "geometry": {"type": "MultiPolygon", "coordinates": [[[[123.7135479, 10.5040175], [123.7136783, 10.503749600000003], [123.7135706, 10.503698900000002], [123.7134402, 10.503966799999999], [123.7135479, 10.5040175]]]]}, "properties": {"fid": 14, "osm_id": "518439304", "bldg_dens": 0.607359, "bldg_mat": 2, "humidity": 70.0, "temp_c": 30.0, "house_cnt": 1, "wind_dir": 45, "wind_spd": 15.0, "alley_wd": 6.0, "oxygen_v": 1.0, "mat_src": "scenario assumption", "wd_src": "assumed by road class", "fire_state": "safe", "burn_min": -1.0, "geom_src": "OSM snapshot; incomplete mapping", "mapped_by": null, "mapped_at": null, "input_kind": "OSM-derived geometry and disclosed scenario attributes", "kind": "building", "id": "building-14", "imported_from": "QGIS source inventory"}}, {"type": "Feature", "geometry": {"type": "MultiPolygon", "coordinates": [[[[123.7131772, 10.503850299999996], [123.71341320000002, 10.503955200000002], [123.7134625, 10.503847999999998], [123.71322650000002, 10.503743099999998], [123.7131772, 10.503850299999996]]]]}, "properties": {"fid": 15, "osm_id": "518439305", "bldg_dens": 0.46256, "bldg_mat": 2, "humidity": 70.0, "temp_c": 30.0, "house_cnt": 1, "wind_dir": 45, "wind_spd": 15.0, "alley_wd": 6.0, "oxygen_v": 1.0, "mat_src": "scenario assumption", "wd_src": "assumed by road class", "fire_state": "safe", "burn_min": -1.0, "geom_src": "OSM snapshot; incomplete mapping", "mapped_by": null, "mapped_at": null, "input_kind": "OSM-derived geometry and disclosed scenario attributes", "kind": "building", "id": "building-15", "imported_from": "QGIS source inventory"}}, {"type": "Feature", "geometry": {"type": "MultiPolygon", "coordinates": [[[[123.71323559999999, 10.503735299999999], [123.7134638, 10.503836799999998], [123.71356269999998, 10.503621799999998], [123.71349519999998, 10.5035917], [123.7134284, 10.503736899999998], [123.71326770000002, 10.5036655], [123.71323559999999, 10.503735299999999]]]]}, "properties": {"fid": 16, "osm_id": "518439306", "bldg_dens": 0.441656, "bldg_mat": 2, "humidity": 70.0, "temp_c": 30.0, "house_cnt": 1, "wind_dir": 45, "wind_spd": 15.0, "alley_wd": 6.0, "oxygen_v": 1.0, "mat_src": "scenario assumption", "wd_src": "assumed by road class", "fire_state": "safe", "burn_min": -1.0, "geom_src": "OSM snapshot; incomplete mapping", "mapped_by": null, "mapped_at": null, "input_kind": "OSM-derived geometry and disclosed scenario attributes", "kind": "building", "id": "building-16", "imported_from": "QGIS source inventory"}}, {"type": "Feature", "geometry": {"type": "MultiPolygon", "coordinates": [[[[123.71362680000001, 10.503560000000002], [123.71381949999999, 10.503608200000002], [123.7138394, 10.5035312], [123.71364669999998, 10.503482999999997], [123.71362680000001, 10.503560000000002]]]]}, "properties": {"fid": 17, "osm_id": "518439307", "bldg_dens": 0.22942, "bldg_mat": 2, "humidity": 70.0, "temp_c": 30.0, "house_cnt": 1, "wind_dir": 45, "wind_spd": 15.0, "alley_wd": 6.0, "oxygen_v": 1.0, "mat_src": "scenario assumption", "wd_src": "assumed by road class", "fire_state": "safe", "burn_min": -1.0, "geom_src": "OSM snapshot; incomplete mapping", "mapped_by": null, "mapped_at": null, "input_kind": "OSM-derived geometry and disclosed scenario attributes", "kind": "building", "id": "building-17", "imported_from": "QGIS source inventory"}}, {"type": "Feature", "geometry": {"type": "MultiPolygon", "coordinates": [[[[123.7137662, 10.5042442], [123.71400330000002, 10.503743700000001], [123.7139324, 10.503711199999998], [123.71369529999998, 10.504211699999999], [123.7137662, 10.5042442]]]]}, "properties": {"fid": 18, "osm_id": "518439308", "bldg_dens": 0.330861, "bldg_mat": 2, "humidity": 70.0, "temp_c": 30.0, "house_cnt": 1, "wind_dir": 45, "wind_spd": 15.0, "alley_wd": 6.0, "oxygen_v": 1.0, "mat_src": "scenario assumption", "wd_src": "assumed by road class", "fire_state": "safe", "burn_min": -1.0, "geom_src": "OSM snapshot; incomplete mapping", "mapped_by": null, "mapped_at": null, "input_kind": "OSM-derived geometry and disclosed scenario attributes", "kind": "building", "id": "building-18", "imported_from": "QGIS source inventory"}}, {"type": "Feature", "geometry": {"type": "MultiPolygon", "coordinates": [[[[123.71421630000002, 10.504663699999996], [123.7142688, 10.504553999999997], [123.71365830000002, 10.5042714], [123.71342040000002, 10.504768599999997], [123.7140323, 10.5050518], [123.714081, 10.504950100000002], [123.71357439999998, 10.504715699999998], [123.7137112, 10.5044299], [123.71421630000002, 10.504663699999996]]]]}, "properties": {"fid": 19, "osm_id": "518439309", "bldg_dens": 0.423423, "bldg_mat": 2, "humidity": 70.0, "temp_c": 30.0, "house_cnt": 1, "wind_dir": 45, "wind_spd": 15.0, "alley_wd": 3.0, "oxygen_v": 1.0, "mat_src": "scenario assumption", "wd_src": "assumed by road class", "fire_state": "safe", "burn_min": -1.0, "geom_src": "OSM snapshot; incomplete mapping", "mapped_by": null, "mapped_at": null, "input_kind": "OSM-derived geometry and disclosed scenario attributes", "kind": "building", "id": "building-19", "imported_from": "QGIS source inventory"}}, {"type": "Feature", "geometry": {"type": "MultiPolygon", "coordinates": [[[[123.715093, 10.506256400000002], [123.71520170000001, 10.5062853], [123.71534330000001, 10.5057703], [123.71523460000002, 10.505741399999998], [123.715093, 10.506256400000002]]]]}, "properties": {"fid": 20, "osm_id": "518439310", "bldg_dens": 0.416729, "bldg_mat": 2, "humidity": 70.0, "temp_c": 30.0, "house_cnt": 1, "wind_dir": 45, "wind_spd": 15.0, "alley_wd": 3.0, "oxygen_v": 1.0, "mat_src": "scenario assumption", "wd_src": "assumed by road class", "fire_state": "safe", "burn_min": -1.0, "geom_src": "OSM snapshot; incomplete mapping", "mapped_by": null, "mapped_at": null, "input_kind": "OSM-derived geometry and disclosed scenario attributes", "kind": "building", "id": "building-20", "imported_from": "QGIS source inventory"}}, {"type": "Feature", "geometry": {"type": "MultiPolygon", "coordinates": [[[[123.71505230000001, 10.506272399999999], [123.714627, 10.5060916], [123.7147422, 10.5058206], [123.7146446, 10.5057791], [123.71448670000001, 10.506150599999998], [123.71500960000002, 10.506372899999997], [123.71505230000001, 10.506272399999999]]]]}, "properties": {"fid": 21, "osm_id": "518439311", "bldg_dens": 0.463987, "bldg_mat": 2, "humidity": 70.0, "temp_c": 30.0, "house_cnt": 1, "wind_dir": 45, "wind_spd": 15.0, "alley_wd": 3.0, "oxygen_v": 1.0, "mat_src": "scenario assumption", "wd_src": "assumed by road class", "fire_state": "safe", "burn_min": -1.0, "geom_src": "OSM snapshot; incomplete mapping", "mapped_by": null, "mapped_at": null, "input_kind": "OSM-derived geometry and disclosed scenario attributes", "kind": "building", "id": "building-21", "imported_from": "QGIS source inventory"}}, {"type": "Feature", "geometry": {"type": "MultiPolygon", "coordinates": [[[[123.7147661, 10.5058251], [123.71488999999998, 10.505880100000002], [123.71495170000001, 10.505745699999999], [123.7148278, 10.505690699999999], [123.7147661, 10.5058251]]]]}, "properties": {"fid": 22, "osm_id": "518439312", "bldg_dens": 0.563845, "bldg_mat": 2, "humidity": 70.0, "temp_c": 30.0, "house_cnt": 1, "wind_dir": 45, "wind_spd": 15.0, "alley_wd": 3.0, "oxygen_v": 1.0, "mat_src": "scenario assumption", "wd_src": "assumed by road class", "fire_state": "safe", "burn_min": -1.0, "geom_src": "OSM snapshot; incomplete mapping", "mapped_by": null, "mapped_at": null, "input_kind": "OSM-derived geometry and disclosed scenario attributes", "kind": "building", "id": "building-22", "imported_from": "QGIS source inventory"}}, {"type": "Feature", "geometry": {"type": "MultiPolygon", "coordinates": [[[[123.71311109999999, 10.5054504], [123.7133064, 10.505543400000002], [123.71351400000002, 10.505121699999998], [123.71331510000002, 10.505027], [123.7132333, 10.505193], [123.71320290000001, 10.505178499999996], [123.71316030000001, 10.5052651], [123.7131943, 10.505281300000002], [123.71311109999999, 10.5054504]]]]}, "properties": {"fid": 23, "osm_id": "518439313", "bldg_dens": 0.49456, "bldg_mat": 2, "humidity": 70.0, "temp_c": 30.0, "house_cnt": 1, "wind_dir": 45, "wind_spd": 15.0, "alley_wd": 3.0, "oxygen_v": 1.0, "mat_src": "scenario assumption", "wd_src": "assumed by road class", "fire_state": "safe", "burn_min": -1.0, "geom_src": "OSM snapshot; incomplete mapping", "mapped_by": null, "mapped_at": null, "input_kind": "OSM-derived geometry and disclosed scenario attributes", "kind": "building", "id": "building-23", "imported_from": "QGIS source inventory"}}, {"type": "Feature", "geometry": {"type": "MultiPolygon", "coordinates": [[[[123.7121754, 10.506694699999997], [123.712327, 10.506790300000002], [123.7124878, 10.506543800000001], [123.71233620000001, 10.5064482], [123.7121754, 10.506694699999997]]]]}, "properties": {"fid": 24, "osm_id": "518439314", "bldg_dens": 0.225874, "bldg_mat": 2, "humidity": 70.0, "temp_c": 30.0, "house_cnt": 1, "wind_dir": 45, "wind_spd": 15.0, "alley_wd": 4.0, "oxygen_v": 1.0, "mat_src": "scenario assumption", "wd_src": "assumed by road class", "fire_state": "safe", "burn_min": -1.0, "geom_src": "OSM snapshot; incomplete mapping", "mapped_by": null, "mapped_at": null, "input_kind": "OSM-derived geometry and disclosed scenario attributes", "kind": "building", "id": "building-24", "imported_from": "QGIS source inventory"}}, {"type": "Feature", "geometry": {"type": "MultiPolygon", "coordinates": [[[[123.7164878, 10.511050299999999], [123.7166404, 10.511096899999998], [123.7168046, 10.5105767], [123.71665379999999, 10.510530599999997], [123.71658300000001, 10.510754600000002], [123.71655690000001, 10.510746699999997], [123.71653199999999, 10.5108255], [123.7165564, 10.510832899999997], [123.7164878, 10.511050299999999]]]]}, "properties": {"fid": 25, "osm_id": "518439317", "bldg_dens": 0.372957, "bldg_mat": 2, "humidity": 70.0, "temp_c": 30.0, "house_cnt": 1, "wind_dir": 45, "wind_spd": 15.0, "alley_wd": 3.0, "oxygen_v": 1.0, "mat_src": "scenario assumption", "wd_src": "assumed by road class", "fire_state": "safe", "burn_min": -1.0, "geom_src": "OSM snapshot; incomplete mapping", "mapped_by": null, "mapped_at": null, "input_kind": "OSM-derived geometry and disclosed scenario attributes", "kind": "building", "id": "building-25", "imported_from": "QGIS source inventory"}}, {"type": "Feature", "geometry": {"type": "MultiPolygon", "coordinates": [[[[123.7163372, 10.5120401], [123.71654070000001, 10.512075100000002], [123.71668140000001, 10.5112825], [123.71647790000002, 10.511247600000003], [123.7163372, 10.5120401]]]]}, "properties": {"fid": 26, "osm_id": "518439320", "bldg_dens": 0.468179, "bldg_mat": 2, "humidity": 70.0, "temp_c": 30.0, "house_cnt": 1, "wind_dir": 45, "wind_spd": 15.0, "alley_wd": 3.0, "oxygen_v": 1.0, "mat_src": "scenario assumption", "wd_src": "assumed by road class", "fire_state": "safe", "burn_min": -1.0, "geom_src": "OSM snapshot; incomplete mapping", "mapped_by": null, "mapped_at": null, "input_kind": "OSM-derived geometry and disclosed scenario attributes", "kind": "building", "id": "building-26", "imported_from": "QGIS source inventory"}}, {"type": "Feature", "geometry": {"type": "MultiPolygon", "coordinates": [[[[123.7139693, 10.505191499999999], [123.713652, 10.505022900000002], [123.7135055, 10.505289500000002], [123.7138227, 10.505458099999998], [123.7139693, 10.505191499999999]]]]}, "properties": {"fid": 27, "osm_id": "665244562", "bldg_dens": 0.509662, "bldg_mat": 2, "humidity": 70.0, "temp_c": 30.0, "house_cnt": 1, "wind_dir": 45, "wind_spd": 15.0, "alley_wd": 6.0, "oxygen_v": 1.0, "mat_src": "scenario assumption", "wd_src": "assumed by road class", "fire_state": "safe", "burn_min": -1.0, "geom_src": "OSM snapshot; incomplete mapping", "mapped_by": null, "mapped_at": null, "input_kind": "OSM-derived geometry and disclosed scenario attributes", "kind": "building", "id": "building-27", "imported_from": "QGIS source inventory"}}, {"type": "Feature", "geometry": {"type": "MultiPolygon", "coordinates": [[[[123.71364360000001, 10.505401199999998], [123.71355330000002, 10.505351799999998], [123.7134354, 10.505559999999994], [123.71352570000002, 10.505609399999999], [123.71364360000001, 10.505401199999998]]]]}, "properties": {"fid": 28, "osm_id": "665244563", "bldg_dens": 0.350217, "bldg_mat": 2, "humidity": 70.0, "temp_c": 30.0, "house_cnt": 1, "wind_dir": 45, "wind_spd": 15.0, "alley_wd": 3.0, "oxygen_v": 1.0, "mat_src": "scenario assumption", "wd_src": "assumed by road class", "fire_state": "safe", "burn_min": -1.0, "geom_src": "OSM snapshot; incomplete mapping", "mapped_by": null, "mapped_at": null, "input_kind": "OSM-derived geometry and disclosed scenario attributes", "kind": "building", "id": "building-28", "imported_from": "QGIS source inventory"}}, {"type": "Feature", "geometry": {"type": "MultiPolygon", "coordinates": [[[[123.711753, 10.5036451], [123.7116901, 10.5040452], [123.71161910000001, 10.504033099999997], [123.7116001, 10.5041412], [123.7116675, 10.5041527], [123.71159830000002, 10.504546], [123.71170760000001, 10.504564599999998], [123.71186710000002, 10.5036581], [123.711753, 10.5036451]]]]}, "properties": {"fid": 29, "osm_id": "665244564", "bldg_dens": 0.286413, "bldg_mat": 2, "humidity": 70.0, "temp_c": 30.0, "house_cnt": 1, "wind_dir": 45, "wind_spd": 15.0, "alley_wd": 1.5, "oxygen_v": 1.0, "mat_src": "scenario assumption", "wd_src": "assumed by road class", "fire_state": "safe", "burn_min": -1.0, "geom_src": "OSM snapshot; incomplete mapping", "mapped_by": null, "mapped_at": null, "input_kind": "OSM-derived geometry and disclosed scenario attributes", "kind": "building", "id": "building-29", "imported_from": "QGIS source inventory"}}, {"type": "Feature", "geometry": {"type": "MultiPolygon", "coordinates": [[[[123.7124811, 10.5034096], [123.7131218, 10.5035657], [123.7131406, 10.5034908], [123.7124999, 10.5033349], [123.7124811, 10.5034096]]]]}, "properties": {"fid": 30, "osm_id": "665244567", "bldg_dens": 0.180398, "bldg_mat": 2, "humidity": 70.0, "temp_c": 30.0, "house_cnt": 1, "wind_dir": 45, "wind_spd": 15.0, "alley_wd": 3.0, "oxygen_v": 1.0, "mat_src": "scenario assumption", "wd_src": "assumed by road class", "fire_state": "safe", "burn_min": -1.0, "geom_src": "OSM snapshot; incomplete mapping", "mapped_by": null, "mapped_at": null, "input_kind": "OSM-derived geometry and disclosed scenario attributes", "kind": "building", "id": "building-30", "imported_from": "QGIS source inventory"}}, {"type": "Feature", "geometry": {"type": "MultiPolygon", "coordinates": [[[[123.71205550000002, 10.504951699999998], [123.71188520000001, 10.5048796], [123.71170510000002, 10.5052971], [123.7118734, 10.505367200000002], [123.71205550000002, 10.504951699999998]]]]}, "properties": {"fid": 31, "osm_id": "665244575", "bldg_dens": 0.57034, "bldg_mat": 2, "humidity": 70.0, "temp_c": 30.0, "house_cnt": 1, "wind_dir": 45, "wind_spd": 15.0, "alley_wd": 3.0, "oxygen_v": 1.0, "mat_src": "scenario assumption", "wd_src": "assumed by road class", "fire_state": "safe", "burn_min": -1.0, "geom_src": "OSM snapshot; incomplete mapping", "mapped_by": null, "mapped_at": null, "input_kind": "OSM-derived geometry and disclosed scenario attributes", "kind": "building", "id": "building-31", "imported_from": "QGIS source inventory"}}, {"type": "Feature", "geometry": {"type": "MultiPolygon", "coordinates": [[[[123.7128101, 10.505895299999999], [123.71263950000001, 10.5058144], [123.71259389999999, 10.5059073], [123.71276459999999, 10.505988199999999], [123.7128101, 10.505895299999999]]]]}, "properties": {"fid": 32, "osm_id": "665244576", "bldg_dens": 0.083676, "bldg_mat": 2, "humidity": 70.0, "temp_c": 30.0, "house_cnt": 1, "wind_dir": 45, "wind_spd": 15.0, "alley_wd": 3.0, "oxygen_v": 1.0, "mat_src": "scenario assumption", "wd_src": "assumed by road class", "fire_state": "safe", "burn_min": -1.0, "geom_src": "OSM snapshot; incomplete mapping", "mapped_by": null, "mapped_at": null, "input_kind": "OSM-derived geometry and disclosed scenario attributes", "kind": "building", "id": "building-32", "imported_from": "QGIS source inventory"}}, {"type": "Feature", "geometry": {"type": "MultiPolygon", "coordinates": [[[[123.7164368, 10.511240899999999], [123.7164797, 10.5111011], [123.71614170000001, 10.511040399999999], [123.7161229, 10.511103700000001], [123.71619270000001, 10.511116899999998], [123.71618190000001, 10.511190799999996], [123.7164368, 10.511240899999999]]]]}, "properties": {"fid": 33, "osm_id": "665244584", "bldg_dens": 0.230868, "bldg_mat": 2, "humidity": 70.0, "temp_c": 30.0, "house_cnt": 1, "wind_dir": 45, "wind_spd": 15.0, "alley_wd": 3.0, "oxygen_v": 1.0, "mat_src": "scenario assumption", "wd_src": "assumed by road class", "fire_state": "safe", "burn_min": -1.0, "geom_src": "OSM snapshot; incomplete mapping", "mapped_by": null, "mapped_at": null, "input_kind": "OSM-derived geometry and disclosed scenario attributes", "kind": "building", "id": "building-33", "imported_from": "QGIS source inventory"}}, {"type": "Feature", "geometry": {"type": "MultiPolygon", "coordinates": [[[[123.7119175, 10.504588299999998], [123.7119852, 10.5045974], [123.711996, 10.5045277], [123.7119313, 10.5045141], [123.7119175, 10.504588299999998]]]]}, "properties": {"fid": 34, "osm_id": "665276564", "bldg_dens": 0.037443, "bldg_mat": 2, "humidity": 70.0, "temp_c": 30.0, "house_cnt": 1, "wind_dir": 45, "wind_spd": 15.0, "alley_wd": 1.5, "oxygen_v": 1.0, "mat_src": "scenario assumption", "wd_src": "assumed by road class", "fire_state": "safe", "burn_min": -1.0, "geom_src": "OSM snapshot; incomplete mapping", "mapped_by": null, "mapped_at": null, "input_kind": "OSM-derived geometry and disclosed scenario attributes", "kind": "building", "id": "building-34", "imported_from": "QGIS source inventory"}}, {"type": "Feature", "geometry": {"type": "MultiPolygon", "coordinates": [[[[123.71470839999999, 10.5039209], [123.71473969999998, 10.5038279], [123.7147034, 10.5038161], [123.71471200000002, 10.503790499999997], [123.7146375, 10.503766199999998], [123.71463070000001, 10.503786399999997], [123.71457499999998, 10.5037682], [123.71454180000002, 10.503866599999998], [123.71470839999999, 10.5039209]]]]}, "properties": {"fid": 35, "osm_id": "699538439", "bldg_dens": 0.084103, "bldg_mat": 2, "humidity": 70.0, "temp_c": 30.0, "house_cnt": 1, "wind_dir": 45, "wind_spd": 15.0, "alley_wd": 6.0, "oxygen_v": 1.0, "mat_src": "scenario assumption", "wd_src": "assumed by road class", "fire_state": "safe", "burn_min": -1.0, "geom_src": "OSM snapshot; incomplete mapping", "mapped_by": null, "mapped_at": null, "input_kind": "OSM-derived geometry and disclosed scenario attributes", "kind": "building", "id": "building-35", "imported_from": "QGIS source inventory"}}, {"type": "Feature", "geometry": {"type": "MultiPolygon", "coordinates": [[[[123.7150212, 10.5042768], [123.71507390000001, 10.504144500000002], [123.7149026, 10.5040785], [123.7148398, 10.504236], [123.7149039, 10.504260699999998], [123.71491400000001, 10.504235499999998], [123.7150212, 10.5042768]]]]}, "properties": {"fid": 36, "osm_id": "699538440", "bldg_dens": 0.119959, "bldg_mat": 2, "humidity": 70.0, "temp_c": 30.0, "house_cnt": 1, "wind_dir": 45, "wind_spd": 15.0, "alley_wd": 6.0, "oxygen_v": 1.0, "mat_src": "scenario assumption", "wd_src": "assumed by road class", "fire_state": "safe", "burn_min": -1.0, "geom_src": "OSM snapshot; incomplete mapping", "mapped_by": null, "mapped_at": null, "input_kind": "OSM-derived geometry and disclosed scenario attributes", "kind": "building", "id": "building-36", "imported_from": "QGIS source inventory"}}, {"type": "Feature", "geometry": {"type": "MultiPolygon", "coordinates": [[[[123.71507270000001, 10.506373199999995], [123.71515910000001, 10.506407], [123.71519029999999, 10.506329899999999], [123.71510389999999, 10.506296100000002], [123.71507270000001, 10.506373199999995]]]]}, "properties": {"fid": 37, "osm_id": "699538441", "bldg_dens": 0.218754, "bldg_mat": 2, "humidity": 70.0, "temp_c": 30.0, "house_cnt": 1, "wind_dir": 45, "wind_spd": 15.0, "alley_wd": 3.0, "oxygen_v": 1.0, "mat_src": "scenario assumption", "wd_src": "assumed by road class", "fire_state": "safe", "burn_min": -1.0, "geom_src": "OSM snapshot; incomplete mapping", "mapped_by": null, "mapped_at": null, "input_kind": "OSM-derived geometry and disclosed scenario attributes", "kind": "building", "id": "building-37", "imported_from": "QGIS source inventory"}}, {"type": "Feature", "geometry": {"type": "MultiPolygon", "coordinates": [[[[123.7150717, 10.5059731], [123.71512639999999, 10.505842299999998], [123.71502709999999, 10.505800699999998], [123.7150068, 10.5058494], [123.7149309, 10.505817599999999], [123.7148965, 10.5058997], [123.7150717, 10.5059731]]]]}, "properties": {"fid": 38, "osm_id": "699538442", "bldg_dens": 0.534686, "bldg_mat": 2, "humidity": 70.0, "temp_c": 30.0, "house_cnt": 1, "wind_dir": 45, "wind_spd": 15.0, "alley_wd": 3.0, "oxygen_v": 1.0, "mat_src": "scenario assumption", "wd_src": "assumed by road class", "fire_state": "safe", "burn_min": -1.0, "geom_src": "OSM snapshot; incomplete mapping", "mapped_by": null, "mapped_at": null, "input_kind": "OSM-derived geometry and disclosed scenario attributes", "kind": "building", "id": "building-38", "imported_from": "QGIS source inventory"}}, {"type": "Feature", "geometry": {"type": "MultiPolygon", "coordinates": [[[[123.71708310000001, 10.5056587], [123.71703790000001, 10.5057176], [123.7173878, 10.505977499999998], [123.71743299999999, 10.505918699999999], [123.71708310000001, 10.5056587]]]]}, "properties": {"fid": 39, "osm_id": "699538443", "bldg_dens": 0.193192, "bldg_mat": 2, "humidity": 70.0, "temp_c": 30.0, "house_cnt": 1, "wind_dir": 45, "wind_spd": 15.0, "alley_wd": 4.0, "oxygen_v": 1.0, "mat_src": "scenario assumption", "wd_src": "assumed by road class", "fire_state": "safe", "burn_min": -1.0, "geom_src": "OSM snapshot; incomplete mapping", "mapped_by": null, "mapped_at": null, "input_kind": "OSM-derived geometry and disclosed scenario attributes", "kind": "building", "id": "building-39", "imported_from": "QGIS source inventory"}}, {"type": "Feature", "geometry": {"type": "MultiPolygon", "coordinates": [[[[123.71692260000002, 10.506073199999998], [123.71701140000002, 10.506080399999997], [123.7170238, 10.5059337], [123.716935, 10.505926399999998], [123.71692260000002, 10.506073199999998]]]]}, "properties": {"fid": 40, "osm_id": "699538444", "bldg_dens": 0.15365, "bldg_mat": 2, "humidity": 70.0, "temp_c": 30.0, "house_cnt": 1, "wind_dir": 45, "wind_spd": 15.0, "alley_wd": 4.0, "oxygen_v": 1.0, "mat_src": "scenario assumption", "wd_src": "assumed by road class", "fire_state": "safe", "burn_min": -1.0, "geom_src": "OSM snapshot; incomplete mapping", "mapped_by": null, "mapped_at": null, "input_kind": "OSM-derived geometry and disclosed scenario attributes", "kind": "building", "id": "building-40", "imported_from": "QGIS source inventory"}}, {"type": "Feature", "geometry": {"type": "MultiPolygon", "coordinates": [[[[123.71699490000002, 10.5058899], [123.71704140000001, 10.505813300000002], [123.71697750000001, 10.5057759], [123.71698670000002, 10.5057607], [123.7169408, 10.505733799999998], [123.71688510000001, 10.5058255], [123.71699490000002, 10.5058899]]]]}, "properties": {"fid": 41, "osm_id": "699538445", "bldg_dens": 0.230266, "bldg_mat": 2, "humidity": 70.0, "temp_c": 30.0, "house_cnt": 1, "wind_dir": 45, "wind_spd": 15.0, "alley_wd": 4.0, "oxygen_v": 1.0, "mat_src": "scenario assumption", "wd_src": "assumed by road class", "fire_state": "safe", "burn_min": -1.0, "geom_src": "OSM snapshot; incomplete mapping", "mapped_by": null, "mapped_at": null, "input_kind": "OSM-derived geometry and disclosed scenario attributes", "kind": "building", "id": "building-41", "imported_from": "QGIS source inventory"}}, {"type": "Feature", "geometry": {"type": "MultiPolygon", "coordinates": [[[[123.71679260000002, 10.505926799999997], [123.7168736, 10.5059603], [123.7169191, 10.505853899999996], [123.71683800000001, 10.5058204], [123.71679260000002, 10.505926799999997]]]]}, "properties": {"fid": 42, "osm_id": "699538446", "bldg_dens": 0.156553, "bldg_mat": 2, "humidity": 70.0, "temp_c": 30.0, "house_cnt": 1, "wind_dir": 45, "wind_spd": 15.0, "alley_wd": 4.0, "oxygen_v": 1.0, "mat_src": "scenario assumption", "wd_src": "assumed by road class", "fire_state": "safe", "burn_min": -1.0, "geom_src": "OSM snapshot; incomplete mapping", "mapped_by": null, "mapped_at": null, "input_kind": "OSM-derived geometry and disclosed scenario attributes", "kind": "building", "id": "building-42", "imported_from": "QGIS source inventory"}}, {"type": "Feature", "geometry": {"type": "MultiPolygon", "coordinates": [[[[123.717551, 10.5051197], [123.71767089999999, 10.5051562], [123.7177031, 10.5050539], [123.71758320000002, 10.505017500000001], [123.717551, 10.5051197]]]]}, "properties": {"fid": 43, "osm_id": "699538452", "bldg_dens": 0.057531, "bldg_mat": 2, "humidity": 70.0, "temp_c": 30.0, "house_cnt": 1, "wind_dir": 45, "wind_spd": 15.0, "alley_wd": 3.0, "oxygen_v": 1.0, "mat_src": "scenario assumption", "wd_src": "assumed by road class", "fire_state": "safe", "burn_min": -1.0, "geom_src": "OSM snapshot; incomplete mapping", "mapped_by": null, "mapped_at": null, "input_kind": "OSM-derived geometry and disclosed scenario attributes", "kind": "building", "id": "building-43", "imported_from": "QGIS source inventory"}}, {"type": "Feature", "geometry": {"type": "MultiPolygon", "coordinates": [[[[123.7168726, 10.505225900000001], [123.71695410000001, 10.505285199999998], [123.71708150000002, 10.505115899999998], [123.7169999, 10.5050565], [123.7168726, 10.505225900000001]]]]}, "properties": {"fid": 44, "osm_id": "699538453", "bldg_dens": 0.091515, "bldg_mat": 2, "humidity": 70.0, "temp_c": 30.0, "house_cnt": 1, "wind_dir": 45, "wind_spd": 15.0, "alley_wd": 3.0, "oxygen_v": 1.0, "mat_src": "scenario assumption", "wd_src": "assumed by road class", "fire_state": "safe", "burn_min": -1.0, "geom_src": "OSM snapshot; incomplete mapping", "mapped_by": null, "mapped_at": null, "input_kind": "OSM-derived geometry and disclosed scenario attributes", "kind": "building", "id": "building-44", "imported_from": "QGIS source inventory"}}, {"type": "Feature", "geometry": {"type": "MultiPolygon", "coordinates": [[[[123.7172504, 10.505759999999999], [123.71728200000001, 10.5057207], [123.71719290000001, 10.5056513], [123.7171612, 10.5056906], [123.7172504, 10.505759999999999]]]]}, "properties": {"fid": 45, "osm_id": "699538454", "bldg_dens": 0.171217, "bldg_mat": 2, "humidity": 70.0, "temp_c": 30.0, "house_cnt": 1, "wind_dir": 45, "wind_spd": 15.0, "alley_wd": 4.0, "oxygen_v": 1.0, "mat_src": "scenario assumption", "wd_src": "assumed by road class", "fire_state": "safe", "burn_min": -1.0, "geom_src": "OSM snapshot; incomplete mapping", "mapped_by": null, "mapped_at": null, "input_kind": "OSM-derived geometry and disclosed scenario attributes", "kind": "building", "id": "building-45", "imported_from": "QGIS source inventory"}}, {"type": "Feature", "geometry": {"type": "MultiPolygon", "coordinates": [[[[123.71754120000001, 10.5034326], [123.7175733, 10.503388999999999], [123.71750910000002, 10.5033432], [123.717581, 10.5032456], [123.7175654, 10.5032438], [123.7175698, 10.5032081], [123.7175141, 10.5032015], [123.71750920000001, 10.503242199999997], [123.7174487, 10.503218899999998], [123.7174145, 10.503252499999999], [123.71740920000002, 10.503297300000002], [123.7173803, 10.503318], [123.71754120000001, 10.5034326]]]]}, "properties": {"fid": 46, "osm_id": "699538461", "bldg_dens": 0.100906, "bldg_mat": 2, "humidity": 70.0, "temp_c": 30.0, "house_cnt": 1, "wind_dir": 45, "wind_spd": 15.0, "alley_wd": 3.0, "oxygen_v": 1.0, "mat_src": "scenario assumption", "wd_src": "assumed by road class", "fire_state": "safe", "burn_min": -1.0, "geom_src": "OSM snapshot; incomplete mapping", "mapped_by": null, "mapped_at": null, "input_kind": "OSM-derived geometry and disclosed scenario attributes", "kind": "building", "id": "building-46", "imported_from": "QGIS source inventory"}}, {"type": "Feature", "geometry": {"type": "MultiPolygon", "coordinates": [[[[123.71788549999998, 10.503410500000001], [123.71794720000001, 10.5034173], [123.7179543, 10.503355899999999], [123.71789260000001, 10.503349], [123.71788549999998, 10.503410500000001]]]]}, "properties": {"fid": 47, "osm_id": "699538465", "bldg_dens": 0.042189, "bldg_mat": 2, "humidity": 70.0, "temp_c": 30.0, "house_cnt": 1, "wind_dir": 45, "wind_spd": 15.0, "alley_wd": 3.0, "oxygen_v": 1.0, "mat_src": "scenario assumption", "wd_src": "assumed by road class", "fire_state": "safe", "burn_min": -1.0, "geom_src": "OSM snapshot; incomplete mapping", "mapped_by": null, "mapped_at": null, "input_kind": "OSM-derived geometry and disclosed scenario attributes", "kind": "building", "id": "building-47", "imported_from": "QGIS source inventory"}}, {"type": "Feature", "geometry": {"type": "MultiPolygon", "coordinates": [[[[123.71419660000001, 10.5074048], [123.71419860000002, 10.5074952], [123.7144935, 10.5074886], [123.7144914, 10.507398300000002], [123.71419660000001, 10.5074048]]]]}, "properties": {"fid": 48, "osm_id": "773155806", "bldg_dens": 0.303787, "bldg_mat": 2, "humidity": 70.0, "temp_c": 30.0, "house_cnt": 1, "wind_dir": 45, "wind_spd": 15.0, "alley_wd": 4.0, "oxygen_v": 1.0, "mat_src": "scenario assumption", "wd_src": "assumed by road class", "fire_state": "burning", "burn_min": 9.0, "geom_src": "OSM snapshot; incomplete mapping", "mapped_by": null, "mapped_at": null, "input_kind": "OSM-derived geometry and disclosed scenario attributes", "kind": "building", "id": "building-48", "imported_from": "QGIS source inventory"}}, {"type": "Feature", "geometry": {"type": "MultiPolygon", "coordinates": [[[[123.71417770000001, 10.507274100000002], [123.7141825, 10.507384100000001], [123.71440090000002, 10.507375], [123.71439610000002, 10.507265], [123.71417770000001, 10.507274100000002]]]]}, "properties": {"fid": 49, "osm_id": "773155807", "bldg_dens": 0.372604, "bldg_mat": 2, "humidity": 70.0, "temp_c": 30.0, "house_cnt": 1, "wind_dir": 45, "wind_spd": 15.0, "alley_wd": 3.0, "oxygen_v": 1.0, "mat_src": "scenario assumption", "wd_src": "assumed by road class", "fire_state": "burning", "burn_min": 8.0, "geom_src": "OSM snapshot; incomplete mapping", "mapped_by": null, "mapped_at": null, "input_kind": "OSM-derived geometry and disclosed scenario attributes", "kind": "building", "id": "building-49", "imported_from": "QGIS source inventory"}}, {"type": "Feature", "geometry": {"type": "MultiPolygon", "coordinates": [[[[123.71417290000001, 10.507244900000002], [123.7142675, 10.5072656], [123.7142867, 10.507180599999998], [123.71419209999999, 10.507159999999999], [123.71417290000001, 10.507244900000002]]]]}, "properties": {"fid": 50, "osm_id": "773155808", "bldg_dens": 0.415199, "bldg_mat": 2, "humidity": 70.0, "temp_c": 30.0, "house_cnt": 1, "wind_dir": 45, "wind_spd": 15.0, "alley_wd": 3.0, "oxygen_v": 1.0, "mat_src": "scenario assumption", "wd_src": "assumed by road class", "fire_state": "burning", "burn_min": 2.0, "geom_src": "OSM snapshot; incomplete mapping", "mapped_by": null, "mapped_at": null, "input_kind": "OSM-derived geometry and disclosed scenario attributes", "kind": "building", "id": "building-50", "imported_from": "QGIS source inventory"}}, {"type": "Feature", "geometry": {"type": "MultiPolygon", "coordinates": [[[[123.7144653, 10.5073127], [123.71456410000002, 10.5073291], [123.71457939999999, 10.5072398], [123.7144806, 10.507223499999998], [123.7144653, 10.5073127]]]]}, "properties": {"fid": 51, "osm_id": "773155809", "bldg_dens": 0.449094, "bldg_mat": 2, "humidity": 70.0, "temp_c": 30.0, "house_cnt": 1, "wind_dir": 45, "wind_spd": 15.0, "alley_wd": 3.0, "oxygen_v": 1.0, "mat_src": "scenario assumption", "wd_src": "assumed by road class", "fire_state": "burning", "burn_min": 3.0, "geom_src": "OSM snapshot; incomplete mapping", "mapped_by": null, "mapped_at": null, "input_kind": "OSM-derived geometry and disclosed scenario attributes", "kind": "building", "id": "building-51", "imported_from": "QGIS source inventory"}}, {"type": "Feature", "geometry": {"type": "MultiPolygon", "coordinates": [[[[123.7147403, 10.507248299999999], [123.7145934, 10.507226099999999], [123.7145805, 10.5073084], [123.7147274, 10.507330499999998], [123.7147403, 10.507248299999999]]]]}, "properties": {"fid": 52, "osm_id": "773155810", "bldg_dens": 0.34133, "bldg_mat": 2, "humidity": 70.0, "temp_c": 30.0, "house_cnt": 1, "wind_dir": 45, "wind_spd": 15.0, "alley_wd": 3.0, "oxygen_v": 1.0, "mat_src": "scenario assumption", "wd_src": "assumed by road class", "fire_state": "burning", "burn_min": 6.0, "geom_src": "OSM snapshot; incomplete mapping", "mapped_by": null, "mapped_at": null, "input_kind": "OSM-derived geometry and disclosed scenario attributes", "kind": "building", "id": "building-52", "imported_from": "QGIS source inventory"}}, {"type": "Feature", "geometry": {"type": "MultiPolygon", "coordinates": [[[[123.7145399, 10.507454899999999], [123.71452279999998, 10.5075178], [123.71463100000001, 10.507546200000002], [123.71464810000002, 10.507483299999999], [123.7145399, 10.507454899999999]]]]}, "properties": {"fid": 53, "osm_id": "773155811", "bldg_dens": 0.261518, "bldg_mat": 2, "humidity": 70.0, "temp_c": 30.0, "house_cnt": 1, "wind_dir": 45, "wind_spd": 15.0, "alley_wd": 4.0, "oxygen_v": 1.0, "mat_src": "scenario assumption", "wd_src": "assumed by road class", "fire_state": "safe", "burn_min": -1.0, "geom_src": "OSM snapshot; incomplete mapping", "mapped_by": null, "mapped_at": null, "input_kind": "OSM-derived geometry and disclosed scenario attributes", "kind": "building", "id": "building-53", "imported_from": "QGIS source inventory"}}, {"type": "Feature", "geometry": {"type": "MultiPolygon", "coordinates": [[[[123.71467789999998, 10.507442399999999], [123.7146651, 10.5075267], [123.7148619, 10.5075556], [123.71487470000001, 10.5074712], [123.71467789999998, 10.507442399999999]]]]}, "properties": {"fid": 54, "osm_id": "773155812", "bldg_dens": 0.240811, "bldg_mat": 2, "humidity": 70.0, "temp_c": 30.0, "house_cnt": 1, "wind_dir": 45, "wind_spd": 15.0, "alley_wd": 3.0, "oxygen_v": 1.0, "mat_src": "scenario assumption", "wd_src": "assumed by road class", "fire_state": "burning", "burn_min": 9.0, "geom_src": "OSM snapshot; incomplete mapping", "mapped_by": null, "mapped_at": null, "input_kind": "OSM-derived geometry and disclosed scenario attributes", "kind": "building", "id": "building-54", "imported_from": "QGIS source inventory"}}, {"type": "Feature", "geometry": {"type": "MultiPolygon", "coordinates": [[[[123.7149259, 10.5072552], [123.7148789, 10.507490500000001], [123.71500280000001, 10.5075144], [123.71504980000002, 10.5072791], [123.7149259, 10.5072552]]]]}, "properties": {"fid": 55, "osm_id": "773155813", "bldg_dens": 0.2438, "bldg_mat": 2, "humidity": 70.0, "temp_c": 30.0, "house_cnt": 1, "wind_dir": 45, "wind_spd": 15.0, "alley_wd": 3.0, "oxygen_v": 1.0, "mat_src": "scenario assumption", "wd_src": "assumed by road class", "fire_state": "safe", "burn_min": -1.0, "geom_src": "OSM snapshot; incomplete mapping", "mapped_by": null, "mapped_at": null, "input_kind": "OSM-derived geometry and disclosed scenario attributes", "kind": "building", "id": "building-55", "imported_from": "QGIS source inventory"}}, {"type": "Feature", "geometry": {"type": "MultiPolygon", "coordinates": [[[[123.71409330000002, 10.506808499999998], [123.71404360000001, 10.506906699999996], [123.71409519999999, 10.506931899999998], [123.7141449, 10.5068337], [123.71409330000002, 10.506808499999998]]]]}, "properties": {"fid": 56, "osm_id": "816428536", "bldg_dens": 0.352779, "bldg_mat": 2, "humidity": 70.0, "temp_c": 30.0, "house_cnt": 1, "wind_dir": 45, "wind_spd": 15.0, "alley_wd": 3.0, "oxygen_v": 1.0, "mat_src": "scenario assumption", "wd_src": "assumed by road class", "fire_state": "burning", "burn_min": 6.0, "geom_src": "OSM snapshot; incomplete mapping", "mapped_by": null, "mapped_at": null, "input_kind": "OSM-derived geometry and disclosed scenario attributes", "kind": "building", "id": "building-56", "imported_from": "QGIS source inventory"}}, {"type": "Feature", "geometry": {"type": "MultiPolygon", "coordinates": [[[[123.71406240000002, 10.5067742], [123.71413930000001, 10.506801999999997], [123.71419630000001, 10.5066497], [123.7141194, 10.506621900000003], [123.71406240000002, 10.5067742]]]]}, "properties": {"fid": 57, "osm_id": "816428537", "bldg_dens": 0.31267, "bldg_mat": 2, "humidity": 70.0, "temp_c": 30.0, "house_cnt": 1, "wind_dir": 45, "wind_spd": 15.0, "alley_wd": 3.0, "oxygen_v": 1.0, "mat_src": "scenario assumption", "wd_src": "assumed by road class", "fire_state": "burning", "burn_min": 4.0, "geom_src": "OSM snapshot; incomplete mapping", "mapped_by": null, "mapped_at": null, "input_kind": "OSM-derived geometry and disclosed scenario attributes", "kind": "building", "id": "building-57", "imported_from": "QGIS source inventory"}}, {"type": "Feature", "geometry": {"type": "MultiPolygon", "coordinates": [[[[123.7135991, 10.5066806], [123.7137734, 10.5067801], [123.71381980000001, 10.5067017], [123.71364540000002, 10.5066021], [123.7135991, 10.5066806]]]]}, "properties": {"fid": 58, "osm_id": "816428538", "bldg_dens": 0.223951, "bldg_mat": 2, "humidity": 70.0, "temp_c": 30.0, "house_cnt": 1, "wind_dir": 45, "wind_spd": 15.0, "alley_wd": 6.0, "oxygen_v": 1.0, "mat_src": "scenario assumption", "wd_src": "assumed by road class", "fire_state": "burning", "burn_min": 7.0, "geom_src": "OSM snapshot; incomplete mapping", "mapped_by": null, "mapped_at": null, "input_kind": "OSM-derived geometry and disclosed scenario attributes", "kind": "building", "id": "building-58", "imported_from": "QGIS source inventory"}}, {"type": "Feature", "geometry": {"type": "MultiPolygon", "coordinates": [[[[123.7137929, 10.506781499999999], [123.7139364, 10.5068599], [123.71399340000002, 10.506759100000002], [123.7138499, 10.5066806], [123.7137929, 10.506781499999999]]]]}, "properties": {"fid": 59, "osm_id": "816428539", "bldg_dens": 0.22938, "bldg_mat": 2, "humidity": 70.0, "temp_c": 30.0, "house_cnt": 1, "wind_dir": 45, "wind_spd": 15.0, "alley_wd": 6.0, "oxygen_v": 1.0, "mat_src": "scenario assumption", "wd_src": "assumed by road class", "fire_state": "burning", "burn_min": 6.0, "geom_src": "OSM snapshot; incomplete mapping", "mapped_by": null, "mapped_at": null, "input_kind": "OSM-derived geometry and disclosed scenario attributes", "kind": "building", "id": "building-59", "imported_from": "QGIS source inventory"}}, {"type": "Feature", "geometry": {"type": "MultiPolygon", "coordinates": [[[[123.7141094, 10.507092000000002], [123.7142006, 10.507112199999996], [123.7142334, 10.506969200000002], [123.7141422, 10.506948900000001], [123.7141094, 10.507092000000002]]]]}, "properties": {"fid": 60, "osm_id": "816428540", "bldg_dens": 0.332472, "bldg_mat": 2, "humidity": 70.0, "temp_c": 30.0, "house_cnt": 1, "wind_dir": 45, "wind_spd": 15.0, "alley_wd": 3.0, "oxygen_v": 1.0, "mat_src": "scenario assumption", "wd_src": "assumed by road class", "fire_state": "burning", "burn_min": 5.0, "geom_src": "OSM snapshot; incomplete mapping", "mapped_by": null, "mapped_at": null, "input_kind": "OSM-derived geometry and disclosed scenario attributes", "kind": "building", "id": "building-60", "imported_from": "QGIS source inventory"}}, {"type": "Feature", "geometry": {"type": "MultiPolygon", "coordinates": [[[[123.71414290000001, 10.506899499999998], [123.71424340000002, 10.506940100000001], [123.71436070000001, 10.506659899999999], [123.71426020000001, 10.5066193], [123.71414290000001, 10.506899499999998]]]]}, "properties": {"fid": 61, "osm_id": "816428541", "bldg_dens": 0.329341, "bldg_mat": 2, "humidity": 70.0, "temp_c": 30.0, "house_cnt": 1, "wind_dir": 45, "wind_spd": 15.0, "alley_wd": 3.0, "oxygen_v": 1.0, "mat_src": "scenario assumption", "wd_src": "assumed by road class", "fire_state": "burning", "burn_min": 5.0, "geom_src": "OSM snapshot; incomplete mapping", "mapped_by": null, "mapped_at": null, "input_kind": "OSM-derived geometry and disclosed scenario attributes", "kind": "building", "id": "building-61", "imported_from": "QGIS source inventory"}}, {"type": "Feature", "geometry": {"type": "MultiPolygon", "coordinates": [[[[123.71468869999998, 10.506893499999999], [123.71479060000001, 10.506923199999996], [123.7148149, 10.5068427], [123.714713, 10.506813], [123.71468869999998, 10.506893499999999]]]]}, "properties": {"fid": 62, "osm_id": "816428542", "bldg_dens": 0.39613, "bldg_mat": 2, "humidity": 70.0, "temp_c": 30.0, "house_cnt": 1, "wind_dir": 45, "wind_spd": 15.0, "alley_wd": 3.0, "oxygen_v": 1.0, "mat_src": "scenario assumption", "wd_src": "assumed by road class", "fire_state": "burning", "burn_min": 3.0, "geom_src": "OSM snapshot; incomplete mapping", "mapped_by": null, "mapped_at": null, "input_kind": "OSM-derived geometry and disclosed scenario attributes", "kind": "building", "id": "building-62", "imported_from": "QGIS source inventory"}}, {"type": "Feature", "geometry": {"type": "MultiPolygon", "coordinates": [[[[123.7149201, 10.507198799999996], [123.7150191, 10.5072203], [123.7150614, 10.5070317], [123.71496230000001, 10.507010300000001], [123.7149201, 10.507198799999996]]]]}, "properties": {"fid": 63, "osm_id": "816428543", "bldg_dens": 0.316601, "bldg_mat": 2, "humidity": 70.0, "temp_c": 30.0, "house_cnt": 1, "wind_dir": 45, "wind_spd": 15.0, "alley_wd": 3.0, "oxygen_v": 1.0, "mat_src": "scenario assumption", "wd_src": "assumed by road class", "fire_state": "safe", "burn_min": -1.0, "geom_src": "OSM snapshot; incomplete mapping", "mapped_by": null, "mapped_at": null, "input_kind": "OSM-derived geometry and disclosed scenario attributes", "kind": "building", "id": "building-63", "imported_from": "QGIS source inventory"}}, {"type": "Feature", "geometry": {"type": "MultiPolygon", "coordinates": [[[[123.7147062, 10.5070623], [123.71468589999999, 10.507149899999998], [123.71484820000002, 10.507186100000002], [123.71486839999999, 10.507098599999999], [123.7147062, 10.5070623]]]]}, "properties": {"fid": 64, "osm_id": "816428544", "bldg_dens": 0.392111, "bldg_mat": 2, "humidity": 70.0, "temp_c": 30.0, "house_cnt": 1, "wind_dir": 45, "wind_spd": 15.0, "alley_wd": 3.0, "oxygen_v": 1.0, "mat_src": "scenario assumption", "wd_src": "assumed by road class", "fire_state": "burning", "burn_min": 8.0, "geom_src": "OSM snapshot; incomplete mapping", "mapped_by": null, "mapped_at": null, "input_kind": "OSM-derived geometry and disclosed scenario attributes", "kind": "building", "id": "building-64", "imported_from": "QGIS source inventory"}}, {"type": "Feature", "geometry": {"type": "MultiPolygon", "coordinates": [[[[123.7150656, 10.506615999999996], [123.7150431, 10.506684199999999], [123.71514230000001, 10.506715899999998], [123.71516480000001, 10.5066476], [123.7150656, 10.506615999999996]]]]}, "properties": {"fid": 65, "osm_id": "816428545", "bldg_dens": 0.226771, "bldg_mat": 2, "humidity": 70.0, "temp_c": 30.0, "house_cnt": 1, "wind_dir": 45, "wind_spd": 15.0, "alley_wd": 3.0, "oxygen_v": 1.0, "mat_src": "scenario assumption", "wd_src": "assumed by road class", "fire_state": "burning", "burn_min": 9.0, "geom_src": "OSM snapshot; incomplete mapping", "mapped_by": null, "mapped_at": null, "input_kind": "OSM-derived geometry and disclosed scenario attributes", "kind": "building", "id": "building-65", "imported_from": "QGIS source inventory"}}, {"type": "Feature", "geometry": {"type": "MultiPolygon", "coordinates": [[[[123.7149958, 10.506861199999994], [123.7151265, 10.506888700000001], [123.71516200000002, 10.506725199999998], [123.7150314, 10.506697699999998], [123.7149958, 10.506861199999994]]]]}, "properties": {"fid": 66, "osm_id": "816428546", "bldg_dens": 0.305571, "bldg_mat": 2, "humidity": 70.0, "temp_c": 30.0, "house_cnt": 1, "wind_dir": 45, "wind_spd": 15.0, "alley_wd": 3.0, "oxygen_v": 1.0, "mat_src": "scenario assumption", "wd_src": "assumed by road class", "fire_state": "safe", "burn_min": -1.0, "geom_src": "OSM snapshot; incomplete mapping", "mapped_by": null, "mapped_at": null, "input_kind": "OSM-derived geometry and disclosed scenario attributes", "kind": "building", "id": "building-66", "imported_from": "QGIS source inventory"}}, {"type": "Feature", "geometry": {"type": "MultiPolygon", "coordinates": [[[[123.7147719, 10.507039199999998], [123.7148942, 10.5070708], [123.71499550000001, 10.506691000000002], [123.71487310000002, 10.5066595], [123.7147719, 10.507039199999998]]]]}, "properties": {"fid": 67, "osm_id": "816428547", "bldg_dens": 0.466859, "bldg_mat": 2, "humidity": 70.0, "temp_c": 30.0, "house_cnt": 1, "wind_dir": 45, "wind_spd": 15.0, "alley_wd": 3.0, "oxygen_v": 1.0, "mat_src": "scenario assumption", "wd_src": "assumed by road class", "fire_state": "burning", "burn_min": 1.0, "geom_src": "OSM snapshot; incomplete mapping", "mapped_by": null, "mapped_at": null, "input_kind": "OSM-derived geometry and disclosed scenario attributes", "kind": "building", "id": "building-67", "imported_from": "QGIS source inventory"}}, {"type": "Feature", "geometry": {"type": "MultiPolygon", "coordinates": [[[[123.71426490000002, 10.5069562], [123.71424189999999, 10.507045899999996], [123.7145919, 10.507132899999995], [123.714615, 10.507043199999998], [123.71426490000002, 10.5069562]]]]}, "properties": {"fid": 68, "osm_id": "816428548", "bldg_dens": 0.350009, "bldg_mat": 2, "humidity": 70.0, "temp_c": 30.0, "house_cnt": 1, "wind_dir": 45, "wind_spd": 15.0, "alley_wd": 3.0, "oxygen_v": 1.0, "mat_src": "scenario assumption", "wd_src": "assumed by road class", "fire_state": "burning", "burn_min": 5.0, "geom_src": "OSM snapshot; incomplete mapping", "mapped_by": null, "mapped_at": null, "input_kind": "OSM-derived geometry and disclosed scenario attributes", "kind": "building", "id": "building-68", "imported_from": "QGIS source inventory"}}, {"type": "Feature", "geometry": {"type": "MultiPolygon", "coordinates": [[[[123.7144131, 10.5065553], [123.71482750000001, 10.506736599999998], [123.7148752, 10.5066314], [123.7144608, 10.5064501], [123.7144131, 10.5065553]]]]}, "properties": {"fid": 69, "osm_id": "816428549", "bldg_dens": 0.256142, "bldg_mat": 2, "humidity": 70.0, "temp_c": 30.0, "house_cnt": 1, "wind_dir": 45, "wind_spd": 15.0, "alley_wd": 3.0, "oxygen_v": 1.0, "mat_src": "scenario assumption", "wd_src": "assumed by road class", "fire_state": "burning", "burn_min": 0.0, "geom_src": "OSM snapshot; incomplete mapping", "mapped_by": null, "mapped_at": null, "input_kind": "OSM-derived geometry and disclosed scenario attributes", "kind": "building", "id": "building-69", "imported_from": "QGIS source inventory"}}, {"type": "Feature", "geometry": {"type": "MultiPolygon", "coordinates": [[[[123.7142817, 10.506588300000002], [123.7143576, 10.506621199999998], [123.71443540000001, 10.5064478], [123.71435950000001, 10.5064149], [123.7142817, 10.506588300000002]]]]}, "properties": {"fid": 70, "osm_id": "816428550", "bldg_dens": 0.315978, "bldg_mat": 2, "humidity": 70.0, "temp_c": 30.0, "house_cnt": 1, "wind_dir": 45, "wind_spd": 15.0, "alley_wd": 3.0, "oxygen_v": 1.0, "mat_src": "scenario assumption", "wd_src": "assumed by road class", "fire_state": "burning", "burn_min": 6.0, "geom_src": "OSM snapshot; incomplete mapping", "mapped_by": null, "mapped_at": null, "input_kind": "OSM-derived geometry and disclosed scenario attributes", "kind": "building", "id": "building-70", "imported_from": "QGIS source inventory"}}, {"type": "Feature", "geometry": {"type": "MultiPolygon", "coordinates": [[[[123.71370840000002, 10.506623899999997], [123.7138425, 10.506363499999999], [123.7137705, 10.5063276], [123.71363640000001, 10.506587999999999], [123.71370840000002, 10.506623899999997]]]]}, "properties": {"fid": 71, "osm_id": "816428551", "bldg_dens": 0.195964, "bldg_mat": 2, "humidity": 70.0, "temp_c": 30.0, "house_cnt": 1, "wind_dir": 45, "wind_spd": 15.0, "alley_wd": 6.0, "oxygen_v": 1.0, "mat_src": "scenario assumption", "wd_src": "assumed by road class", "fire_state": "burning", "burn_min": 7.0, "geom_src": "OSM snapshot; incomplete mapping", "mapped_by": null, "mapped_at": null, "input_kind": "OSM-derived geometry and disclosed scenario attributes", "kind": "building", "id": "building-71", "imported_from": "QGIS source inventory"}}, {"type": "Feature", "geometry": {"type": "MultiPolygon", "coordinates": [[[[123.71389749999999, 10.506211200000001], [123.7138614, 10.506285999999994], [123.7142858, 10.506483800000002], [123.7143219, 10.506408900000002], [123.71389749999999, 10.506211200000001]]]]}, "properties": {"fid": 72, "osm_id": "816428552", "bldg_dens": 0.169588, "bldg_mat": 2, "humidity": 70.0, "temp_c": 30.0, "house_cnt": 1, "wind_dir": 45, "wind_spd": 15.0, "alley_wd": 3.0, "oxygen_v": 1.0, "mat_src": "scenario assumption", "wd_src": "assumed by road class", "fire_state": "burning", "burn_min": 6.0, "geom_src": "OSM snapshot; incomplete mapping", "mapped_by": null, "mapped_at": null, "input_kind": "OSM-derived geometry and disclosed scenario attributes", "kind": "building", "id": "building-72", "imported_from": "QGIS source inventory"}}, {"type": "Feature", "geometry": {"type": "MultiPolygon", "coordinates": [[[[123.7118734, 10.505367200000002], [123.71197960000002, 10.5054122], [123.7121617, 10.504996699999996], [123.71205550000002, 10.504951699999998], [123.7118734, 10.505367200000002]]]]}, "properties": {"fid": 73, "osm_id": "1035036963", "bldg_dens": 0.54897, "bldg_mat": 2, "humidity": 70.0, "temp_c": 30.0, "house_cnt": 1, "wind_dir": 45, "wind_spd": 15.0, "alley_wd": 3.0, "oxygen_v": 1.0, "mat_src": "scenario assumption", "wd_src": "assumed by road class", "fire_state": "safe", "burn_min": -1.0, "geom_src": "OSM snapshot; incomplete mapping", "mapped_by": null, "mapped_at": null, "input_kind": "OSM-derived geometry and disclosed scenario attributes", "kind": "building", "id": "building-73", "imported_from": "QGIS source inventory"}}, {"type": "Feature", "geometry": {"type": "MultiPolygon", "coordinates": [[[[123.71175239999998, 10.503624000000002], [123.71184590000001, 10.5036352], [123.71185580000001, 10.5035551], [123.7117623, 10.5035439], [123.71175239999998, 10.503624000000002]]]]}, "properties": {"fid": 74, "osm_id": "1035036965", "bldg_dens": 0.133336, "bldg_mat": 2, "humidity": 70.0, "temp_c": 30.0, "house_cnt": 1, "wind_dir": 45, "wind_spd": 15.0, "alley_wd": 3.0, "oxygen_v": 1.0, "mat_src": "scenario assumption", "wd_src": "assumed by road class", "fire_state": "safe", "burn_min": -1.0, "geom_src": "OSM snapshot; incomplete mapping", "mapped_by": null, "mapped_at": null, "input_kind": "OSM-derived geometry and disclosed scenario attributes", "kind": "building", "id": "building-74", "imported_from": "QGIS source inventory"}}, {"type": "Feature", "geometry": {"type": "MultiPolygon", "coordinates": [[[[123.7151751, 10.5048923], [123.7154379, 10.5050063], [123.71548900000002, 10.5048926], [123.7154124, 10.5048594], [123.71542489999999, 10.504831699999997], [123.7152386, 10.504750799999998], [123.7151751, 10.5048923]]]]}, "properties": {"fid": 75, "osm_id": "1185061812", "bldg_dens": 0.179368, "bldg_mat": 2, "humidity": 70.0, "temp_c": 30.0, "house_cnt": 1, "wind_dir": 45, "wind_spd": 15.0, "alley_wd": 3.0, "oxygen_v": 1.0, "mat_src": "scenario assumption", "wd_src": "assumed by road class", "fire_state": "safe", "burn_min": -1.0, "geom_src": "OSM snapshot; incomplete mapping", "mapped_by": null, "mapped_at": null, "input_kind": "OSM-derived geometry and disclosed scenario attributes", "kind": "building", "id": "building-75", "imported_from": "QGIS source inventory"}}, {"type": "Feature", "geometry": {"type": "MultiPolygon", "coordinates": [[[[123.71224340000002, 10.503180699999998], [123.71231930000002, 10.503195099999997], [123.71234580000001, 10.503060099999997], [123.71226989999998, 10.503045799999999], [123.71224340000002, 10.503180699999998]]]]}, "properties": {"fid": 76, "osm_id": "1185431340", "bldg_dens": 0.098051, "bldg_mat": 2, "humidity": 70.0, "temp_c": 30.0, "house_cnt": 1, "wind_dir": 45, "wind_spd": 15.0, "alley_wd": 3.0, "oxygen_v": 1.0, "mat_src": "scenario assumption", "wd_src": "assumed by road class", "fire_state": "safe", "burn_min": -1.0, "geom_src": "OSM snapshot; incomplete mapping", "mapped_by": null, "mapped_at": null, "input_kind": "OSM-derived geometry and disclosed scenario attributes", "kind": "building", "id": "building-76", "imported_from": "QGIS source inventory"}}, {"type": "Feature", "geometry": {"type": "MultiPolygon", "coordinates": [[[[123.7119919, 10.506865999999999], [123.7120903, 10.506932], [123.71213489999998, 10.5068678], [123.71203649999998, 10.5068018], [123.7119919, 10.506865999999999]]]]}, "properties": {"fid": 77, "osm_id": "1185671693", "bldg_dens": 0.092326, "bldg_mat": 2, "humidity": 70.0, "temp_c": 30.0, "house_cnt": 1, "wind_dir": 45, "wind_spd": 15.0, "alley_wd": 4.0, "oxygen_v": 1.0, "mat_src": "scenario assumption", "wd_src": "assumed by road class", "fire_state": "safe", "burn_min": -1.0, "geom_src": "OSM snapshot; incomplete mapping", "mapped_by": null, "mapped_at": null, "input_kind": "OSM-derived geometry and disclosed scenario attributes", "kind": "building", "id": "building-77", "imported_from": "QGIS source inventory"}}, {"type": "Feature", "geometry": {"type": "MultiPolygon", "coordinates": [[[[123.71527370000001, 10.5054696], [123.7153626, 10.5054985], [123.71538319999999, 10.5054372], [123.7152943, 10.505408399999999], [123.71527370000001, 10.5054696]]]]}, "properties": {"fid": 78, "osm_id": "1315930386", "bldg_dens": 0.031354, "bldg_mat": 2, "humidity": 70.0, "temp_c": 30.0, "house_cnt": 1, "wind_dir": 45, "wind_spd": 15.0, "alley_wd": 3.0, "oxygen_v": 1.0, "mat_src": "scenario assumption", "wd_src": "assumed by road class", "fire_state": "safe", "burn_min": -1.0, "geom_src": "OSM snapshot; incomplete mapping", "mapped_by": null, "mapped_at": null, "input_kind": "OSM-derived geometry and disclosed scenario attributes", "kind": "building", "id": "building-78", "imported_from": "QGIS source inventory"}}, {"type": "Feature", "geometry": {"type": "MultiPolygon", "coordinates": [[[[123.7170236, 10.5038884], [123.71699880000001, 10.503971000000002], [123.7170739, 10.503992800000002], [123.7170987, 10.503910099999997], [123.7170236, 10.5038884]]]]}, "properties": {"fid": 79, "osm_id": "1382710680", "bldg_dens": 0.028893, "bldg_mat": 2, "humidity": 70.0, "temp_c": 30.0, "house_cnt": 1, "wind_dir": 45, "wind_spd": 15.0, "alley_wd": 3.0, "oxygen_v": 1.0, "mat_src": "scenario assumption", "wd_src": "assumed by road class", "fire_state": "safe", "burn_min": -1.0, "geom_src": "OSM snapshot; incomplete mapping", "mapped_by": null, "mapped_at": null, "input_kind": "OSM-derived geometry and disclosed scenario attributes", "kind": "building", "id": "building-79", "imported_from": "QGIS source inventory"}}, {"type": "Feature", "geometry": {"type": "MultiPolygon", "coordinates": [[[[123.71740980000001, 10.504222], [123.7175744, 10.5042532], [123.7176233, 10.504004], [123.7174588, 10.5039728], [123.71740980000001, 10.504222]]]]}, "properties": {"fid": 80, "osm_id": "1382710681", "bldg_dens": 0.182156, "bldg_mat": 2, "humidity": 70.0, "temp_c": 30.0, "house_cnt": 1, "wind_dir": 45, "wind_spd": 15.0, "alley_wd": 3.0, "oxygen_v": 1.0, "mat_src": "scenario assumption", "wd_src": "assumed by road class", "fire_state": "safe", "burn_min": -1.0, "geom_src": "OSM snapshot; incomplete mapping", "mapped_by": null, "mapped_at": null, "input_kind": "OSM-derived geometry and disclosed scenario attributes", "kind": "building", "id": "building-80", "imported_from": "QGIS source inventory"}}, {"type": "Feature", "geometry": {"type": "MultiPolygon", "coordinates": [[[[123.7115941, 10.505811899999996], [123.7115365, 10.5059507], [123.7116844, 10.5060101], [123.711742, 10.5058713], [123.7115941, 10.505811899999996]]]]}, "properties": {"fid": 81, "osm_id": "1382711106", "bldg_dens": 0.154191, "bldg_mat": 2, "humidity": 70.0, "temp_c": 30.0, "house_cnt": 1, "wind_dir": 45, "wind_spd": 15.0, "alley_wd": 4.0, "oxygen_v": 1.0, "mat_src": "scenario assumption", "wd_src": "assumed by road class", "fire_state": "safe", "burn_min": -1.0, "geom_src": "OSM snapshot; incomplete mapping", "mapped_by": null, "mapped_at": null, "input_kind": "OSM-derived geometry and disclosed scenario attributes", "kind": "building", "id": "building-81", "imported_from": "QGIS source inventory"}}, {"type": "Feature", "geometry": {"type": "MultiPolygon", "coordinates": [[[[123.71173450000002, 10.506020699999999], [123.7118964, 10.5060891], [123.71193079999999, 10.506010499999999], [123.71176880000002, 10.505942099999999], [123.71173450000002, 10.506020699999999]]]]}, "properties": {"fid": 82, "osm_id": "1382711107", "bldg_dens": 0.148228, "bldg_mat": 2, "humidity": 70.0, "temp_c": 30.0, "house_cnt": 1, "wind_dir": 45, "wind_spd": 15.0, "alley_wd": 4.0, "oxygen_v": 1.0, "mat_src": "scenario assumption", "wd_src": "assumed by road class", "fire_state": "safe", "burn_min": -1.0, "geom_src": "OSM snapshot; incomplete mapping", "mapped_by": null, "mapped_at": null, "input_kind": "OSM-derived geometry and disclosed scenario attributes", "kind": "building", "id": "building-82", "imported_from": "QGIS source inventory"}}, {"type": "Feature", "geometry": {"type": "MultiPolygon", "coordinates": [[[[123.7142906, 10.507172399999998], [123.71448619999998, 10.507219299999997], [123.7145067, 10.507136599999999], [123.71431110000002, 10.5070897], [123.7142906, 10.507172399999998]]]]}, "properties": {"fid": 83, "osm_id": "1382711741", "bldg_dens": 0.459201, "bldg_mat": 2, "humidity": 70.0, "temp_c": 30.0, "house_cnt": 1, "wind_dir": 45, "wind_spd": 15.0, "alley_wd": 3.0, "oxygen_v": 1.0, "mat_src": "scenario assumption", "wd_src": "assumed by road class", "fire_state": "burning", "burn_min": 4.0, "geom_src": "OSM snapshot; incomplete mapping", "mapped_by": null, "mapped_at": null, "input_kind": "OSM-derived geometry and disclosed scenario attributes", "kind": "building", "id": "building-83", "imported_from": "QGIS source inventory"}}, {"type": "Feature", "geometry": {"type": "MultiPolygon", "coordinates": [[[[123.71213729999998, 10.5069278], [123.7121956, 10.506969], [123.7122303, 10.506921499999999], [123.71217200000001, 10.506880299999995], [123.71213729999998, 10.5069278]]]]}, "properties": {"fid": 84, "osm_id": "1382711743", "bldg_dens": 0.114199, "bldg_mat": 2, "humidity": 70.0, "temp_c": 30.0, "house_cnt": 1, "wind_dir": 45, "wind_spd": 15.0, "alley_wd": 4.0, "oxygen_v": 1.0, "mat_src": "scenario assumption", "wd_src": "assumed by road class", "fire_state": "safe", "burn_min": -1.0, "geom_src": "OSM snapshot; incomplete mapping", "mapped_by": null, "mapped_at": null, "input_kind": "OSM-derived geometry and disclosed scenario attributes", "kind": "building", "id": "building-84", "imported_from": "QGIS source inventory"}}, {"type": "Feature", "geometry": {"type": "MultiPolygon", "coordinates": [[[[123.7156416, 10.507008300000003], [123.7157643, 10.5070623], [123.7158391, 10.506898099999999], [123.71571640000002, 10.506844], [123.7156416, 10.507008300000003]]]]}, "properties": {"fid": 85, "osm_id": "1382711968", "bldg_dens": 0.103624, "bldg_mat": 2, "humidity": 70.0, "temp_c": 30.0, "house_cnt": 1, "wind_dir": 45, "wind_spd": 15.0, "alley_wd": 4.0, "oxygen_v": 1.0, "mat_src": "scenario assumption", "wd_src": "assumed by road class", "fire_state": "safe", "burn_min": -1.0, "geom_src": "OSM snapshot; incomplete mapping", "mapped_by": null, "mapped_at": null, "input_kind": "OSM-derived geometry and disclosed scenario attributes", "kind": "building", "id": "building-85", "imported_from": "QGIS source inventory"}}, {"type": "Feature", "geometry": {"type": "MultiPolygon", "coordinates": [[[[123.71474570000001, 10.505874899999998], [123.71469950000001, 10.5059798], [123.7150932, 10.506147299999999], [123.7151393, 10.5060424], [123.71474570000001, 10.505874899999998]]]]}, "properties": {"fid": 86, "osm_id": "1383891190", "bldg_dens": 0.53239, "bldg_mat": 2, "humidity": 70.0, "temp_c": 30.0, "house_cnt": 1, "wind_dir": 45, "wind_spd": 15.0, "alley_wd": 3.0, "oxygen_v": 1.0, "mat_src": "scenario assumption", "wd_src": "assumed by road class", "fire_state": "safe", "burn_min": -1.0, "geom_src": "OSM snapshot; incomplete mapping", "mapped_by": null, "mapped_at": null, "input_kind": "OSM-derived geometry and disclosed scenario attributes", "kind": "building", "id": "building-86", "imported_from": "QGIS source inventory"}}, {"type": "Feature", "geometry": {"type": "MultiPolygon", "coordinates": [[[[123.7178068, 10.503605699999998], [123.7178528, 10.5036268], [123.71790250000001, 10.5035402], [123.7178348, 10.503513499999999], [123.7178068, 10.503605699999998]]]]}, "properties": {"fid": 87, "osm_id": "1443534016", "bldg_dens": 0.042189, "bldg_mat": 2, "humidity": 70.0, "temp_c": 30.0, "house_cnt": 1, "wind_dir": 45, "wind_spd": 15.0, "alley_wd": 3.0, "oxygen_v": 1.0, "mat_src": "scenario assumption", "wd_src": "assumed by road class", "fire_state": "safe", "burn_min": -1.0, "geom_src": "OSM snapshot; incomplete mapping", "mapped_by": null, "mapped_at": null, "input_kind": "OSM-derived geometry and disclosed scenario attributes", "kind": "building", "id": "building-87", "imported_from": "QGIS source inventory"}}, {"type": "Feature", "geometry": {"type": "MultiPolygon", "coordinates": [[[[123.7124400324812, 10.509781246854027], [123.71243142783375, 10.509821430105086], [123.71252720334513, 10.509869985600483], [123.71255602136833, 10.50979533073778], [123.71248343707545, 10.509746723190698], [123.71243432015903, 10.509818554760184], [123.7124400324812, 10.509781246854027]]]]}, "properties": {"fid": 88, "osm_id": "student_{38374cd6-199f-469a-84df-b01f49487d3a}", "bldg_dens": 0.35, "bldg_mat": 2, "humidity": 70.0, "temp_c": 30.0, "house_cnt": 1, "wind_dir": 45, "wind_spd": 15.0, "alley_wd": 3.0, "oxygen_v": 1.0, "mat_src": "student scenario", "wd_src": "student scenario", "fire_state": "safe", "burn_min": -1.0, "geom_src": "Student digitization; pending review", "mapped_by": "Ben", "mapped_at": "2026-09-23T00:46:43.124", "input_kind": "Declared research scenario; not field measurements", "kind": "building", "id": "building-88", "imported_from": "QGIS source inventory"}}, {"type": "Feature", "geometry": {"type": "MultiLineString", "coordinates": [[[123.71408250000002, 10.505145200000001], [123.71404480000001, 10.505127700000001]]]}, "properties": {"fid": 1, "osm_way": "79887295", "from_node": "932646746", "to_node": "13502668839", "highway": "tertiary", "alley_wd": 6.0, "wd_src": "assumed by road class", "length_m": 4.556799, "access_ok": 1, "walk_ok": 1, "oneway": 1, "geom_src": "OSM snapshot; incomplete mapping", "mapped_by": null, "mapped_at": null, "input_kind": "OSM-derived geometry and disclosed scenario attributes", "kind": "road", "id": "road-1", "imported_from": "QGIS source inventory"}}, {"type": "Feature", "geometry": {"type": "MultiLineString", "coordinates": [[[123.71404480000001, 10.505127700000001], [123.7133976, 10.5048278]]]}, "properties": {"fid": 2, "osm_way": "79887295", "from_node": "13502668839", "to_node": "13502728082", "highway": "tertiary", "alley_wd": 6.0, "wd_src": "assumed by road class", "length_m": 78.202482, "access_ok": 1, "walk_ok": 1, "oneway": 1, "geom_src": "OSM snapshot; incomplete mapping", "mapped_by": null, "mapped_at": null, "input_kind": "OSM-derived geometry and disclosed scenario attributes", "kind": "road", "id": "road-2", "imported_from": "QGIS source inventory"}}, {"type": "Feature", "geometry": {"type": "MultiLineString", "coordinates": [[[123.7133976, 10.5048278], [123.7133588, 10.504809799999999]]]}, "properties": {"fid": 3, "osm_way": "79887295", "from_node": "13502728082", "to_node": "2272279599", "highway": "tertiary", "alley_wd": 6.0, "wd_src": "assumed by road class", "length_m": 4.689261, "access_ok": 1, "walk_ok": 1, "oneway": 1, "geom_src": "OSM snapshot; incomplete mapping", "mapped_by": null, "mapped_at": null, "input_kind": "OSM-derived geometry and disclosed scenario attributes", "kind": "road", "id": "road-3", "imported_from": "QGIS source inventory"}}, {"type": "Feature", "geometry": {"type": "MultiLineString", "coordinates": [[[123.7133588, 10.504809799999999], [123.7133041, 10.5047847]]]}, "properties": {"fid": 4, "osm_way": "79887295", "from_node": "2272279599", "to_node": "13502728080", "highway": "tertiary", "alley_wd": 6.0, "wd_src": "assumed by road class", "length_m": 6.597982, "access_ok": 1, "walk_ok": 1, "oneway": 1, "geom_src": "OSM snapshot; incomplete mapping", "mapped_by": null, "mapped_at": null, "input_kind": "OSM-derived geometry and disclosed scenario attributes", "kind": "road", "id": "road-4", "imported_from": "QGIS source inventory"}}, {"type": "Feature", "geometry": {"type": "MultiLineString", "coordinates": [[[123.7133041, 10.5047847], [123.71316480000002, 10.504720799999998]]]}, "properties": {"fid": 5, "osm_way": "79887295", "from_node": "13502728080", "to_node": "2272279600", "highway": "tertiary", "alley_wd": 6.0, "wd_src": "assumed by road class", "length_m": 16.801606, "access_ok": 1, "walk_ok": 1, "oneway": 1, "geom_src": "OSM snapshot; incomplete mapping", "mapped_by": null, "mapped_at": null, "input_kind": "OSM-derived geometry and disclosed scenario attributes", "kind": "road", "id": "road-5", "imported_from": "QGIS source inventory"}}, {"type": "Feature", "geometry": {"type": "MultiLineString", "coordinates": [[[123.71316480000002, 10.504720799999998], [123.71288210000002, 10.504599900000002]]]}, "properties": {"fid": 6, "osm_way": "79887295", "from_node": "2272279600", "to_node": "2272279602", "highway": "tertiary", "alley_wd": 6.0, "wd_src": "assumed by road class", "length_m": 33.700936, "access_ok": 1, "walk_ok": 1, "oneway": 1, "geom_src": "OSM snapshot; incomplete mapping", "mapped_by": null, "mapped_at": null, "input_kind": "OSM-derived geometry and disclosed scenario attributes", "kind": "road", "id": "road-6", "imported_from": "QGIS source inventory"}}, {"type": "Feature", "geometry": {"type": "MultiLineString", "coordinates": [[[123.71288210000002, 10.504599900000002], [123.71281920000001, 10.5045707]]]}, "properties": {"fid": 7, "osm_way": "79887295", "from_node": "2272279602", "to_node": "2272279635", "highway": "tertiary", "alley_wd": 6.0, "wd_src": "assumed by road class", "length_m": 7.602844, "access_ok": 1, "walk_ok": 1, "oneway": 1, "geom_src": "OSM snapshot; incomplete mapping", "mapped_by": null, "mapped_at": null, "input_kind": "OSM-derived geometry and disclosed scenario attributes", "kind": "road", "id": "road-7", "imported_from": "QGIS source inventory"}}, {"type": "Feature", "geometry": {"type": "MultiLineString", "coordinates": [[[123.71281920000001, 10.5045707], [123.71238209999999, 10.5043672]]]}, "properties": {"fid": 8, "osm_way": "79887295", "from_node": "2272279635", "to_node": "932646775", "highway": "tertiary", "alley_wd": 6.0, "wd_src": "assumed by road class", "length_m": 52.860659, "access_ok": 1, "walk_ok": 1, "oneway": 1, "geom_src": "OSM snapshot; incomplete mapping", "mapped_by": null, "mapped_at": null, "input_kind": "OSM-derived geometry and disclosed scenario attributes", "kind": "road", "id": "road-8", "imported_from": "QGIS source inventory"}}, {"type": "Feature", "geometry": {"type": "MultiLineString", "coordinates": [[[123.71562874240747, 10.515000039726976], [123.7155321, 10.5145456]]]}, "properties": {"fid": 9, "osm_way": "217610684", "from_node": "boundary_217610684_28_a", "to_node": "1770526147", "highway": "trunk", "alley_wd": 3.0, "wd_src": "assumed by road class", "length_m": 51.350607, "access_ok": 1, "walk_ok": 1, "oneway": 0, "geom_src": "OSM snapshot; incomplete mapping", "mapped_by": null, "mapped_at": null, "input_kind": "OSM-derived geometry and disclosed scenario attributes", "kind": "road", "id": "road-9", "imported_from": "QGIS source inventory"}}, {"type": "Feature", "geometry": {"type": "MultiLineString", "coordinates": [[[123.7155321, 10.5145456], [123.71540660000001, 10.513316199999998]]]}, "properties": {"fid": 10, "osm_way": "217610684", "from_node": "1770526147", "to_node": "367823021", "highway": "trunk", "alley_wd": 3.0, "wd_src": "assumed by road class", "length_m": 136.633313, "access_ok": 1, "walk_ok": 1, "oneway": 0, "geom_src": "OSM snapshot; incomplete mapping", "mapped_by": null, "mapped_at": null, "input_kind": "OSM-derived geometry and disclosed scenario attributes", "kind": "road", "id": "road-10", "imported_from": "QGIS source inventory"}}, {"type": "Feature", "geometry": {"type": "MultiLineString", "coordinates": [[[123.71540660000001, 10.513316199999998], [123.7152715, 10.512315199999996]]]}, "properties": {"fid": 11, "osm_way": "217610684", "from_node": "367823021", "to_node": "6190466976", "highway": "trunk", "alley_wd": 3.0, "wd_src": "assumed by road class", "length_m": 111.668885, "access_ok": 1, "walk_ok": 1, "oneway": 0, "geom_src": "OSM snapshot; incomplete mapping", "mapped_by": null, "mapped_at": null, "input_kind": "OSM-derived geometry and disclosed scenario attributes", "kind": "road", "id": "road-11", "imported_from": "QGIS source inventory"}}, {"type": "Feature", "geometry": {"type": "MultiLineString", "coordinates": [[[123.7152715, 10.512315199999996], [123.7152518, 10.512169700000001]]]}, "properties": {"fid": 12, "osm_way": "217610684", "from_node": "6190466976", "to_node": "2271301718", "highway": "trunk", "alley_wd": 3.0, "wd_src": "assumed by road class", "length_m": 16.232499, "access_ok": 1, "walk_ok": 1, "oneway": 0, "geom_src": "OSM snapshot; incomplete mapping", "mapped_by": null, "mapped_at": null, "input_kind": "OSM-derived geometry and disclosed scenario attributes", "kind": "road", "id": "road-12", "imported_from": "QGIS source inventory"}}, {"type": "Feature", "geometry": {"type": "MultiLineString", "coordinates": [[[123.7152518, 10.512169700000001], [123.7150849, 10.511423900000002]]]}, "properties": {"fid": 13, "osm_way": "217610684", "from_node": "2271301718", "to_node": "367823051", "highway": "trunk", "alley_wd": 3.0, "wd_src": "assumed by road class", "length_m": 84.46527, "access_ok": 1, "walk_ok": 1, "oneway": 0, "geom_src": "OSM snapshot; incomplete mapping", "mapped_by": null, "mapped_at": null, "input_kind": "OSM-derived geometry and disclosed scenario attributes", "kind": "road", "id": "road-13", "imported_from": "QGIS source inventory"}}, {"type": "Feature", "geometry": {"type": "MultiLineString", "coordinates": [[[123.7150849, 10.511423900000002], [123.71490440000001, 10.510544599999998]]]}, "properties": {"fid": 14, "osm_way": "217610684", "from_node": "367823051", "to_node": "2271301717", "highway": "trunk", "alley_wd": 3.0, "wd_src": "assumed by road class", "length_m": 99.214902, "access_ok": 1, "walk_ok": 1, "oneway": 0, "geom_src": "OSM snapshot; incomplete mapping", "mapped_by": null, "mapped_at": null, "input_kind": "OSM-derived geometry and disclosed scenario attributes", "kind": "road", "id": "road-14", "imported_from": "QGIS source inventory"}}, {"type": "Feature", "geometry": {"type": "MultiLineString", "coordinates": [[[123.71490440000001, 10.510544599999998], [123.7148549, 10.509964299999998]]]}, "properties": {"fid": 15, "osm_way": "217610684", "from_node": "2271301717", "to_node": "13510645492", "highway": "trunk", "alley_wd": 3.0, "wd_src": "assumed by road class", "length_m": 64.395105, "access_ok": 1, "walk_ok": 1, "oneway": 0, "geom_src": "OSM snapshot; incomplete mapping", "mapped_by": null, "mapped_at": null, "input_kind": "OSM-derived geometry and disclosed scenario attributes", "kind": "road", "id": "road-15", "imported_from": "QGIS source inventory"}}, {"type": "Feature", "geometry": {"type": "MultiLineString", "coordinates": [[[123.7148549, 10.509964299999998], [123.7148527, 10.509634999999996]]]}, "properties": {"fid": 16, "osm_way": "217610684", "from_node": "13510645492", "to_node": "13510645491", "highway": "trunk", "alley_wd": 3.0, "wd_src": "assumed by road class", "length_m": 36.413261, "access_ok": 1, "walk_ok": 1, "oneway": 0, "geom_src": "OSM snapshot; incomplete mapping", "mapped_by": null, "mapped_at": null, "input_kind": "OSM-derived geometry and disclosed scenario attributes", "kind": "road", "id": "road-16", "imported_from": "QGIS source inventory"}}, {"type": "Feature", "geometry": {"type": "MultiLineString", "coordinates": [[[123.7148527, 10.509634999999996], [123.7148516, 10.509456]]]}, "properties": {"fid": 17, "osm_way": "217610684", "from_node": "13510645491", "to_node": "1770526148", "highway": "trunk", "alley_wd": 3.0, "wd_src": "assumed by road class", "length_m": 19.793355, "access_ok": 1, "walk_ok": 1, "oneway": 0, "geom_src": "OSM snapshot; incomplete mapping", "mapped_by": null, "mapped_at": null, "input_kind": "OSM-derived geometry and disclosed scenario attributes", "kind": "road", "id": "road-17", "imported_from": "QGIS source inventory"}}, {"type": "Feature", "geometry": {"type": "MultiLineString", "coordinates": [[[123.7148516, 10.509456], [123.71499070000002, 10.508113199999999]]]}, "properties": {"fid": 18, "osm_way": "217610684", "from_node": "1770526148", "to_node": "11363385800", "highway": "trunk", "alley_wd": 3.0, "wd_src": "assumed by road class", "length_m": 149.258769, "access_ok": 1, "walk_ok": 1, "oneway": 0, "geom_src": "OSM snapshot; incomplete mapping", "mapped_by": null, "mapped_at": null, "input_kind": "OSM-derived geometry and disclosed scenario attributes", "kind": "road", "id": "road-18", "imported_from": "QGIS source inventory"}}, {"type": "Feature", "geometry": {"type": "MultiLineString", "coordinates": [[[123.71499070000002, 10.508113199999999], [123.71502280000001, 10.507873699999998]]]}, "properties": {"fid": 19, "osm_way": "217610684", "from_node": "11363385800", "to_node": "367823075", "highway": "trunk", "alley_wd": 3.0, "wd_src": "assumed by road class", "length_m": 26.714741, "access_ok": 1, "walk_ok": 1, "oneway": 0, "geom_src": "OSM snapshot; incomplete mapping", "mapped_by": null, "mapped_at": null, "input_kind": "OSM-derived geometry and disclosed scenario attributes", "kind": "road", "id": "road-19", "imported_from": "QGIS source inventory"}}, {"type": "Feature", "geometry": {"type": "MultiLineString", "coordinates": [[[123.71502280000001, 10.507873699999998], [123.71512220000001, 10.507300899999999]]]}, "properties": {"fid": 20, "osm_way": "217610684", "from_node": "367823075", "to_node": "13502775365", "highway": "trunk", "alley_wd": 3.0, "wd_src": "assumed by road class", "length_m": 64.264779, "access_ok": 1, "walk_ok": 1, "oneway": 0, "geom_src": "OSM snapshot; incomplete mapping", "mapped_by": null, "mapped_at": null, "input_kind": "OSM-derived geometry and disclosed scenario attributes", "kind": "road", "id": "road-20", "imported_from": "QGIS source inventory"}}, {"type": "Feature", "geometry": {"type": "MultiLineString", "coordinates": [[[123.71512220000001, 10.507300899999999], [123.7151268, 10.507274699999998]]]}, "properties": {"fid": 21, "osm_way": "217610684", "from_node": "13502775365", "to_node": "12801762020", "highway": "trunk", "alley_wd": 3.0, "wd_src": "assumed by road class", "length_m": 2.940481, "access_ok": 1, "walk_ok": 1, "oneway": 0, "geom_src": "OSM snapshot; incomplete mapping", "mapped_by": null, "mapped_at": null, "input_kind": "OSM-derived geometry and disclosed scenario attributes", "kind": "road", "id": "road-21", "imported_from": "QGIS source inventory"}}, {"type": "Feature", "geometry": {"type": "MultiLineString", "coordinates": [[[123.7151268, 10.507274699999998], [123.71513830000002, 10.5072081]]]}, "properties": {"fid": 22, "osm_way": "217610684", "from_node": "12801762020", "to_node": "2271301716", "highway": "trunk", "alley_wd": 3.0, "wd_src": "assumed by road class", "length_m": 7.471068, "access_ok": 1, "walk_ok": 1, "oneway": 0, "geom_src": "OSM snapshot; incomplete mapping", "mapped_by": null, "mapped_at": null, "input_kind": "OSM-derived geometry and disclosed scenario attributes", "kind": "road", "id": "road-22", "imported_from": "QGIS source inventory"}}, {"type": "Feature", "geometry": {"type": "MultiLineString", "coordinates": [[[123.71513830000002, 10.5072081], [123.71528450000001, 10.5065925]]]}, "properties": {"fid": 23, "osm_way": "217610684", "from_node": "2271301716", "to_node": "2271301715", "highway": "trunk", "alley_wd": 3.0, "wd_src": "assumed by road class", "length_m": 69.925, "access_ok": 1, "walk_ok": 1, "oneway": 0, "geom_src": "OSM snapshot; incomplete mapping", "mapped_by": null, "mapped_at": null, "input_kind": "OSM-derived geometry and disclosed scenario attributes", "kind": "road", "id": "road-23", "imported_from": "QGIS source inventory"}}, {"type": "Feature", "geometry": {"type": "MultiLineString", "coordinates": [[[123.71528450000001, 10.5065925], [123.71534200000002, 10.506338500000002]]]}, "properties": {"fid": 24, "osm_way": "217610684", "from_node": "2271301715", "to_node": "13502763555", "highway": "trunk", "alley_wd": 3.0, "wd_src": "assumed by road class", "length_m": 28.78234, "access_ok": 1, "walk_ok": 1, "oneway": 0, "geom_src": "OSM snapshot; incomplete mapping", "mapped_by": null, "mapped_at": null, "input_kind": "OSM-derived geometry and disclosed scenario attributes", "kind": "road", "id": "road-24", "imported_from": "QGIS source inventory"}}, {"type": "Feature", "geometry": {"type": "MultiLineString", "coordinates": [[[123.71534200000002, 10.506338500000002], [123.71551400000001, 10.505600899999997]]]}, "properties": {"fid": 25, "osm_way": "217610684", "from_node": "13502763555", "to_node": "2271301714", "highway": "trunk", "alley_wd": 3.0, "wd_src": "assumed by road class", "length_m": 83.704008, "access_ok": 1, "walk_ok": 1, "oneway": 0, "geom_src": "OSM snapshot; incomplete mapping", "mapped_by": null, "mapped_at": null, "input_kind": "OSM-derived geometry and disclosed scenario attributes", "kind": "road", "id": "road-25", "imported_from": "QGIS source inventory"}}, {"type": "Feature", "geometry": {"type": "MultiLineString", "coordinates": [[[123.71551400000001, 10.505600899999997], [123.715518, 10.505584699999998]]]}, "properties": {"fid": 26, "osm_way": "217610684", "from_node": "2271301714", "to_node": "12813103083", "highway": "trunk", "alley_wd": 3.0, "wd_src": "assumed by road class", "length_m": 1.844025, "access_ok": 1, "walk_ok": 1, "oneway": 0, "geom_src": "OSM snapshot; incomplete mapping", "mapped_by": null, "mapped_at": null, "input_kind": "OSM-derived geometry and disclosed scenario attributes", "kind": "road", "id": "road-26", "imported_from": "QGIS source inventory"}}, {"type": "Feature", "geometry": {"type": "MultiLineString", "coordinates": [[[123.715518, 10.505584699999998], [123.71563610000001, 10.505111199999998]]]}, "properties": {"fid": 27, "osm_way": "217610684", "from_node": "12813103083", "to_node": "8344904566", "highway": "trunk", "alley_wd": 3.0, "wd_src": "assumed by road class", "length_m": 53.928863, "access_ok": 1, "walk_ok": 1, "oneway": 0, "geom_src": "OSM snapshot; incomplete mapping", "mapped_by": null, "mapped_at": null, "input_kind": "OSM-derived geometry and disclosed scenario attributes", "kind": "road", "id": "road-27", "imported_from": "QGIS source inventory"}}, {"type": "Feature", "geometry": {"type": "MultiLineString", "coordinates": [[[123.71563610000001, 10.505111199999998], [123.7157007, 10.504837899999998]]]}, "properties": {"fid": 28, "osm_way": "217610684", "from_node": "8344904566", "to_node": "940969112", "highway": "trunk", "alley_wd": 3.0, "wd_src": "assumed by road class", "length_m": 31.036053, "access_ok": 1, "walk_ok": 1, "oneway": 0, "geom_src": "OSM snapshot; incomplete mapping", "mapped_by": null, "mapped_at": null, "input_kind": "OSM-derived geometry and disclosed scenario attributes", "kind": "road", "id": "road-28", "imported_from": "QGIS source inventory"}}, {"type": "Feature", "geometry": {"type": "MultiLineString", "coordinates": [[[123.7157007, 10.504837899999998], [123.71581250000001, 10.504345100000002]]]}, "properties": {"fid": 29, "osm_way": "217610684", "from_node": "940969112", "to_node": "367823082", "highway": "trunk", "alley_wd": 3.0, "wd_src": "assumed by road class", "length_m": 55.848058, "access_ok": 1, "walk_ok": 1, "oneway": 0, "geom_src": "OSM snapshot; incomplete mapping", "mapped_by": null, "mapped_at": null, "input_kind": "OSM-derived geometry and disclosed scenario attributes", "kind": "road", "id": "road-29", "imported_from": "QGIS source inventory"}}, {"type": "Feature", "geometry": {"type": "MultiLineString", "coordinates": [[[123.71581250000001, 10.504345100000002], [123.71594150000001, 10.503601]]]}, "properties": {"fid": 30, "osm_way": "217610684", "from_node": "367823082", "to_node": "2271301713", "highway": "trunk", "alley_wd": 3.0, "wd_src": "assumed by road class", "length_m": 83.481313, "access_ok": 1, "walk_ok": 1, "oneway": 0, "geom_src": "OSM snapshot; incomplete mapping", "mapped_by": null, "mapped_at": null, "input_kind": "OSM-derived geometry and disclosed scenario attributes", "kind": "road", "id": "road-30", "imported_from": "QGIS source inventory"}}, {"type": "Feature", "geometry": {"type": "MultiLineString", "coordinates": [[[123.71594150000001, 10.503601], [123.71599333336833, 10.50300003473412]]]}, "properties": {"fid": 31, "osm_way": "217610684", "from_node": "2271301713", "to_node": "boundary_217610684_50_b", "highway": "trunk", "alley_wd": 3.0, "wd_src": "assumed by road class", "length_m": 66.69358, "access_ok": 1, "walk_ok": 1, "oneway": 0, "geom_src": "OSM snapshot; incomplete mapping", "mapped_by": null, "mapped_at": null, "input_kind": "OSM-derived geometry and disclosed scenario attributes", "kind": "road", "id": "road-31", "imported_from": "QGIS source inventory"}}, {"type": "Feature", "geometry": {"type": "MultiLineString", "coordinates": [[[123.7155321, 10.5145456], [123.71586449999998, 10.514472899999998]]]}, "properties": {"fid": 32, "osm_way": "217922639", "from_node": "1770526147", "to_node": "2272279508", "highway": "residential", "alley_wd": 4.0, "wd_src": "assumed by road class", "length_m": 37.251272, "access_ok": 1, "walk_ok": 1, "oneway": 0, "geom_src": "OSM snapshot; incomplete mapping", "mapped_by": null, "mapped_at": null, "input_kind": "OSM-derived geometry and disclosed scenario attributes", "kind": "road", "id": "road-32", "imported_from": "QGIS source inventory"}}, {"type": "Feature", "geometry": {"type": "MultiLineString", "coordinates": [[[123.71586449999998, 10.514472899999998], [123.7159132, 10.5144714]]]}, "properties": {"fid": 33, "osm_way": "217922639", "from_node": "2272279508", "to_node": "6190395224", "highway": "residential", "alley_wd": 4.0, "wd_src": "assumed by road class", "length_m": 5.331677, "access_ok": 1, "walk_ok": 1, "oneway": 0, "geom_src": "OSM snapshot; incomplete mapping", "mapped_by": null, "mapped_at": null, "input_kind": "OSM-derived geometry and disclosed scenario attributes", "kind": "road", "id": "road-33", "imported_from": "QGIS source inventory"}}, {"type": "Feature", "geometry": {"type": "MultiLineString", "coordinates": [[[123.7159132, 10.5144714], [123.7161965, 10.514472699999999]]]}, "properties": {"fid": 34, "osm_way": "217922639", "from_node": "6190395224", "to_node": "2272279509", "highway": "residential", "alley_wd": 4.0, "wd_src": "assumed by road class", "length_m": 31.001014, "access_ok": 1, "walk_ok": 1, "oneway": 0, "geom_src": "OSM snapshot; incomplete mapping", "mapped_by": null, "mapped_at": null, "input_kind": "OSM-derived geometry and disclosed scenario attributes", "kind": "road", "id": "road-34", "imported_from": "QGIS source inventory"}}, {"type": "Feature", "geometry": {"type": "MultiLineString", "coordinates": [[[123.7161965, 10.514472699999999], [123.71652039999998, 10.514505999999997]]]}, "properties": {"fid": 35, "osm_way": "217922639", "from_node": "2272279509", "to_node": "8344750809", "highway": "residential", "alley_wd": 4.0, "wd_src": "assumed by road class", "length_m": 35.634172, "access_ok": 1, "walk_ok": 1, "oneway": 0, "geom_src": "OSM snapshot; incomplete mapping", "mapped_by": null, "mapped_at": null, "input_kind": "OSM-derived geometry and disclosed scenario attributes", "kind": "road", "id": "road-35", "imported_from": "QGIS source inventory"}}, {"type": "Feature", "geometry": {"type": "MultiLineString", "coordinates": [[[123.71652039999998, 10.514505999999997], [123.71663289999998, 10.514517499999995]]]}, "properties": {"fid": 36, "osm_way": "217922639", "from_node": "8344750809", "to_node": "2272279510", "highway": "residential", "alley_wd": 4.0, "wd_src": "assumed by road class", "length_m": 12.376043, "access_ok": 1, "walk_ok": 1, "oneway": 0, "geom_src": "OSM snapshot; incomplete mapping", "mapped_by": null, "mapped_at": null, "input_kind": "OSM-derived geometry and disclosed scenario attributes", "kind": "road", "id": "road-36", "imported_from": "QGIS source inventory"}}, {"type": "Feature", "geometry": {"type": "MultiLineString", "coordinates": [[[123.71663289999998, 10.514517499999995], [123.71697540000001, 10.5145683]]]}, "properties": {"fid": 37, "osm_way": "217922639", "from_node": "2272279510", "to_node": "2272279511", "highway": "residential", "alley_wd": 4.0, "wd_src": "assumed by road class", "length_m": 37.89737, "access_ok": 1, "walk_ok": 1, "oneway": 0, "geom_src": "OSM snapshot; incomplete mapping", "mapped_by": null, "mapped_at": null, "input_kind": "OSM-derived geometry and disclosed scenario attributes", "kind": "road", "id": "road-37", "imported_from": "QGIS source inventory"}}, {"type": "Feature", "geometry": {"type": "MultiLineString", "coordinates": [[[123.71697540000001, 10.5145683], [123.71720010000001, 10.5146004]]]}, "properties": {"fid": 38, "osm_way": "217922639", "from_node": "2272279511", "to_node": "2272279512", "highway": "residential", "alley_wd": 4.0, "wd_src": "assumed by road class", "length_m": 24.843126, "access_ok": 1, "walk_ok": 1, "oneway": 0, "geom_src": "OSM snapshot; incomplete mapping", "mapped_by": null, "mapped_at": null, "input_kind": "OSM-derived geometry and disclosed scenario attributes", "kind": "road", "id": "road-38", "imported_from": "QGIS source inventory"}}, {"type": "Feature", "geometry": {"type": "MultiLineString", "coordinates": [[[123.71720010000001, 10.5146004], [123.71746479999999, 10.5146212]]]}, "properties": {"fid": 39, "osm_way": "217922639", "from_node": "2272279512", "to_node": "8337939384", "highway": "residential", "alley_wd": 4.0, "wd_src": "assumed by road class", "length_m": 29.056502, "access_ok": 1, "walk_ok": 1, "oneway": 0, "geom_src": "OSM snapshot; incomplete mapping", "mapped_by": null, "mapped_at": null, "input_kind": "OSM-derived geometry and disclosed scenario attributes", "kind": "road", "id": "road-39", "imported_from": "QGIS source inventory"}}, {"type": "Feature", "geometry": {"type": "MultiLineString", "coordinates": [[[123.71746479999999, 10.5146212], [123.71751840000002, 10.5146739]]]}, "properties": {"fid": 40, "osm_way": "217922639", "from_node": "8337939384", "to_node": "8337939383", "highway": "residential", "alley_wd": 4.0, "wd_src": "assumed by road class", "length_m": 8.26797, "access_ok": 1, "walk_ok": 1, "oneway": 0, "geom_src": "OSM snapshot; incomplete mapping", "mapped_by": null, "mapped_at": null, "input_kind": "OSM-derived geometry and disclosed scenario attributes", "kind": "road", "id": "road-40", "imported_from": "QGIS source inventory"}}, {"type": "Feature", "geometry": {"type": "MultiLineString", "coordinates": [[[123.71751840000002, 10.5146739], [123.71762156452866, 10.515000007528876]]]}, "properties": {"fid": 41, "osm_way": "217922639", "from_node": "8337939383", "to_node": "boundary_217922639_9_b", "highway": "residential", "alley_wd": 4.0, "wd_src": "assumed by road class", "length_m": 37.785285, "access_ok": 1, "walk_ok": 1, "oneway": 0, "geom_src": "OSM snapshot; incomplete mapping", "mapped_by": null, "mapped_at": null, "input_kind": "OSM-derived geometry and disclosed scenario attributes", "kind": "road", "id": "road-41", "imported_from": "QGIS source inventory"}}, {"type": "Feature", "geometry": {"type": "MultiLineString", "coordinates": [[[123.71720010000001, 10.5146004], [123.71732795675993, 10.515000013059103]]]}, "properties": {"fid": 42, "osm_way": "217922640", "from_node": "2272279512", "to_node": "boundary_217922640_0_b", "highway": "residential", "alley_wd": 4.0, "wd_src": "assumed by road class", "length_m": 46.349467, "access_ok": 1, "walk_ok": 1, "oneway": 0, "geom_src": "OSM snapshot; incomplete mapping", "mapped_by": null, "mapped_at": null, "input_kind": "OSM-derived geometry and disclosed scenario attributes", "kind": "road", "id": "road-42", "imported_from": "QGIS source inventory"}}, {"type": "Feature", "geometry": {"type": "MultiLineString", "coordinates": [[[123.71697540000001, 10.5145683], [123.71694162721134, 10.515000019921734]]]}, "properties": {"fid": 43, "osm_way": "217922641", "from_node": "2272279511", "to_node": "boundary_217922641_0_b", "highway": "residential", "alley_wd": 4.0, "wd_src": "assumed by road class", "length_m": 47.880459, "access_ok": 1, "walk_ok": 1, "oneway": 0, "geom_src": "OSM snapshot; incomplete mapping", "mapped_by": null, "mapped_at": null, "input_kind": "OSM-derived geometry and disclosed scenario attributes", "kind": "road", "id": "road-43", "imported_from": "QGIS source inventory"}}, {"type": "Feature", "geometry": {"type": "MultiLineString", "coordinates": [[[123.71663289999998, 10.514517499999995], [123.71660439999998, 10.514987]]]}, "properties": {"fid": 44, "osm_way": "217922642", "from_node": "2272279510", "to_node": "2272279516", "highway": "residential", "alley_wd": 4.0, "wd_src": "assumed by road class", "length_m": 52.008755, "access_ok": 1, "walk_ok": 1, "oneway": 0, "geom_src": "OSM snapshot; incomplete mapping", "mapped_by": null, "mapped_at": null, "input_kind": "OSM-derived geometry and disclosed scenario attributes", "kind": "road", "id": "road-44", "imported_from": "QGIS source inventory"}}, {"type": "Feature", "geometry": {"type": "MultiLineString", "coordinates": [[[123.7152518, 10.512169700000001], [123.71579660000002, 10.5120548]]]}, "properties": {"fid": 45, "osm_way": "217922643", "from_node": "2271301718", "to_node": "2272279517", "highway": "service", "alley_wd": 3.0, "wd_src": "assumed by road class", "length_m": 60.955088, "access_ok": 1, "walk_ok": 1, "oneway": 0, "geom_src": "OSM snapshot; incomplete mapping", "mapped_by": null, "mapped_at": null, "input_kind": "OSM-derived geometry and disclosed scenario attributes", "kind": "road", "id": "road-45", "imported_from": "QGIS source inventory"}}, {"type": "Feature", "geometry": {"type": "MultiLineString", "coordinates": [[[123.71579660000002, 10.5120548], [123.71598, 10.511907499999998]]]}, "properties": {"fid": 46, "osm_way": "217922643", "from_node": "2272279517", "to_node": "2272279518", "highway": "service", "alley_wd": 3.0, "wd_src": "assumed by road class", "length_m": 25.846836, "access_ok": 1, "walk_ok": 1, "oneway": 0, "geom_src": "OSM snapshot; incomplete mapping", "mapped_by": null, "mapped_at": null, "input_kind": "OSM-derived geometry and disclosed scenario attributes", "kind": "road", "id": "road-46", "imported_from": "QGIS source inventory"}}, {"type": "Feature", "geometry": {"type": "MultiLineString", "coordinates": [[[123.7150849, 10.511423900000002], [123.7143728, 10.511336599999996]]]}, "properties": {"fid": 47, "osm_way": "217922644", "from_node": "367823051", "to_node": "2272279519", "highway": "residential", "alley_wd": 4.0, "wd_src": "assumed by road class", "length_m": 78.519395, "access_ok": 1, "walk_ok": 1, "oneway": 0, "geom_src": "OSM snapshot; incomplete mapping", "mapped_by": null, "mapped_at": null, "input_kind": "OSM-derived geometry and disclosed scenario attributes", "kind": "road", "id": "road-47", "imported_from": "QGIS source inventory"}}, {"type": "Feature", "geometry": {"type": "MultiLineString", "coordinates": [[[123.71490440000001, 10.510544599999998], [123.7142415, 10.510688]]]}, "properties": {"fid": 48, "osm_way": "217922645", "from_node": "2271301717", "to_node": "2272279520", "highway": "service", "alley_wd": 3.0, "wd_src": "assumed by road class", "length_m": 74.252874, "access_ok": 1, "walk_ok": 1, "oneway": 0, "geom_src": "OSM snapshot; incomplete mapping", "mapped_by": null, "mapped_at": null, "input_kind": "OSM-derived geometry and disclosed scenario attributes", "kind": "road", "id": "road-48", "imported_from": "QGIS source inventory"}}, {"type": "Feature", "geometry": {"type": "MultiLineString", "coordinates": [[[123.7148516, 10.509456], [123.71565500000001, 10.509870900000001]]]}, "properties": {"fid": 49, "osm_way": "217922646", "from_node": "1770526148", "to_node": "2272279521", "highway": "unclassified", "alley_wd": 3.0, "wd_src": "assumed by road class", "length_m": 99.165606, "access_ok": 1, "walk_ok": 1, "oneway": 0, "geom_src": "OSM snapshot; incomplete mapping", "mapped_by": null, "mapped_at": null, "input_kind": "OSM-derived geometry and disclosed scenario attributes", "kind": "road", "id": "road-49", "imported_from": "QGIS source inventory"}}, {"type": "Feature", "geometry": {"type": "MultiLineString", "coordinates": [[[123.71565500000001, 10.509870900000001], [123.7160005, 10.510055399999995]]]}, "properties": {"fid": 50, "osm_way": "217922646", "from_node": "2272279521", "to_node": "2272279522", "highway": "unclassified", "alley_wd": 3.0, "wd_src": "assumed by road class", "length_m": 42.960692, "access_ok": 1, "walk_ok": 1, "oneway": 0, "geom_src": "OSM snapshot; incomplete mapping", "mapped_by": null, "mapped_at": null, "input_kind": "OSM-derived geometry and disclosed scenario attributes", "kind": "road", "id": "road-50", "imported_from": "QGIS source inventory"}}, {"type": "Feature", "geometry": {"type": "MultiLineString", "coordinates": [[[123.7160005, 10.510055399999995], [123.7160322, 10.510072399999999]]]}, "properties": {"fid": 51, "osm_way": "217922646", "from_node": "2272279522", "to_node": "2272279523", "highway": "unclassified", "alley_wd": 3.0, "wd_src": "assumed by road class", "length_m": 3.945472, "access_ok": 1, "walk_ok": 1, "oneway": 0, "geom_src": "OSM snapshot; incomplete mapping", "mapped_by": null, "mapped_at": null, "input_kind": "OSM-derived geometry and disclosed scenario attributes", "kind": "road", "id": "road-51", "imported_from": "QGIS source inventory"}}, {"type": "Feature", "geometry": {"type": "MultiLineString", "coordinates": [[[123.7160322, 10.510072399999999], [123.7166288, 10.510391]]]}, "properties": {"fid": 52, "osm_way": "217922646", "from_node": "2272279523", "to_node": "8344772721", "highway": "unclassified", "alley_wd": 3.0, "wd_src": "assumed by road class", "length_m": 74.183859, "access_ok": 1, "walk_ok": 1, "oneway": 0, "geom_src": "OSM snapshot; incomplete mapping", "mapped_by": null, "mapped_at": null, "input_kind": "OSM-derived geometry and disclosed scenario attributes", "kind": "road", "id": "road-52", "imported_from": "QGIS source inventory"}}, {"type": "Feature", "geometry": {"type": "MultiLineString", "coordinates": [[[123.7148516, 10.509456], [123.71380050000002, 10.508940299999997]]]}, "properties": {"fid": 53, "osm_way": "217922647", "from_node": "1770526148", "to_node": "2272279528", "highway": "tertiary", "alley_wd": 6.0, "wd_src": "assumed by road class", "length_m": 128.380129, "access_ok": 1, "walk_ok": 1, "oneway": 0, "geom_src": "OSM snapshot; incomplete mapping", "mapped_by": null, "mapped_at": null, "input_kind": "OSM-derived geometry and disclosed scenario attributes", "kind": "road", "id": "road-53", "imported_from": "QGIS source inventory"}}, {"type": "Feature", "geometry": {"type": "MultiLineString", "coordinates": [[[123.71380050000002, 10.508940299999997], [123.7136156, 10.508811199999998]]]}, "properties": {"fid": 54, "osm_way": "217922647", "from_node": "2272279528", "to_node": "2272279529", "highway": "tertiary", "alley_wd": 6.0, "wd_src": "assumed by road class", "length_m": 24.762361, "access_ok": 1, "walk_ok": 1, "oneway": 0, "geom_src": "OSM snapshot; incomplete mapping", "mapped_by": null, "mapped_at": null, "input_kind": "OSM-derived geometry and disclosed scenario attributes", "kind": "road", "id": "road-54", "imported_from": "QGIS source inventory"}}, {"type": "Feature", "geometry": {"type": "MultiLineString", "coordinates": [[[123.7136156, 10.508811199999998], [123.7133536, 10.508665799999998]]]}, "properties": {"fid": 55, "osm_way": "217922647", "from_node": "2272279529", "to_node": "12801762028", "highway": "tertiary", "alley_wd": 6.0, "wd_src": "assumed by road class", "length_m": 32.870695, "access_ok": 1, "walk_ok": 1, "oneway": 0, "geom_src": "OSM snapshot; incomplete mapping", "mapped_by": null, "mapped_at": null, "input_kind": "OSM-derived geometry and disclosed scenario attributes", "kind": "road", "id": "road-55", "imported_from": "QGIS source inventory"}}, {"type": "Feature", "geometry": {"type": "MultiLineString", "coordinates": [[[123.7133536, 10.508665799999998], [123.7131761, 10.508567199999998]]]}, "properties": {"fid": 56, "osm_way": "217922647", "from_node": "12801762028", "to_node": "6190395239", "highway": "tertiary", "alley_wd": 6.0, "wd_src": "assumed by road class", "length_m": 22.274375, "access_ok": 1, "walk_ok": 1, "oneway": 0, "geom_src": "OSM snapshot; incomplete mapping", "mapped_by": null, "mapped_at": null, "input_kind": "OSM-derived geometry and disclosed scenario attributes", "kind": "road", "id": "road-56", "imported_from": "QGIS source inventory"}}, {"type": "Feature", "geometry": {"type": "MultiLineString", "coordinates": [[[123.7131761, 10.508567199999998], [123.71235599999999, 10.5080819]]]}, "properties": {"fid": 57, "osm_way": "217922647", "from_node": "6190395239", "to_node": "2272279530", "highway": "tertiary", "alley_wd": 6.0, "wd_src": "assumed by road class", "length_m": 104.562929, "access_ok": 1, "walk_ok": 1, "oneway": 0, "geom_src": "OSM snapshot; incomplete mapping", "mapped_by": null, "mapped_at": null, "input_kind": "OSM-derived geometry and disclosed scenario attributes", "kind": "road", "id": "road-57", "imported_from": "QGIS source inventory"}}, {"type": "Feature", "geometry": {"type": "MultiLineString", "coordinates": [[[123.71235599999999, 10.5080819], [123.7118113, 10.508985099999997]]]}, "properties": {"fid": 58, "osm_way": "217922648", "from_node": "2272279530", "to_node": "2272279531", "highway": "residential", "alley_wd": 4.0, "wd_src": "assumed by road class", "length_m": 116.306538, "access_ok": 1, "walk_ok": 1, "oneway": 0, "geom_src": "OSM snapshot; incomplete mapping", "mapped_by": null, "mapped_at": null, "input_kind": "OSM-derived geometry and disclosed scenario attributes", "kind": "road", "id": "road-58", "imported_from": "QGIS source inventory"}}, {"type": "Feature", "geometry": {"type": "MultiLineString", "coordinates": [[[123.7118113, 10.508985099999997], [123.71171840000001, 10.5091168]]]}, "properties": {"fid": 59, "osm_way": "217922649", "from_node": "2272279531", "to_node": "2272279532", "highway": "residential", "alley_wd": 4.0, "wd_src": "assumed by road class", "length_m": 17.76008, "access_ok": 1, "walk_ok": 1, "oneway": 0, "geom_src": "OSM snapshot; incomplete mapping", "mapped_by": null, "mapped_at": null, "input_kind": "OSM-derived geometry and disclosed scenario attributes", "kind": "road", "id": "road-59", "imported_from": "QGIS source inventory"}}, {"type": "Feature", "geometry": {"type": "MultiLineString", "coordinates": [[[123.71171840000001, 10.5091168], [123.7114335, 10.509589499999995]]]}, "properties": {"fid": 60, "osm_way": "217922650", "from_node": "2272279532", "to_node": "6190395232", "highway": "residential", "alley_wd": 4.0, "wd_src": "assumed by road class", "length_m": 60.860495, "access_ok": 1, "walk_ok": 1, "oneway": 0, "geom_src": "OSM snapshot; incomplete mapping", "mapped_by": null, "mapped_at": null, "input_kind": "OSM-derived geometry and disclosed scenario attributes", "kind": "road", "id": "road-60", "imported_from": "QGIS source inventory"}}, {"type": "Feature", "geometry": {"type": "MultiLineString", "coordinates": [[[123.7114335, 10.509589499999995], [123.71117800000002, 10.510013400000002]]]}, "properties": {"fid": 61, "osm_way": "217922650", "from_node": "6190395232", "to_node": "2272279533", "highway": "residential", "alley_wd": 4.0, "wd_src": "assumed by road class", "length_m": 54.578115, "access_ok": 1, "walk_ok": 1, "oneway": 0, "geom_src": "OSM snapshot; incomplete mapping", "mapped_by": null, "mapped_at": null, "input_kind": "OSM-derived geometry and disclosed scenario attributes", "kind": "road", "id": "road-61", "imported_from": "QGIS source inventory"}}, {"type": "Feature", "geometry": {"type": "MultiLineString", "coordinates": [[[123.71117800000002, 10.510013400000002], [123.71114599999999, 10.5101107]]]}, "properties": {"fid": 62, "osm_way": "217922650", "from_node": "2272279533", "to_node": "2272279534", "highway": "residential", "alley_wd": 4.0, "wd_src": "assumed by road class", "length_m": 11.314482, "access_ok": 1, "walk_ok": 1, "oneway": 0, "geom_src": "OSM snapshot; incomplete mapping", "mapped_by": null, "mapped_at": null, "input_kind": "OSM-derived geometry and disclosed scenario attributes", "kind": "road", "id": "road-62", "imported_from": "QGIS source inventory"}}, {"type": "Feature", "geometry": {"type": "MultiLineString", "coordinates": [[[123.71235599999999, 10.5080819], [123.7129379, 10.507091199999998]]]}, "properties": {"fid": 63, "osm_way": "217922652", "from_node": "2272279530", "to_node": "2272279541", "highway": "tertiary", "alley_wd": 6.0, "wd_src": "assumed by road class", "length_m": 126.70946, "access_ok": 1, "walk_ok": 1, "oneway": 0, "geom_src": "OSM snapshot; incomplete mapping", "mapped_by": null, "mapped_at": null, "input_kind": "OSM-derived geometry and disclosed scenario attributes", "kind": "road", "id": "road-63", "imported_from": "QGIS source inventory"}}, {"type": "Feature", "geometry": {"type": "MultiLineString", "coordinates": [[[123.7129379, 10.507091199999998], [123.71305490000002, 10.5068883]]]}, "properties": {"fid": 64, "osm_way": "217922652", "from_node": "2272279541", "to_node": "8344904574", "highway": "tertiary", "alley_wd": 6.0, "wd_src": "assumed by road class", "length_m": 25.831868, "access_ok": 1, "walk_ok": 1, "oneway": 0, "geom_src": "OSM snapshot; incomplete mapping", "mapped_by": null, "mapped_at": null, "input_kind": "OSM-derived geometry and disclosed scenario attributes", "kind": "road", "id": "road-64", "imported_from": "QGIS source inventory"}}, {"type": "Feature", "geometry": {"type": "MultiLineString", "coordinates": [[[123.71305490000002, 10.5068883], [123.713384, 10.506317399999999]]]}, "properties": {"fid": 65, "osm_way": "217922652", "from_node": "8344904574", "to_node": "2272279542", "highway": "tertiary", "alley_wd": 6.0, "wd_src": "assumed by road class", "length_m": 72.677598, "access_ok": 1, "walk_ok": 1, "oneway": 0, "geom_src": "OSM snapshot; incomplete mapping", "mapped_by": null, "mapped_at": null, "input_kind": "OSM-derived geometry and disclosed scenario attributes", "kind": "road", "id": "road-65", "imported_from": "QGIS source inventory"}}, {"type": "Feature", "geometry": {"type": "MultiLineString", "coordinates": [[[123.713384, 10.506317399999999], [123.7136379, 10.5058788]]]}, "properties": {"fid": 66, "osm_way": "217922652", "from_node": "2272279542", "to_node": "932646756", "highway": "tertiary", "alley_wd": 6.0, "wd_src": "assumed by road class", "length_m": 55.893226, "access_ok": 1, "walk_ok": 1, "oneway": 0, "geom_src": "OSM snapshot; incomplete mapping", "mapped_by": null, "mapped_at": null, "input_kind": "OSM-derived geometry and disclosed scenario attributes", "kind": "road", "id": "road-66", "imported_from": "QGIS source inventory"}}, {"type": "Feature", "geometry": {"type": "MultiLineString", "coordinates": [[[123.71497808893184, 10.503000047476714], [123.71497159999998, 10.503049999999998]]]}, "properties": {"fid": 67, "osm_way": "217922653", "from_node": "boundary_217922653_1_a", "to_node": "13502750931", "highway": "tertiary", "alley_wd": 6.0, "wd_src": "assumed by road class", "length_m": 5.568973, "access_ok": 1, "walk_ok": 1, "oneway": 0, "geom_src": "OSM snapshot; incomplete mapping", "mapped_by": null, "mapped_at": null, "input_kind": "OSM-derived geometry and disclosed scenario attributes", "kind": "road", "id": "road-67", "imported_from": "QGIS source inventory"}}, {"type": "Feature", "geometry": {"type": "MultiLineString", "coordinates": [[[123.71497159999998, 10.503049999999998], [123.71495149999998, 10.503203599999999]]]}, "properties": {"fid": 68, "osm_way": "217922653", "from_node": "13502750931", "to_node": "2272279543", "highway": "tertiary", "alley_wd": 6.0, "wd_src": "assumed by road class", "length_m": 17.126203, "access_ok": 1, "walk_ok": 1, "oneway": 0, "geom_src": "OSM snapshot; incomplete mapping", "mapped_by": null, "mapped_at": null, "input_kind": "OSM-derived geometry and disclosed scenario attributes", "kind": "road", "id": "road-68", "imported_from": "QGIS source inventory"}}, {"type": "Feature", "geometry": {"type": "MultiLineString", "coordinates": [[[123.71495149999998, 10.503203599999999], [123.714918, 10.503460099999995]]]}, "properties": {"fid": 69, "osm_way": "217922653", "from_node": "2272279543", "to_node": "932646734", "highway": "tertiary", "alley_wd": 6.0, "wd_src": "assumed by road class", "length_m": 28.598503, "access_ok": 1, "walk_ok": 1, "oneway": 0, "geom_src": "OSM snapshot; incomplete mapping", "mapped_by": null, "mapped_at": null, "input_kind": "OSM-derived geometry and disclosed scenario attributes", "kind": "road", "id": "road-69", "imported_from": "QGIS source inventory"}}, {"type": "Feature", "geometry": {"type": "MultiLineString", "coordinates": [[[123.714918, 10.503460099999995], [123.71476540000002, 10.5039489]]]}, "properties": {"fid": 70, "osm_way": "217922653", "from_node": "932646734", "to_node": "932646739", "highway": "tertiary", "alley_wd": 6.0, "wd_src": "assumed by road class", "length_m": 56.570123, "access_ok": 1, "walk_ok": 1, "oneway": 0, "geom_src": "OSM snapshot; incomplete mapping", "mapped_by": null, "mapped_at": null, "input_kind": "OSM-derived geometry and disclosed scenario attributes", "kind": "road", "id": "road-70", "imported_from": "QGIS source inventory"}}, {"type": "Feature", "geometry": {"type": "MultiLineString", "coordinates": [[[123.71476540000002, 10.5039489], [123.71475050000001, 10.503976]]]}, "properties": {"fid": 71, "osm_way": "217922653", "from_node": "932646739", "to_node": "2272279544", "highway": "tertiary", "alley_wd": 6.0, "wd_src": "assumed by road class", "length_m": 3.411473, "access_ok": 1, "walk_ok": 1, "oneway": 0, "geom_src": "OSM snapshot; incomplete mapping", "mapped_by": null, "mapped_at": null, "input_kind": "OSM-derived geometry and disclosed scenario attributes", "kind": "road", "id": "road-71", "imported_from": "QGIS source inventory"}}, {"type": "Feature", "geometry": {"type": "MultiLineString", "coordinates": [[[123.71475050000001, 10.503976], [123.71454640000002, 10.504348099999996]]]}, "properties": {"fid": 72, "osm_way": "217922653", "from_node": "2272279544", "to_node": "940969113", "highway": "tertiary", "alley_wd": 6.0, "wd_src": "assumed by road class", "length_m": 46.816238, "access_ok": 1, "walk_ok": 1, "oneway": 0, "geom_src": "OSM snapshot; incomplete mapping", "mapped_by": null, "mapped_at": null, "input_kind": "OSM-derived geometry and disclosed scenario attributes", "kind": "road", "id": "road-72", "imported_from": "QGIS source inventory"}}, {"type": "Feature", "geometry": {"type": "MultiLineString", "coordinates": [[[123.71454640000002, 10.504348099999996], [123.71452479999999, 10.5043852]]]}, "properties": {"fid": 73, "osm_way": "217922653", "from_node": "940969113", "to_node": "13502736457", "highway": "tertiary", "alley_wd": 6.0, "wd_src": "assumed by road class", "length_m": 4.734586, "access_ok": 1, "walk_ok": 1, "oneway": 0, "geom_src": "OSM snapshot; incomplete mapping", "mapped_by": null, "mapped_at": null, "input_kind": "OSM-derived geometry and disclosed scenario attributes", "kind": "road", "id": "road-73", "imported_from": "QGIS source inventory"}}, {"type": "Feature", "geometry": {"type": "MultiLineString", "coordinates": [[[123.71452479999999, 10.5043852], [123.7144169, 10.504570299999997]]]}, "properties": {"fid": 74, "osm_way": "217922653", "from_node": "13502736457", "to_node": "2272279545", "highway": "tertiary", "alley_wd": 6.0, "wd_src": "assumed by road class", "length_m": 23.629145, "access_ok": 1, "walk_ok": 1, "oneway": 0, "geom_src": "OSM snapshot; incomplete mapping", "mapped_by": null, "mapped_at": null, "input_kind": "OSM-derived geometry and disclosed scenario attributes", "kind": "road", "id": "road-74", "imported_from": "QGIS source inventory"}}, {"type": "Feature", "geometry": {"type": "MultiLineString", "coordinates": [[[123.7144169, 10.504570299999997], [123.7142999, 10.504771]]]}, "properties": {"fid": 75, "osm_way": "217922653", "from_node": "2272279545", "to_node": "2272279546", "highway": "tertiary", "alley_wd": 6.0, "wd_src": "assumed by road class", "length_m": 25.620921, "access_ok": 1, "walk_ok": 1, "oneway": 0, "geom_src": "OSM snapshot; incomplete mapping", "mapped_by": null, "mapped_at": null, "input_kind": "OSM-derived geometry and disclosed scenario attributes", "kind": "road", "id": "road-75", "imported_from": "QGIS source inventory"}}, {"type": "Feature", "geometry": {"type": "MultiLineString", "coordinates": [[[123.7142999, 10.504771], [123.7141905, 10.504958799999999]]]}, "properties": {"fid": 76, "osm_way": "217922653", "from_node": "2272279546", "to_node": "2272279547", "highway": "tertiary", "alley_wd": 6.0, "wd_src": "assumed by road class", "length_m": 23.969768, "access_ok": 1, "walk_ok": 1, "oneway": 0, "geom_src": "OSM snapshot; incomplete mapping", "mapped_by": null, "mapped_at": null, "input_kind": "OSM-derived geometry and disclosed scenario attributes", "kind": "road", "id": "road-76", "imported_from": "QGIS source inventory"}}, {"type": "Feature", "geometry": {"type": "MultiLineString", "coordinates": [[[123.7141905, 10.504958799999999], [123.7141055, 10.5051056]]]}, "properties": {"fid": 77, "osm_way": "217922653", "from_node": "2272279547", "to_node": "13502668840", "highway": "tertiary", "alley_wd": 6.0, "wd_src": "assumed by road class", "length_m": 18.708606, "access_ok": 1, "walk_ok": 1, "oneway": 0, "geom_src": "OSM snapshot; incomplete mapping", "mapped_by": null, "mapped_at": null, "input_kind": "OSM-derived geometry and disclosed scenario attributes", "kind": "road", "id": "road-77", "imported_from": "QGIS source inventory"}}, {"type": "Feature", "geometry": {"type": "MultiLineString", "coordinates": [[[123.7141055, 10.5051056], [123.71408250000002, 10.505145200000001]]]}, "properties": {"fid": 78, "osm_way": "217922653", "from_node": "13502668840", "to_node": "932646746", "highway": "tertiary", "alley_wd": 6.0, "wd_src": "assumed by road class", "length_m": 5.050594, "access_ok": 1, "walk_ok": 1, "oneway": 0, "geom_src": "OSM snapshot; incomplete mapping", "mapped_by": null, "mapped_at": null, "input_kind": "OSM-derived geometry and disclosed scenario attributes", "kind": "road", "id": "road-78", "imported_from": "QGIS source inventory"}}, {"type": "Feature", "geometry": {"type": "MultiLineString", "coordinates": [[[123.71408250000002, 10.505145200000001], [123.71405, 10.5052006]]]}, "properties": {"fid": 79, "osm_way": "217922653", "from_node": "932646746", "to_node": "13502668841", "highway": "tertiary", "alley_wd": 6.0, "wd_src": "assumed by road class", "length_m": 7.083423, "access_ok": 1, "walk_ok": 1, "oneway": 0, "geom_src": "OSM snapshot; incomplete mapping", "mapped_by": null, "mapped_at": null, "input_kind": "OSM-derived geometry and disclosed scenario attributes", "kind": "road", "id": "road-79", "imported_from": "QGIS source inventory"}}, {"type": "Feature", "geometry": {"type": "MultiLineString", "coordinates": [[[123.71405, 10.5052006], [123.7139928, 10.5052949]]]}, "properties": {"fid": 80, "osm_way": "217922653", "from_node": "13502668841", "to_node": "13502668838", "highway": "tertiary", "alley_wd": 6.0, "wd_src": "assumed by road class", "length_m": 12.161734, "access_ok": 1, "walk_ok": 1, "oneway": 0, "geom_src": "OSM snapshot; incomplete mapping", "mapped_by": null, "mapped_at": null, "input_kind": "OSM-derived geometry and disclosed scenario attributes", "kind": "road", "id": "road-80", "imported_from": "QGIS source inventory"}}, {"type": "Feature", "geometry": {"type": "MultiLineString", "coordinates": [[[123.7139928, 10.5052949], [123.71366079999999, 10.505841]]]}, "properties": {"fid": 81, "osm_way": "217922653", "from_node": "13502668838", "to_node": "13502720083", "highway": "tertiary", "alley_wd": 6.0, "wd_src": "assumed by road class", "length_m": 70.471954, "access_ok": 1, "walk_ok": 1, "oneway": 0, "geom_src": "OSM snapshot; incomplete mapping", "mapped_by": null, "mapped_at": null, "input_kind": "OSM-derived geometry and disclosed scenario attributes", "kind": "road", "id": "road-81", "imported_from": "QGIS source inventory"}}, {"type": "Feature", "geometry": {"type": "MultiLineString", "coordinates": [[[123.71366079999999, 10.505841], [123.7136379, 10.5058788]]]}, "properties": {"fid": 82, "osm_way": "217922653", "from_node": "13502720083", "to_node": "932646756", "highway": "tertiary", "alley_wd": 6.0, "wd_src": "assumed by road class", "length_m": 4.873403, "access_ok": 1, "walk_ok": 1, "oneway": 0, "geom_src": "OSM snapshot; incomplete mapping", "mapped_by": null, "mapped_at": null, "input_kind": "OSM-derived geometry and disclosed scenario attributes", "kind": "road", "id": "road-82", "imported_from": "QGIS source inventory"}}, {"type": "Feature", "geometry": {"type": "MultiLineString", "coordinates": [[[123.71581250000001, 10.504345100000002], [123.71690619999998, 10.5047036]]]}, "properties": {"fid": 83, "osm_way": "217922655", "from_node": "367823082", "to_node": "2272279550", "highway": "unclassified", "alley_wd": 3.0, "wd_src": "assumed by road class", "length_m": 126.078291, "access_ok": 1, "walk_ok": 1, "oneway": 0, "geom_src": "OSM snapshot; incomplete mapping", "mapped_by": null, "mapped_at": null, "input_kind": "OSM-derived geometry and disclosed scenario attributes", "kind": "road", "id": "road-83", "imported_from": "QGIS source inventory"}}, {"type": "Feature", "geometry": {"type": "MultiLineString", "coordinates": [[[123.71690619999998, 10.5047036], [123.71799999777325, 10.505062208177046]]]}, "properties": {"fid": 84, "osm_way": "217922655", "from_node": "2272279550", "to_node": "boundary_217922655_1_b", "highway": "unclassified", "alley_wd": 3.0, "wd_src": "assumed by road class", "length_m": 126.092108, "access_ok": 1, "walk_ok": 1, "oneway": 0, "geom_src": "OSM snapshot; incomplete mapping", "mapped_by": null, "mapped_at": null, "input_kind": "OSM-derived geometry and disclosed scenario attributes", "kind": "road", "id": "road-84", "imported_from": "QGIS source inventory"}}, {"type": "Feature", "geometry": {"type": "MultiLineString", "coordinates": [[[123.71715750000001, 10.503878299999998], [123.71690619999998, 10.5047036]]]}, "properties": {"fid": 85, "osm_way": "217922656", "from_node": "12801757851", "to_node": "2272279550", "highway": "unclassified", "alley_wd": 3.0, "wd_src": "assumed by road class", "length_m": 95.311288, "access_ok": 1, "walk_ok": 1, "oneway": 0, "geom_src": "OSM snapshot; incomplete mapping", "mapped_by": null, "mapped_at": null, "input_kind": "OSM-derived geometry and disclosed scenario attributes", "kind": "road", "id": "road-85", "imported_from": "QGIS source inventory"}}, {"type": "Feature", "geometry": {"type": "MultiLineString", "coordinates": [[[123.71690619999998, 10.5047036], [123.71675069999999, 10.505314900000002]]]}, "properties": {"fid": 86, "osm_way": "217922656", "from_node": "2272279550", "to_node": "2272279563", "highway": "unclassified", "alley_wd": 3.0, "wd_src": "assumed by road class", "length_m": 69.703698, "access_ok": 1, "walk_ok": 1, "oneway": 0, "geom_src": "OSM snapshot; incomplete mapping", "mapped_by": null, "mapped_at": null, "input_kind": "OSM-derived geometry and disclosed scenario attributes", "kind": "road", "id": "road-86", "imported_from": "QGIS source inventory"}}, {"type": "Feature", "geometry": {"type": "MultiLineString", "coordinates": [[[123.71675069999999, 10.505314900000002], [123.7165838, 10.505971499999996]]]}, "properties": {"fid": 87, "osm_way": "217922656", "from_node": "2272279563", "to_node": "2272279564", "highway": "unclassified", "alley_wd": 3.0, "wd_src": "assumed by road class", "length_m": 74.865747, "access_ok": 1, "walk_ok": 1, "oneway": 0, "geom_src": "OSM snapshot; incomplete mapping", "mapped_by": null, "mapped_at": null, "input_kind": "OSM-derived geometry and disclosed scenario attributes", "kind": "road", "id": "road-87", "imported_from": "QGIS source inventory"}}, {"type": "Feature", "geometry": {"type": "MultiLineString", "coordinates": [[[123.7165838, 10.505971499999996], [123.7163303, 10.507077099999998]]]}, "properties": {"fid": 88, "osm_way": "217922656", "from_node": "2272279564", "to_node": "2272279565", "highway": "unclassified", "alley_wd": 3.0, "wd_src": "assumed by road class", "length_m": 125.359951, "access_ok": 1, "walk_ok": 1, "oneway": 0, "geom_src": "OSM snapshot; incomplete mapping", "mapped_by": null, "mapped_at": null, "input_kind": "OSM-derived geometry and disclosed scenario attributes", "kind": "road", "id": "road-88", "imported_from": "QGIS source inventory"}}, {"type": "Feature", "geometry": {"type": "MultiLineString", "coordinates": [[[123.7163303, 10.507077099999998], [123.716194, 10.507640999999996]]]}, "properties": {"fid": 89, "osm_way": "217922656", "from_node": "2272279565", "to_node": "2272279566", "highway": "unclassified", "alley_wd": 3.0, "wd_src": "assumed by road class", "length_m": 64.11254, "access_ok": 1, "walk_ok": 1, "oneway": 0, "geom_src": "OSM snapshot; incomplete mapping", "mapped_by": null, "mapped_at": null, "input_kind": "OSM-derived geometry and disclosed scenario attributes", "kind": "road", "id": "road-89", "imported_from": "QGIS source inventory"}}, {"type": "Feature", "geometry": {"type": "MultiLineString", "coordinates": [[[123.716194, 10.507640999999996], [123.71565500000001, 10.509870900000001]]]}, "properties": {"fid": 90, "osm_way": "217922656", "from_node": "2272279566", "to_node": "2272279521", "highway": "unclassified", "alley_wd": 3.0, "wd_src": "assumed by road class", "length_m": 253.528446, "access_ok": 1, "walk_ok": 1, "oneway": 0, "geom_src": "OSM snapshot; incomplete mapping", "mapped_by": null, "mapped_at": null, "input_kind": "OSM-derived geometry and disclosed scenario attributes", "kind": "road", "id": "road-90", "imported_from": "QGIS source inventory"}}, {"type": "Feature", "geometry": {"type": "MultiLineString", "coordinates": [[[123.7163303, 10.507077099999998], [123.7158875, 10.5068719]]]}, "properties": {"fid": 91, "osm_way": "217922657", "from_node": "2272279565", "to_node": "6190425939", "highway": "unclassified", "alley_wd": 3.0, "wd_src": "assumed by road class", "length_m": 53.504868, "access_ok": 1, "walk_ok": 1, "oneway": 0, "geom_src": "OSM snapshot; incomplete mapping", "mapped_by": null, "mapped_at": null, "input_kind": "OSM-derived geometry and disclosed scenario attributes", "kind": "road", "id": "road-91", "imported_from": "QGIS source inventory"}}, {"type": "Feature", "geometry": {"type": "MultiLineString", "coordinates": [[[123.7158875, 10.5068719], [123.71528450000001, 10.5065925]]]}, "properties": {"fid": 92, "osm_way": "217922657", "from_node": "6190425939", "to_node": "2271301715", "highway": "unclassified", "alley_wd": 3.0, "wd_src": "assumed by road class", "length_m": 72.860529, "access_ok": 1, "walk_ok": 1, "oneway": 0, "geom_src": "OSM snapshot; incomplete mapping", "mapped_by": null, "mapped_at": null, "input_kind": "OSM-derived geometry and disclosed scenario attributes", "kind": "road", "id": "road-92", "imported_from": "QGIS source inventory"}}, {"type": "Feature", "geometry": {"type": "MultiLineString", "coordinates": [[[123.71551400000001, 10.505600899999997], [123.7165838, 10.505971499999996]]]}, "properties": {"fid": 93, "osm_way": "217922658", "from_node": "2271301714", "to_node": "2272279564", "highway": "residential", "alley_wd": 4.0, "wd_src": "assumed by road class", "length_m": 124.033416, "access_ok": 1, "walk_ok": 1, "oneway": 0, "geom_src": "OSM snapshot; incomplete mapping", "mapped_by": null, "mapped_at": null, "input_kind": "OSM-derived geometry and disclosed scenario attributes", "kind": "road", "id": "road-93", "imported_from": "QGIS source inventory"}}, {"type": "Feature", "geometry": {"type": "MultiLineString", "coordinates": [[[123.71799999675005, 10.506532353997619], [123.7179571, 10.506514499999998]]]}, "properties": {"fid": 94, "osm_way": "217922664", "from_node": "boundary_217922664_2_a", "to_node": "2272279592", "highway": "residential", "alley_wd": 4.0, "wd_src": "assumed by road class", "length_m": 5.092436, "access_ok": 1, "walk_ok": 1, "oneway": 0, "geom_src": "OSM snapshot; incomplete mapping", "mapped_by": null, "mapped_at": null, "input_kind": "OSM-derived geometry and disclosed scenario attributes", "kind": "road", "id": "road-94", "imported_from": "QGIS source inventory"}}, {"type": "Feature", "geometry": {"type": "MultiLineString", "coordinates": [[[123.7179571, 10.506514499999998], [123.7176197, 10.506370700000003]]]}, "properties": {"fid": 95, "osm_way": "217922664", "from_node": "2272279592", "to_node": "2272279570", "highway": "residential", "alley_wd": 4.0, "wd_src": "assumed by road class", "length_m": 40.200024, "access_ok": 1, "walk_ok": 1, "oneway": 0, "geom_src": "OSM snapshot; incomplete mapping", "mapped_by": null, "mapped_at": null, "input_kind": "OSM-derived geometry and disclosed scenario attributes", "kind": "road", "id": "road-95", "imported_from": "QGIS source inventory"}}, {"type": "Feature", "geometry": {"type": "MultiLineString", "coordinates": [[[123.71675069999999, 10.505314900000002], [123.7157007, 10.504837899999998]]]}, "properties": {"fid": 96, "osm_way": "217922665", "from_node": "2272279563", "to_node": "940969112", "highway": "unclassified", "alley_wd": 3.0, "wd_src": "assumed by road class", "length_m": 126.42949, "access_ok": 1, "walk_ok": 1, "oneway": 0, "geom_src": "OSM snapshot; incomplete mapping", "mapped_by": null, "mapped_at": null, "input_kind": "OSM-derived geometry and disclosed scenario attributes", "kind": "road", "id": "road-96", "imported_from": "QGIS source inventory"}}, {"type": "Feature", "geometry": {"type": "MultiLineString", "coordinates": [[[123.7157007, 10.504837899999998], [123.71454640000002, 10.504348099999996]]]}, "properties": {"fid": 97, "osm_way": "217922665", "from_node": "940969112", "to_node": "940969113", "highway": "unclassified", "alley_wd": 3.0, "wd_src": "assumed by road class", "length_m": 137.436966, "access_ok": 1, "walk_ok": 1, "oneway": 0, "geom_src": "OSM snapshot; incomplete mapping", "mapped_by": null, "mapped_at": null, "input_kind": "OSM-derived geometry and disclosed scenario attributes", "kind": "road", "id": "road-97", "imported_from": "QGIS source inventory"}}, {"type": "Feature", "geometry": {"type": "MultiLineString", "coordinates": [[[123.7130695, 10.5039727], [123.7131581, 10.504012000000001]]]}, "properties": {"fid": 98, "osm_way": "217922666", "from_node": "2272279596", "to_node": "2272279595", "highway": "tertiary", "alley_wd": 6.0, "wd_src": "assumed by road class", "length_m": 10.624883, "access_ok": 1, "walk_ok": 1, "oneway": 1, "geom_src": "OSM snapshot; incomplete mapping", "mapped_by": null, "mapped_at": null, "input_kind": "OSM-derived geometry and disclosed scenario attributes", "kind": "road", "id": "road-98", "imported_from": "QGIS source inventory"}}, {"type": "Feature", "geometry": {"type": "MultiLineString", "coordinates": [[[123.7131581, 10.504012000000001], [123.71343849999998, 10.504136299999999]]]}, "properties": {"fid": 99, "osm_way": "217922666", "from_node": "2272279595", "to_node": "2272279594", "highway": "tertiary", "alley_wd": 6.0, "wd_src": "assumed by road class", "length_m": 33.622029, "access_ok": 1, "walk_ok": 1, "oneway": 1, "geom_src": "OSM snapshot; incomplete mapping", "mapped_by": null, "mapped_at": null, "input_kind": "OSM-derived geometry and disclosed scenario attributes", "kind": "road", "id": "road-99", "imported_from": "QGIS source inventory"}}, {"type": "Feature", "geometry": {"type": "MultiLineString", "coordinates": [[[123.71343849999998, 10.504136299999999], [123.7136452, 10.504227999999998]]]}, "properties": {"fid": 100, "osm_way": "217922666", "from_node": "2272279594", "to_node": "2272279593", "highway": "tertiary", "alley_wd": 6.0, "wd_src": "assumed by road class", "length_m": 24.788054, "access_ok": 1, "walk_ok": 1, "oneway": 1, "geom_src": "OSM snapshot; incomplete mapping", "mapped_by": null, "mapped_at": null, "input_kind": "OSM-derived geometry and disclosed scenario attributes", "kind": "road", "id": "road-100", "imported_from": "QGIS source inventory"}}, {"type": "Feature", "geometry": {"type": "MultiLineString", "coordinates": [[[123.7136452, 10.504227999999998], [123.7144169, 10.504570299999997]]]}, "properties": {"fid": 101, "osm_way": "217922666", "from_node": "2272279593", "to_node": "2272279545", "highway": "tertiary", "alley_wd": 6.0, "wd_src": "assumed by road class", "length_m": 92.54191, "access_ok": 1, "walk_ok": 1, "oneway": 1, "geom_src": "OSM snapshot; incomplete mapping", "mapped_by": null, "mapped_at": null, "input_kind": "OSM-derived geometry and disclosed scenario attributes", "kind": "road", "id": "road-101", "imported_from": "QGIS source inventory"}}, {"type": "Feature", "geometry": {"type": "MultiLineString", "coordinates": [[[123.71389509999999, 10.503684799999998], [123.7136452, 10.504227999999998]]]}, "properties": {"fid": 102, "osm_way": "217922667", "from_node": "2272279598", "to_node": "2272279593", "highway": "service", "alley_wd": 3.0, "wd_src": "assumed by road class", "length_m": 65.996876, "access_ok": 1, "walk_ok": 1, "oneway": 0, "geom_src": "OSM snapshot; incomplete mapping", "mapped_by": null, "mapped_at": null, "input_kind": "OSM-derived geometry and disclosed scenario attributes", "kind": "road", "id": "road-102", "imported_from": "QGIS source inventory"}}, {"type": "Feature", "geometry": {"type": "MultiLineString", "coordinates": [[[123.7136452, 10.504227999999998], [123.7136285, 10.5042619]]]}, "properties": {"fid": 103, "osm_way": "217922667", "from_node": "2272279593", "to_node": "13502743026", "highway": "service", "alley_wd": 3.0, "wd_src": "assumed by road class", "length_m": 4.170251, "access_ok": 1, "walk_ok": 1, "oneway": 0, "geom_src": "OSM snapshot; incomplete mapping", "mapped_by": null, "mapped_at": null, "input_kind": "OSM-derived geometry and disclosed scenario attributes", "kind": "road", "id": "road-103", "imported_from": "QGIS source inventory"}}, {"type": "Feature", "geometry": {"type": "MultiLineString", "coordinates": [[[123.7136285, 10.5042619], [123.71338029999998, 10.504766200000002]]]}, "properties": {"fid": 104, "osm_way": "217922667", "from_node": "13502743026", "to_node": "13502728081", "highway": "service", "alley_wd": 3.0, "wd_src": "assumed by road class", "length_m": 62.026012, "access_ok": 1, "walk_ok": 1, "oneway": 0, "geom_src": "OSM snapshot; incomplete mapping", "mapped_by": null, "mapped_at": null, "input_kind": "OSM-derived geometry and disclosed scenario attributes", "kind": "road", "id": "road-104", "imported_from": "QGIS source inventory"}}, {"type": "Feature", "geometry": {"type": "MultiLineString", "coordinates": [[[123.71338029999998, 10.504766200000002], [123.7133588, 10.504809799999999]]]}, "properties": {"fid": 105, "osm_way": "217922667", "from_node": "13502728081", "to_node": "2272279599", "highway": "service", "alley_wd": 3.0, "wd_src": "assumed by road class", "length_m": 5.36454, "access_ok": 1, "walk_ok": 1, "oneway": 0, "geom_src": "OSM snapshot; incomplete mapping", "mapped_by": null, "mapped_at": null, "input_kind": "OSM-derived geometry and disclosed scenario attributes", "kind": "road", "id": "road-105", "imported_from": "QGIS source inventory"}}, {"type": "Feature", "geometry": {"type": "MultiLineString", "coordinates": [[[123.71316480000002, 10.504720799999998], [123.7132967, 10.504439099999999]]]}, "properties": {"fid": 106, "osm_way": "217922668", "from_node": "2272279600", "to_node": "13502703575", "highway": "service", "alley_wd": 3.0, "wd_src": "assumed by road class", "length_m": 34.330753, "access_ok": 1, "walk_ok": 1, "oneway": 0, "geom_src": "OSM snapshot; incomplete mapping", "mapped_by": null, "mapped_at": null, "input_kind": "OSM-derived geometry and disclosed scenario attributes", "kind": "road", "id": "road-106", "imported_from": "QGIS source inventory"}}, {"type": "Feature", "geometry": {"type": "MultiLineString", "coordinates": [[[123.7132967, 10.504439099999999], [123.71343849999998, 10.504136299999999]]]}, "properties": {"fid": 107, "osm_way": "217922668", "from_node": "13502703575", "to_node": "2272279594", "highway": "service", "alley_wd": 3.0, "wd_src": "assumed by road class", "length_m": 36.903152, "access_ok": 1, "walk_ok": 1, "oneway": 0, "geom_src": "OSM snapshot; incomplete mapping", "mapped_by": null, "mapped_at": null, "input_kind": "OSM-derived geometry and disclosed scenario attributes", "kind": "road", "id": "road-107", "imported_from": "QGIS source inventory"}}, {"type": "Feature", "geometry": {"type": "MultiLineString", "coordinates": [[[123.7131581, 10.504012000000001], [123.7130689, 10.504201900000002]]]}, "properties": {"fid": 108, "osm_way": "217922669", "from_node": "2272279595", "to_node": "2272279605", "highway": "service", "alley_wd": 3.0, "wd_src": "assumed by road class", "length_m": 23.156156, "access_ok": 1, "walk_ok": 1, "oneway": 1, "geom_src": "OSM snapshot; incomplete mapping", "mapped_by": null, "mapped_at": null, "input_kind": "OSM-derived geometry and disclosed scenario attributes", "kind": "road", "id": "road-108", "imported_from": "QGIS source inventory"}}, {"type": "Feature", "geometry": {"type": "MultiLineString", "coordinates": [[[123.7130689, 10.504201900000002], [123.7129456, 10.5044647]]]}, "properties": {"fid": 109, "osm_way": "217922669", "from_node": "2272279605", "to_node": "2272279604", "highway": "service", "alley_wd": 3.0, "wd_src": "assumed by road class", "length_m": 32.038904, "access_ok": 1, "walk_ok": 1, "oneway": 1, "geom_src": "OSM snapshot; incomplete mapping", "mapped_by": null, "mapped_at": null, "input_kind": "OSM-derived geometry and disclosed scenario attributes", "kind": "road", "id": "road-109", "imported_from": "QGIS source inventory"}}, {"type": "Feature", "geometry": {"type": "MultiLineString", "coordinates": [[[123.7129456, 10.5044647], [123.71288210000002, 10.504599900000002]]]}, "properties": {"fid": 110, "osm_way": "217922669", "from_node": "2272279604", "to_node": "2272279602", "highway": "service", "alley_wd": 3.0, "wd_src": "assumed by road class", "length_m": 16.485816, "access_ok": 1, "walk_ok": 1, "oneway": 1, "geom_src": "OSM snapshot; incomplete mapping", "mapped_by": null, "mapped_at": null, "input_kind": "OSM-derived geometry and disclosed scenario attributes", "kind": "road", "id": "road-110", "imported_from": "QGIS source inventory"}}, {"type": "Feature", "geometry": {"type": "MultiLineString", "coordinates": [[[123.7130695, 10.5039727], [123.7131901, 10.5037376]]]}, "properties": {"fid": 111, "osm_way": "217922670", "from_node": "2272279596", "to_node": "6226868846", "highway": "tertiary", "alley_wd": 6.0, "wd_src": "assumed by road class", "length_m": 29.154327, "access_ok": 1, "walk_ok": 1, "oneway": 1, "geom_src": "OSM snapshot; incomplete mapping", "mapped_by": null, "mapped_at": null, "input_kind": "OSM-derived geometry and disclosed scenario attributes", "kind": "road", "id": "road-111", "imported_from": "QGIS source inventory"}}, {"type": "Feature", "geometry": {"type": "MultiLineString", "coordinates": [[[123.7131901, 10.5037376], [123.713257, 10.503607200000001]]]}, "properties": {"fid": 112, "osm_way": "217922670", "from_node": "6226868846", "to_node": "2272279606", "highway": "tertiary", "alley_wd": 6.0, "wd_src": "assumed by road class", "length_m": 16.171082, "access_ok": 1, "walk_ok": 1, "oneway": 1, "geom_src": "OSM snapshot; incomplete mapping", "mapped_by": null, "mapped_at": null, "input_kind": "OSM-derived geometry and disclosed scenario attributes", "kind": "road", "id": "road-112", "imported_from": "QGIS source inventory"}}, {"type": "Feature", "geometry": {"type": "MultiLineString", "coordinates": [[[123.713257, 10.503607200000001], [123.71338530000001, 10.503555399999998]]]}, "properties": {"fid": 113, "osm_way": "217922670", "from_node": "2272279606", "to_node": "2272279607", "highway": "tertiary", "alley_wd": 6.0, "wd_src": "assumed by road class", "length_m": 15.163394, "access_ok": 1, "walk_ok": 1, "oneway": 1, "geom_src": "OSM snapshot; incomplete mapping", "mapped_by": null, "mapped_at": null, "input_kind": "OSM-derived geometry and disclosed scenario attributes", "kind": "road", "id": "road-113", "imported_from": "QGIS source inventory"}}, {"type": "Feature", "geometry": {"type": "MultiLineString", "coordinates": [[[123.71338530000001, 10.503555399999998], [123.7135103, 10.503555399999998]]]}, "properties": {"fid": 114, "osm_way": "217922670", "from_node": "2272279607", "to_node": "2272279608", "highway": "tertiary", "alley_wd": 6.0, "wd_src": "assumed by road class", "length_m": 13.678853, "access_ok": 1, "walk_ok": 1, "oneway": 1, "geom_src": "OSM snapshot; incomplete mapping", "mapped_by": null, "mapped_at": null, "input_kind": "OSM-derived geometry and disclosed scenario attributes", "kind": "road", "id": "road-114", "imported_from": "QGIS source inventory"}}, {"type": "Feature", "geometry": {"type": "MultiLineString", "coordinates": [[[123.7135103, 10.503555399999998], [123.71389509999999, 10.503684799999998]]]}, "properties": {"fid": 115, "osm_way": "217922670", "from_node": "2272279608", "to_node": "2272279598", "highway": "tertiary", "alley_wd": 6.0, "wd_src": "assumed by road class", "length_m": 44.473556, "access_ok": 1, "walk_ok": 1, "oneway": 1, "geom_src": "OSM snapshot; incomplete mapping", "mapped_by": null, "mapped_at": null, "input_kind": "OSM-derived geometry and disclosed scenario attributes", "kind": "road", "id": "road-115", "imported_from": "QGIS source inventory"}}, {"type": "Feature", "geometry": {"type": "MultiLineString", "coordinates": [[[123.71389509999999, 10.503684799999998], [123.71443770000002, 10.503869499999999]]]}, "properties": {"fid": 116, "osm_way": "217922670", "from_node": "2272279598", "to_node": "12801830895", "highway": "tertiary", "alley_wd": 6.0, "wd_src": "assumed by road class", "length_m": 62.791346, "access_ok": 1, "walk_ok": 1, "oneway": 1, "geom_src": "OSM snapshot; incomplete mapping", "mapped_by": null, "mapped_at": null, "input_kind": "OSM-derived geometry and disclosed scenario attributes", "kind": "road", "id": "road-116", "imported_from": "QGIS source inventory"}}, {"type": "Feature", "geometry": {"type": "MultiLineString", "coordinates": [[[123.71443770000002, 10.503869499999999], [123.71475050000001, 10.503976]]]}, "properties": {"fid": 117, "osm_way": "217922670", "from_node": "12801830895", "to_node": "2272279544", "highway": "tertiary", "alley_wd": 6.0, "wd_src": "assumed by road class", "length_m": 36.199014, "access_ok": 1, "walk_ok": 1, "oneway": 1, "geom_src": "OSM snapshot; incomplete mapping", "mapped_by": null, "mapped_at": null, "input_kind": "OSM-derived geometry and disclosed scenario attributes", "kind": "road", "id": "road-117", "imported_from": "QGIS source inventory"}}, {"type": "Feature", "geometry": {"type": "MultiLineString", "coordinates": [[[123.71238209999999, 10.5043672], [123.7124019, 10.5042975]]]}, "properties": {"fid": 118, "osm_way": "217922671", "from_node": "932646775", "to_node": "6226567629", "highway": "tertiary", "alley_wd": 6.0, "wd_src": "assumed by road class", "length_m": 8.005874, "access_ok": 1, "walk_ok": 1, "oneway": 1, "geom_src": "OSM snapshot; incomplete mapping", "mapped_by": null, "mapped_at": null, "input_kind": "OSM-derived geometry and disclosed scenario attributes", "kind": "road", "id": "road-118", "imported_from": "QGIS source inventory"}}, {"type": "Feature", "geometry": {"type": "MultiLineString", "coordinates": [[[123.7124019, 10.5042975], [123.71242170000001, 10.504234599999998]]]}, "properties": {"fid": 119, "osm_way": "217922671", "from_node": "6226567629", "to_node": "2272279609", "highway": "tertiary", "alley_wd": 6.0, "wd_src": "assumed by road class", "length_m": 7.284867, "access_ok": 1, "walk_ok": 1, "oneway": 1, "geom_src": "OSM snapshot; incomplete mapping", "mapped_by": null, "mapped_at": null, "input_kind": "OSM-derived geometry and disclosed scenario attributes", "kind": "road", "id": "road-119", "imported_from": "QGIS source inventory"}}, {"type": "Feature", "geometry": {"type": "MultiLineString", "coordinates": [[[123.71242170000001, 10.504234599999998], [123.7124851, 10.503932699999998]]]}, "properties": {"fid": 120, "osm_way": "217922671", "from_node": "2272279609", "to_node": "2272279610", "highway": "tertiary", "alley_wd": 6.0, "wd_src": "assumed by road class", "length_m": 34.096, "access_ok": 1, "walk_ok": 1, "oneway": 1, "geom_src": "OSM snapshot; incomplete mapping", "mapped_by": null, "mapped_at": null, "input_kind": "OSM-derived geometry and disclosed scenario attributes", "kind": "road", "id": "road-120", "imported_from": "QGIS source inventory"}}, {"type": "Feature", "geometry": {"type": "MultiLineString", "coordinates": [[[123.7124851, 10.503932699999998], [123.71251490000002, 10.503742800000001]]]}, "properties": {"fid": 121, "osm_way": "217922671", "from_node": "2272279610", "to_node": "2272279597", "highway": "tertiary", "alley_wd": 6.0, "wd_src": "assumed by road class", "length_m": 21.249954, "access_ok": 1, "walk_ok": 1, "oneway": 1, "geom_src": "OSM snapshot; incomplete mapping", "mapped_by": null, "mapped_at": null, "input_kind": "OSM-derived geometry and disclosed scenario attributes", "kind": "road", "id": "road-121", "imported_from": "QGIS source inventory"}}, {"type": "Feature", "geometry": {"type": "MultiLineString", "coordinates": [[[123.7125472, 10.5036183], [123.71232440000001, 10.503576899999997]]]}, "properties": {"fid": 122, "osm_way": "217922672", "from_node": "6226868845", "to_node": "2272279611", "highway": "service", "alley_wd": 3.0, "wd_src": "assumed by road class", "length_m": 24.807222, "access_ok": 1, "walk_ok": 1, "oneway": 0, "geom_src": "OSM snapshot; incomplete mapping", "mapped_by": null, "mapped_at": null, "input_kind": "OSM-derived geometry and disclosed scenario attributes", "kind": "road", "id": "road-122", "imported_from": "QGIS source inventory"}}, {"type": "Feature", "geometry": {"type": "MultiLineString", "coordinates": [[[123.71232440000001, 10.503576899999997], [123.7119582, 10.503535299999998]]]}, "properties": {"fid": 123, "osm_way": "217922672", "from_node": "2272279611", "to_node": "6226567610", "highway": "service", "alley_wd": 3.0, "wd_src": "assumed by road class", "length_m": 40.336699, "access_ok": 1, "walk_ok": 1, "oneway": 0, "geom_src": "OSM snapshot; incomplete mapping", "mapped_by": null, "mapped_at": null, "input_kind": "OSM-derived geometry and disclosed scenario attributes", "kind": "road", "id": "road-123", "imported_from": "QGIS source inventory"}}, {"type": "Feature", "geometry": {"type": "MultiLineString", "coordinates": [[[123.71242250000002, 10.5030768], [123.71254, 10.503076799999999]]]}, "properties": {"fid": 124, "osm_way": "217922673", "from_node": "2272279614", "to_node": "2272279615", "highway": "footway", "alley_wd": 1.5, "wd_src": "assumed by road class", "length_m": 12.858139, "access_ok": 0, "walk_ok": 1, "oneway": 0, "geom_src": "OSM snapshot; incomplete mapping", "mapped_by": null, "mapped_at": null, "input_kind": "OSM-derived geometry and disclosed scenario attributes", "kind": "road", "id": "road-124", "imported_from": "QGIS source inventory"}}, {"type": "Feature", "geometry": {"type": "MultiLineString", "coordinates": [[[123.71254, 10.503076799999999], [123.7127663, 10.503151099999997]]]}, "properties": {"fid": 125, "osm_way": "217922673", "from_node": "2272279615", "to_node": "2272279616", "highway": "footway", "alley_wd": 1.5, "wd_src": "assumed by road class", "length_m": 26.09148, "access_ok": 0, "walk_ok": 1, "oneway": 0, "geom_src": "OSM snapshot; incomplete mapping", "mapped_by": null, "mapped_at": null, "input_kind": "OSM-derived geometry and disclosed scenario attributes", "kind": "road", "id": "road-125", "imported_from": "QGIS source inventory"}}, {"type": "Feature", "geometry": {"type": "MultiLineString", "coordinates": [[[123.7127663, 10.503151099999997], [123.7128259, 10.503262499999998]]]}, "properties": {"fid": 126, "osm_way": "217922673", "from_node": "2272279616", "to_node": "2272279617", "highway": "footway", "alley_wd": 1.5, "wd_src": "assumed by road class", "length_m": 13.938177, "access_ok": 0, "walk_ok": 1, "oneway": 0, "geom_src": "OSM snapshot; incomplete mapping", "mapped_by": null, "mapped_at": null, "input_kind": "OSM-derived geometry and disclosed scenario attributes", "kind": "road", "id": "road-126", "imported_from": "QGIS source inventory"}}, {"type": "Feature", "geometry": {"type": "MultiLineString", "coordinates": [[[123.71242170000001, 10.504234599999998], [123.7128787, 10.5044353]]]}, "properties": {"fid": 127, "osm_way": "217922674", "from_node": "2272279609", "to_node": "2272279620", "highway": "service", "alley_wd": 3.0, "wd_src": "assumed by road class", "length_m": 54.712708, "access_ok": 1, "walk_ok": 1, "oneway": 0, "geom_src": "OSM snapshot; incomplete mapping", "mapped_by": null, "mapped_at": null, "input_kind": "OSM-derived geometry and disclosed scenario attributes", "kind": "road", "id": "road-127", "imported_from": "QGIS source inventory"}}, {"type": "Feature", "geometry": {"type": "MultiLineString", "coordinates": [[[123.7128787, 10.5044353], [123.7129456, 10.5044647]]]}, "properties": {"fid": 128, "osm_way": "217922674", "from_node": "2272279620", "to_node": "2272279604", "highway": "service", "alley_wd": 3.0, "wd_src": "assumed by road class", "length_m": 8.010244, "access_ok": 1, "walk_ok": 1, "oneway": 0, "geom_src": "OSM snapshot; incomplete mapping", "mapped_by": null, "mapped_at": null, "input_kind": "OSM-derived geometry and disclosed scenario attributes", "kind": "road", "id": "road-128", "imported_from": "QGIS source inventory"}}, {"type": "Feature", "geometry": {"type": "MultiLineString", "coordinates": [[[123.7124851, 10.503932699999998], [123.7130689, 10.504201900000002]]]}, "properties": {"fid": 129, "osm_way": "217922675", "from_node": "2272279610", "to_node": "2272279605", "highway": "service", "alley_wd": 3.0, "wd_src": "assumed by road class", "length_m": 70.48004, "access_ok": 1, "walk_ok": 1, "oneway": 0, "geom_src": "OSM snapshot; incomplete mapping", "mapped_by": null, "mapped_at": null, "input_kind": "OSM-derived geometry and disclosed scenario attributes", "kind": "road", "id": "road-129", "imported_from": "QGIS source inventory"}}, {"type": "Feature", "geometry": {"type": "MultiLineString", "coordinates": [[[123.7141905, 10.504958799999999], [123.7138879, 10.504809]]]}, "properties": {"fid": 130, "osm_way": "217922677", "from_node": "2272279547", "to_node": "2272279631", "highway": "service", "alley_wd": 3.0, "wd_src": "assumed by road class", "length_m": 37.025458, "access_ok": 1, "walk_ok": 1, "oneway": 0, "geom_src": "OSM snapshot; incomplete mapping", "mapped_by": null, "mapped_at": null, "input_kind": "OSM-derived geometry and disclosed scenario attributes", "kind": "road", "id": "road-130", "imported_from": "QGIS source inventory"}}, {"type": "Feature", "geometry": {"type": "MultiLineString", "coordinates": [[[123.7138879, 10.504809], [123.7136252, 10.504678999999998]]]}, "properties": {"fid": 131, "osm_way": "217922677", "from_node": "2272279631", "to_node": "2272279632", "highway": "service", "alley_wd": 3.0, "wd_src": "assumed by road class", "length_m": 32.141029, "access_ok": 1, "walk_ok": 1, "oneway": 0, "geom_src": "OSM snapshot; incomplete mapping", "mapped_by": null, "mapped_at": null, "input_kind": "OSM-derived geometry and disclosed scenario attributes", "kind": "road", "id": "road-131", "imported_from": "QGIS source inventory"}}, {"type": "Feature", "geometry": {"type": "MultiLineString", "coordinates": [[[123.7136252, 10.504678999999998], [123.71372400000001, 10.504485800000001]]]}, "properties": {"fid": 132, "osm_way": "217922677", "from_node": "2272279632", "to_node": "2272279633", "highway": "service", "alley_wd": 3.0, "wd_src": "assumed by road class", "length_m": 23.943215, "access_ok": 1, "walk_ok": 1, "oneway": 0, "geom_src": "OSM snapshot; incomplete mapping", "mapped_by": null, "mapped_at": null, "input_kind": "OSM-derived geometry and disclosed scenario attributes", "kind": "road", "id": "road-132", "imported_from": "QGIS source inventory"}}, {"type": "Feature", "geometry": {"type": "MultiLineString", "coordinates": [[[123.71372400000001, 10.504485800000001], [123.71398690000001, 10.504615999999999]]]}, "properties": {"fid": 133, "osm_way": "217922677", "from_node": "2272279633", "to_node": "2272279634", "highway": "service", "alley_wd": 3.0, "wd_src": "assumed by road class", "length_m": 32.170514, "access_ok": 1, "walk_ok": 1, "oneway": 0, "geom_src": "OSM snapshot; incomplete mapping", "mapped_by": null, "mapped_at": null, "input_kind": "OSM-derived geometry and disclosed scenario attributes", "kind": "road", "id": "road-133", "imported_from": "QGIS source inventory"}}, {"type": "Feature", "geometry": {"type": "MultiLineString", "coordinates": [[[123.71398690000001, 10.504615999999999], [123.7142999, 10.504771]]]}, "properties": {"fid": 134, "osm_way": "217922677", "from_node": "2272279634", "to_node": "2272279546", "highway": "service", "alley_wd": 3.0, "wd_src": "assumed by road class", "length_m": 38.300549, "access_ok": 1, "walk_ok": 1, "oneway": 0, "geom_src": "OSM snapshot; incomplete mapping", "mapped_by": null, "mapped_at": null, "input_kind": "OSM-derived geometry and disclosed scenario attributes", "kind": "road", "id": "road-134", "imported_from": "QGIS source inventory"}}, {"type": "Feature", "geometry": {"type": "MultiLineString", "coordinates": [[[123.71398690000001, 10.504615999999999], [123.7138879, 10.504809]]]}, "properties": {"fid": 135, "osm_way": "217922678", "from_node": "2272279634", "to_node": "2272279631", "highway": "service", "alley_wd": 3.0, "wd_src": "assumed by road class", "length_m": 23.933384, "access_ok": 1, "walk_ok": 1, "oneway": 0, "geom_src": "OSM snapshot; incomplete mapping", "mapped_by": null, "mapped_at": null, "input_kind": "OSM-derived geometry and disclosed scenario attributes", "kind": "road", "id": "road-135", "imported_from": "QGIS source inventory"}}, {"type": "Feature", "geometry": {"type": "MultiLineString", "coordinates": [[[123.71281920000001, 10.5045707], [123.7128787, 10.5044353]]]}, "properties": {"fid": 136, "osm_way": "217922679", "from_node": "2272279635", "to_node": "2272279620", "highway": "service", "alley_wd": 3.0, "wd_src": "assumed by road class", "length_m": 16.326425, "access_ok": 1, "walk_ok": 1, "oneway": 0, "geom_src": "OSM snapshot; incomplete mapping", "mapped_by": null, "mapped_at": null, "input_kind": "OSM-derived geometry and disclosed scenario attributes", "kind": "road", "id": "road-136", "imported_from": "QGIS source inventory"}}, {"type": "Feature", "geometry": {"type": "MultiLineString", "coordinates": [[[123.716194, 10.507640999999996], [123.71641829999999, 10.5076623]]]}, "properties": {"fid": 137, "osm_way": "217922680", "from_node": "2272279566", "to_node": "2272279636", "highway": "residential", "alley_wd": 4.0, "wd_src": "assumed by road class", "length_m": 24.657767, "access_ok": 1, "walk_ok": 1, "oneway": 0, "geom_src": "OSM snapshot; incomplete mapping", "mapped_by": null, "mapped_at": null, "input_kind": "OSM-derived geometry and disclosed scenario attributes", "kind": "road", "id": "road-137", "imported_from": "QGIS source inventory"}}, {"type": "Feature", "geometry": {"type": "MultiLineString", "coordinates": [[[123.71641829999999, 10.5076623], [123.7167779, 10.5077617]]]}, "properties": {"fid": 138, "osm_way": "217922680", "from_node": "2272279636", "to_node": "2272279637", "highway": "residential", "alley_wd": 4.0, "wd_src": "assumed by road class", "length_m": 40.85699, "access_ok": 1, "walk_ok": 1, "oneway": 0, "geom_src": "OSM snapshot; incomplete mapping", "mapped_by": null, "mapped_at": null, "input_kind": "OSM-derived geometry and disclosed scenario attributes", "kind": "road", "id": "road-138", "imported_from": "QGIS source inventory"}}, {"type": "Feature", "geometry": {"type": "MultiLineString", "coordinates": [[[123.7167779, 10.5077617], [123.71706780000001, 10.507804]]]}, "properties": {"fid": 139, "osm_way": "217922680", "from_node": "2272279637", "to_node": "2272279638", "highway": "residential", "alley_wd": 4.0, "wd_src": "assumed by road class", "length_m": 32.066548, "access_ok": 1, "walk_ok": 1, "oneway": 0, "geom_src": "OSM snapshot; incomplete mapping", "mapped_by": null, "mapped_at": null, "input_kind": "OSM-derived geometry and disclosed scenario attributes", "kind": "road", "id": "road-139", "imported_from": "QGIS source inventory"}}, {"type": "Feature", "geometry": {"type": "MultiLineString", "coordinates": [[[123.71706780000001, 10.507804], [123.7170943, 10.5078268]]]}, "properties": {"fid": 140, "osm_way": "217922680", "from_node": "2272279638", "to_node": "2272279639", "highway": "residential", "alley_wd": 4.0, "wd_src": "assumed by road class", "length_m": 3.84257, "access_ok": 1, "walk_ok": 1, "oneway": 0, "geom_src": "OSM snapshot; incomplete mapping", "mapped_by": null, "mapped_at": null, "input_kind": "OSM-derived geometry and disclosed scenario attributes", "kind": "road", "id": "road-140", "imported_from": "QGIS source inventory"}}, {"type": "Feature", "geometry": {"type": "MultiLineString", "coordinates": [[[123.7170943, 10.5078268], [123.71710260000002, 10.507862699999999]]]}, "properties": {"fid": 141, "osm_way": "217922680", "from_node": "2272279639", "to_node": "2272279640", "highway": "residential", "alley_wd": 4.0, "wd_src": "assumed by road class", "length_m": 4.072237, "access_ok": 1, "walk_ok": 1, "oneway": 0, "geom_src": "OSM snapshot; incomplete mapping", "mapped_by": null, "mapped_at": null, "input_kind": "OSM-derived geometry and disclosed scenario attributes", "kind": "road", "id": "road-141", "imported_from": "QGIS source inventory"}}, {"type": "Feature", "geometry": {"type": "MultiLineString", "coordinates": [[[123.71710260000002, 10.507862699999999], [123.7170976, 10.507883900000001]]]}, "properties": {"fid": 142, "osm_way": "217922680", "from_node": "2272279640", "to_node": "2272279641", "highway": "residential", "alley_wd": 4.0, "wd_src": "assumed by road class", "length_m": 2.407205, "access_ok": 1, "walk_ok": 1, "oneway": 0, "geom_src": "OSM snapshot; incomplete mapping", "mapped_by": null, "mapped_at": null, "input_kind": "OSM-derived geometry and disclosed scenario attributes", "kind": "road", "id": "road-142", "imported_from": "QGIS source inventory"}}, {"type": "Feature", "geometry": {"type": "MultiLineString", "coordinates": [[[123.7170976, 10.507883900000001], [123.7170662, 10.508068000000002]]]}, "properties": {"fid": 143, "osm_way": "217922680", "from_node": "2272279641", "to_node": "2272279642", "highway": "residential", "alley_wd": 4.0, "wd_src": "assumed by road class", "length_m": 20.644885, "access_ok": 1, "walk_ok": 1, "oneway": 0, "geom_src": "OSM snapshot; incomplete mapping", "mapped_by": null, "mapped_at": null, "input_kind": "OSM-derived geometry and disclosed scenario attributes", "kind": "road", "id": "road-143", "imported_from": "QGIS source inventory"}}, {"type": "Feature", "geometry": {"type": "MultiLineString", "coordinates": [[[123.7170662, 10.508068000000002], [123.7170811, 10.5081054]]]}, "properties": {"fid": 144, "osm_way": "217922680", "from_node": "2272279642", "to_node": "2272279643", "highway": "residential", "alley_wd": 4.0, "wd_src": "assumed by road class", "length_m": 4.44534, "access_ok": 1, "walk_ok": 1, "oneway": 0, "geom_src": "OSM snapshot; incomplete mapping", "mapped_by": null, "mapped_at": null, "input_kind": "OSM-derived geometry and disclosed scenario attributes", "kind": "road", "id": "road-144", "imported_from": "QGIS source inventory"}}, {"type": "Feature", "geometry": {"type": "MultiLineString", "coordinates": [[[123.7170811, 10.5081054], [123.71711260000001, 10.508125]]]}, "properties": {"fid": 145, "osm_way": "217922680", "from_node": "2272279643", "to_node": "2272279644", "highway": "residential", "alley_wd": 4.0, "wd_src": "assumed by road class", "length_m": 4.071739, "access_ok": 1, "walk_ok": 1, "oneway": 0, "geom_src": "OSM snapshot; incomplete mapping", "mapped_by": null, "mapped_at": null, "input_kind": "OSM-derived geometry and disclosed scenario attributes", "kind": "road", "id": "road-145", "imported_from": "QGIS source inventory"}}, {"type": "Feature", "geometry": {"type": "MultiLineString", "coordinates": [[[123.71711260000001, 10.508125], [123.7171523, 10.508138]]]}, "properties": {"fid": 146, "osm_way": "217922680", "from_node": "2272279644", "to_node": "2272279645", "highway": "residential", "alley_wd": 4.0, "wd_src": "assumed by road class", "length_m": 4.575988, "access_ok": 1, "walk_ok": 1, "oneway": 0, "geom_src": "OSM snapshot; incomplete mapping", "mapped_by": null, "mapped_at": null, "input_kind": "OSM-derived geometry and disclosed scenario attributes", "kind": "road", "id": "road-146", "imported_from": "QGIS source inventory"}}, {"type": "Feature", "geometry": {"type": "MultiLineString", "coordinates": [[[123.7171523, 10.508138], [123.7171606, 10.508160800000002]]]}, "properties": {"fid": 147, "osm_way": "217922680", "from_node": "2272279645", "to_node": "2272279646", "highway": "residential", "alley_wd": 4.0, "wd_src": "assumed by road class", "length_m": 2.679736, "access_ok": 1, "walk_ok": 1, "oneway": 0, "geom_src": "OSM snapshot; incomplete mapping", "mapped_by": null, "mapped_at": null, "input_kind": "OSM-derived geometry and disclosed scenario attributes", "kind": "road", "id": "road-147", "imported_from": "QGIS source inventory"}}, {"type": "Feature", "geometry": {"type": "MultiLineString", "coordinates": [[[123.7171606, 10.508160800000002], [123.7171297, 10.5082405]]]}, "properties": {"fid": 148, "osm_way": "217922680", "from_node": "2272279646", "to_node": "11363385808", "highway": "residential", "alley_wd": 4.0, "wd_src": "assumed by road class", "length_m": 9.439286, "access_ok": 1, "walk_ok": 1, "oneway": 0, "geom_src": "OSM snapshot; incomplete mapping", "mapped_by": null, "mapped_at": null, "input_kind": "OSM-derived geometry and disclosed scenario attributes", "kind": "road", "id": "road-148", "imported_from": "QGIS source inventory"}}, {"type": "Feature", "geometry": {"type": "MultiLineString", "coordinates": [[[123.7174266, 10.5085976], [123.7176146, 10.508177099999997]]]}, "properties": {"fid": 149, "osm_way": "217922681", "from_node": "2272279647", "to_node": "2272279652", "highway": "track", "alley_wd": 2.5, "wd_src": "assumed by road class", "length_m": 50.844892, "access_ok": 1, "walk_ok": 1, "oneway": 0, "geom_src": "OSM snapshot; incomplete mapping", "mapped_by": null, "mapped_at": null, "input_kind": "OSM-derived geometry and disclosed scenario attributes", "kind": "road", "id": "road-149", "imported_from": "QGIS source inventory"}}, {"type": "Feature", "geometry": {"type": "MultiLineString", "coordinates": [[[123.7175666, 10.5080891], [123.7176146, 10.508177099999997]]]}, "properties": {"fid": 150, "osm_way": "217922682", "from_node": "2272279653", "to_node": "2272279652", "highway": "track", "alley_wd": 2.5, "wd_src": "assumed by road class", "length_m": 11.05781, "access_ok": 1, "walk_ok": 1, "oneway": 0, "geom_src": "OSM snapshot; incomplete mapping", "mapped_by": null, "mapped_at": null, "input_kind": "OSM-derived geometry and disclosed scenario attributes", "kind": "road", "id": "road-150", "imported_from": "QGIS source inventory"}}, {"type": "Feature", "geometry": {"type": "MultiLineString", "coordinates": [[[123.7176146, 10.508177099999997], [123.71793939999999, 10.508370999999999]]]}, "properties": {"fid": 151, "osm_way": "217922682", "from_node": "2272279652", "to_node": "2272279654", "highway": "track", "alley_wd": 2.5, "wd_src": "assumed by road class", "length_m": 41.50875, "access_ok": 1, "walk_ok": 1, "oneway": 0, "geom_src": "OSM snapshot; incomplete mapping", "mapped_by": null, "mapped_at": null, "input_kind": "OSM-derived geometry and disclosed scenario attributes", "kind": "road", "id": "road-151", "imported_from": "QGIS source inventory"}}, {"type": "Feature", "geometry": {"type": "MultiLineString", "coordinates": [[[123.71793939999999, 10.508370999999999], [123.7179725, 10.508427999999999]]]}, "properties": {"fid": 152, "osm_way": "217922682", "from_node": "2272279654", "to_node": "2272279655", "highway": "track", "alley_wd": 2.5, "wd_src": "assumed by road class", "length_m": 7.269452, "access_ok": 1, "walk_ok": 1, "oneway": 0, "geom_src": "OSM snapshot; incomplete mapping", "mapped_by": null, "mapped_at": null, "input_kind": "OSM-derived geometry and disclosed scenario attributes", "kind": "road", "id": "road-152", "imported_from": "QGIS source inventory"}}, {"type": "Feature", "geometry": {"type": "MultiLineString", "coordinates": [[[123.7179725, 10.508427999999999], [123.71799070000002, 10.5085534]]]}, "properties": {"fid": 153, "osm_way": "217922682", "from_node": "2272279655", "to_node": "2272279656", "highway": "track", "alley_wd": 2.5, "wd_src": "assumed by road class", "length_m": 14.008456, "access_ok": 1, "walk_ok": 1, "oneway": 0, "geom_src": "OSM snapshot; incomplete mapping", "mapped_by": null, "mapped_at": null, "input_kind": "OSM-derived geometry and disclosed scenario attributes", "kind": "road", "id": "road-153", "imported_from": "QGIS source inventory"}}, {"type": "Feature", "geometry": {"type": "MultiLineString", "coordinates": [[[123.71697809999999, 10.510577599999996], [123.7177643, 10.509274600000001]]]}, "properties": {"fid": 154, "osm_way": "217922683", "from_node": "2272279524", "to_node": "2272279657", "highway": "residential", "alley_wd": 4.0, "wd_src": "assumed by road class", "length_m": 167.811282, "access_ok": 1, "walk_ok": 1, "oneway": 0, "geom_src": "OSM snapshot; incomplete mapping", "mapped_by": null, "mapped_at": null, "input_kind": "OSM-derived geometry and disclosed scenario attributes", "kind": "road", "id": "road-154", "imported_from": "QGIS source inventory"}}, {"type": "Feature", "geometry": {"type": "MultiLineString", "coordinates": [[[123.71729850000001, 10.510748699999997], [123.7179999961284, 10.509606591441248]]]}, "properties": {"fid": 155, "osm_way": "217922684", "from_node": "2272279525", "to_node": "boundary_217922684_0_b", "highway": "residential", "alley_wd": 4.0, "wd_src": "assumed by road class", "length_m": 147.789098, "access_ok": 1, "walk_ok": 1, "oneway": 0, "geom_src": "OSM snapshot; incomplete mapping", "mapped_by": null, "mapped_at": null, "input_kind": "OSM-derived geometry and disclosed scenario attributes", "kind": "road", "id": "road-155", "imported_from": "QGIS source inventory"}}, {"type": "Feature", "geometry": {"type": "MultiLineString", "coordinates": [[[123.7162781, 10.509641800000002], [123.716266, 10.5096168]]]}, "properties": {"fid": 156, "osm_way": "217922685", "from_node": "2272279659", "to_node": "6190425926", "highway": "service", "alley_wd": 3.0, "wd_src": "assumed by road class", "length_m": 3.065132, "access_ok": 1, "walk_ok": 1, "oneway": 1, "geom_src": "OSM snapshot; incomplete mapping", "mapped_by": null, "mapped_at": null, "input_kind": "OSM-derived geometry and disclosed scenario attributes", "kind": "road", "id": "road-156", "imported_from": "QGIS source inventory"}}, {"type": "Feature", "geometry": {"type": "MultiLineString", "coordinates": [[[123.716266, 10.5096168], [123.7162661, 10.509589100000001]]]}, "properties": {"fid": 157, "osm_way": "217922685", "from_node": "6190425926", "to_node": "2272279660", "highway": "service", "alley_wd": 3.0, "wd_src": "assumed by road class", "length_m": 3.062958, "access_ok": 1, "walk_ok": 1, "oneway": 1, "geom_src": "OSM snapshot; incomplete mapping", "mapped_by": null, "mapped_at": null, "input_kind": "OSM-derived geometry and disclosed scenario attributes", "kind": "road", "id": "road-157", "imported_from": "QGIS source inventory"}}, {"type": "Feature", "geometry": {"type": "MultiLineString", "coordinates": [[[123.7162661, 10.509589100000001], [123.7162783, 10.509564199999998]]]}, "properties": {"fid": 158, "osm_way": "217922685", "from_node": "2272279660", "to_node": "6190425925", "highway": "service", "alley_wd": 3.0, "wd_src": "assumed by road class", "length_m": 3.059921, "access_ok": 1, "walk_ok": 1, "oneway": 1, "geom_src": "OSM snapshot; incomplete mapping", "mapped_by": null, "mapped_at": null, "input_kind": "OSM-derived geometry and disclosed scenario attributes", "kind": "road", "id": "road-158", "imported_from": "QGIS source inventory"}}, {"type": "Feature", "geometry": {"type": "MultiLineString", "coordinates": [[[123.7162783, 10.509564199999998], [123.71630040000001, 10.509546999999998]]]}, "properties": {"fid": 159, "osm_way": "217922685", "from_node": "6190425925", "to_node": "2272279661", "highway": "service", "alley_wd": 3.0, "wd_src": "assumed by road class", "length_m": 3.076646, "access_ok": 1, "walk_ok": 1, "oneway": 1, "geom_src": "OSM snapshot; incomplete mapping", "mapped_by": null, "mapped_at": null, "input_kind": "OSM-derived geometry and disclosed scenario attributes", "kind": "road", "id": "road-159", "imported_from": "QGIS source inventory"}}, {"type": "Feature", "geometry": {"type": "MultiLineString", "coordinates": [[[123.71630040000001, 10.509546999999998], [123.7163278, 10.509540799999998]]]}, "properties": {"fid": 160, "osm_way": "217922685", "from_node": "2272279661", "to_node": "6190425924", "highway": "service", "alley_wd": 3.0, "wd_src": "assumed by road class", "length_m": 3.075727, "access_ok": 1, "walk_ok": 1, "oneway": 1, "geom_src": "OSM snapshot; incomplete mapping", "mapped_by": null, "mapped_at": null, "input_kind": "OSM-derived geometry and disclosed scenario attributes", "kind": "road", "id": "road-160", "imported_from": "QGIS source inventory"}}, {"type": "Feature", "geometry": {"type": "MultiLineString", "coordinates": [[[123.7163278, 10.509540799999998], [123.7163553, 10.509546999999998]]]}, "properties": {"fid": 161, "osm_way": "217922685", "from_node": "6190425924", "to_node": "2272279662", "highway": "service", "alley_wd": 3.0, "wd_src": "assumed by road class", "length_m": 3.086396, "access_ok": 1, "walk_ok": 1, "oneway": 1, "geom_src": "OSM snapshot; incomplete mapping", "mapped_by": null, "mapped_at": null, "input_kind": "OSM-derived geometry and disclosed scenario attributes", "kind": "road", "id": "road-161", "imported_from": "QGIS source inventory"}}, {"type": "Feature", "geometry": {"type": "MultiLineString", "coordinates": [[[123.7163553, 10.509546999999998], [123.7163773, 10.509564200000002]]]}, "properties": {"fid": 162, "osm_way": "217922685", "from_node": "2272279662", "to_node": "2272279663", "highway": "service", "alley_wd": 3.0, "wd_src": "assumed by road class", "length_m": 3.068052, "access_ok": 1, "walk_ok": 1, "oneway": 1, "geom_src": "OSM snapshot; incomplete mapping", "mapped_by": null, "mapped_at": null, "input_kind": "OSM-derived geometry and disclosed scenario attributes", "kind": "road", "id": "road-162", "imported_from": "QGIS source inventory"}}, {"type": "Feature", "geometry": {"type": "MultiLineString", "coordinates": [[[123.7163773, 10.509564200000002], [123.7163896, 10.509589099999998]]]}, "properties": {"fid": 163, "osm_way": "217922685", "from_node": "2272279663", "to_node": "6190425923", "highway": "service", "alley_wd": 3.0, "wd_src": "assumed by road class", "length_m": 3.064712, "access_ok": 1, "walk_ok": 1, "oneway": 1, "geom_src": "OSM snapshot; incomplete mapping", "mapped_by": null, "mapped_at": null, "input_kind": "OSM-derived geometry and disclosed scenario attributes", "kind": "road", "id": "road-163", "imported_from": "QGIS source inventory"}}, {"type": "Feature", "geometry": {"type": "MultiLineString", "coordinates": [[[123.7163896, 10.509589099999998], [123.7163897, 10.509616800000003]]]}, "properties": {"fid": 164, "osm_way": "217922685", "from_node": "6190425923", "to_node": "2272279664", "highway": "service", "alley_wd": 3.0, "wd_src": "assumed by road class", "length_m": 3.062958, "access_ok": 1, "walk_ok": 1, "oneway": 1, "geom_src": "OSM snapshot; incomplete mapping", "mapped_by": null, "mapped_at": null, "input_kind": "OSM-derived geometry and disclosed scenario attributes", "kind": "road", "id": "road-164", "imported_from": "QGIS source inventory"}}, {"type": "Feature", "geometry": {"type": "MultiLineString", "coordinates": [[[123.7163897, 10.509616800000003], [123.7163776, 10.509641800000002]]]}, "properties": {"fid": 165, "osm_way": "217922685", "from_node": "2272279664", "to_node": "6190425922", "highway": "service", "alley_wd": 3.0, "wd_src": "assumed by road class", "length_m": 3.065132, "access_ok": 1, "walk_ok": 1, "oneway": 1, "geom_src": "OSM snapshot; incomplete mapping", "mapped_by": null, "mapped_at": null, "input_kind": "OSM-derived geometry and disclosed scenario attributes", "kind": "road", "id": "road-165", "imported_from": "QGIS source inventory"}}, {"type": "Feature", "geometry": {"type": "MultiLineString", "coordinates": [[[123.7163776, 10.509641800000002], [123.7163557, 10.509659199999998]]]}, "properties": {"fid": 166, "osm_way": "217922685", "from_node": "6190425922", "to_node": "2272279665", "highway": "service", "alley_wd": 3.0, "wd_src": "assumed by road class", "length_m": 3.073269, "access_ok": 1, "walk_ok": 1, "oneway": 1, "geom_src": "OSM snapshot; incomplete mapping", "mapped_by": null, "mapped_at": null, "input_kind": "OSM-derived geometry and disclosed scenario attributes", "kind": "road", "id": "road-166", "imported_from": "QGIS source inventory"}}, {"type": "Feature", "geometry": {"type": "MultiLineString", "coordinates": [[[123.7163557, 10.509659199999998], [123.71632820000002, 10.509665499999999]]]}, "properties": {"fid": 167, "osm_way": "217922685", "from_node": "2272279665", "to_node": "6190425921", "highway": "service", "alley_wd": 3.0, "wd_src": "assumed by road class", "length_m": 3.088869, "access_ok": 1, "walk_ok": 1, "oneway": 1, "geom_src": "OSM snapshot; incomplete mapping", "mapped_by": null, "mapped_at": null, "input_kind": "OSM-derived geometry and disclosed scenario attributes", "kind": "road", "id": "road-167", "imported_from": "QGIS source inventory"}}, {"type": "Feature", "geometry": {"type": "MultiLineString", "coordinates": [[[123.71632820000002, 10.509665499999999], [123.71630480000002, 10.509662200000001]]]}, "properties": {"fid": 168, "osm_way": "217922685", "from_node": "6190425921", "to_node": "2272279666", "highway": "service", "alley_wd": 3.0, "wd_src": "assumed by road class", "length_m": 2.586501, "access_ok": 1, "walk_ok": 1, "oneway": 1, "geom_src": "OSM snapshot; incomplete mapping", "mapped_by": null, "mapped_at": null, "input_kind": "OSM-derived geometry and disclosed scenario attributes", "kind": "road", "id": "road-168", "imported_from": "QGIS source inventory"}}, {"type": "Feature", "geometry": {"type": "MultiLineString", "coordinates": [[[123.71630480000002, 10.509662200000001], [123.7162781, 10.509641800000002]]]}, "properties": {"fid": 169, "osm_way": "217922685", "from_node": "2272279666", "to_node": "2272279659", "highway": "service", "alley_wd": 3.0, "wd_src": "assumed by road class", "length_m": 3.691201, "access_ok": 1, "walk_ok": 1, "oneway": 1, "geom_src": "OSM snapshot; incomplete mapping", "mapped_by": null, "mapped_at": null, "input_kind": "OSM-derived geometry and disclosed scenario attributes", "kind": "road", "id": "road-169", "imported_from": "QGIS source inventory"}}, {"type": "Feature", "geometry": {"type": "MultiLineString", "coordinates": [[[123.7142415, 10.510688], [123.7139647, 10.5106724]]]}, "properties": {"fid": 170, "osm_way": "218555085", "from_node": "2272279520", "to_node": "2277955679", "highway": "track", "alley_wd": 2.5, "wd_src": "assumed by road class", "length_m": 30.33884, "access_ok": 1, "walk_ok": 1, "oneway": 0, "geom_src": "OSM snapshot; incomplete mapping", "mapped_by": null, "mapped_at": null, "input_kind": "OSM-derived geometry and disclosed scenario attributes", "kind": "road", "id": "road-170", "imported_from": "QGIS source inventory"}}, {"type": "Feature", "geometry": {"type": "MultiLineString", "coordinates": [[[123.7139647, 10.5106724], [123.71371779999998, 10.510736800000002]]]}, "properties": {"fid": 171, "osm_way": "218555085", "from_node": "2277955679", "to_node": "2277955680", "highway": "track", "alley_wd": 2.5, "wd_src": "assumed by road class", "length_m": 27.940538, "access_ok": 1, "walk_ok": 1, "oneway": 0, "geom_src": "OSM snapshot; incomplete mapping", "mapped_by": null, "mapped_at": null, "input_kind": "OSM-derived geometry and disclosed scenario attributes", "kind": "road", "id": "road-171", "imported_from": "QGIS source inventory"}}, {"type": "Feature", "geometry": {"type": "MultiLineString", "coordinates": [[[123.71371779999998, 10.510736800000002], [123.71358060000001, 10.510701499999998]]]}, "properties": {"fid": 172, "osm_way": "218555085", "from_node": "2277955680", "to_node": "2277955681", "highway": "track", "alley_wd": 2.5, "wd_src": "assumed by road class", "length_m": 15.512669, "access_ok": 1, "walk_ok": 1, "oneway": 0, "geom_src": "OSM snapshot; incomplete mapping", "mapped_by": null, "mapped_at": null, "input_kind": "OSM-derived geometry and disclosed scenario attributes", "kind": "road", "id": "road-172", "imported_from": "QGIS source inventory"}}, {"type": "Feature", "geometry": {"type": "MultiLineString", "coordinates": [[[123.71358060000001, 10.510701499999998], [123.7124728, 10.510801100000004]]]}, "properties": {"fid": 173, "osm_way": "218555085", "from_node": "2277955681", "to_node": "2277955682", "highway": "track", "alley_wd": 2.5, "wd_src": "assumed by road class", "length_m": 121.723901, "access_ok": 1, "walk_ok": 1, "oneway": 0, "geom_src": "OSM snapshot; incomplete mapping", "mapped_by": null, "mapped_at": null, "input_kind": "OSM-derived geometry and disclosed scenario attributes", "kind": "road", "id": "road-173", "imported_from": "QGIS source inventory"}}, {"type": "Feature", "geometry": {"type": "MultiLineString", "coordinates": [[[123.7124728, 10.510801100000004], [123.71164340000001, 10.510869599999998]]]}, "properties": {"fid": 174, "osm_way": "218555085", "from_node": "2277955682", "to_node": "2277955683", "highway": "track", "alley_wd": 2.5, "wd_src": "assumed by road class", "length_m": 91.075287, "access_ok": 1, "walk_ok": 1, "oneway": 0, "geom_src": "OSM snapshot; incomplete mapping", "mapped_by": null, "mapped_at": null, "input_kind": "OSM-derived geometry and disclosed scenario attributes", "kind": "road", "id": "road-174", "imported_from": "QGIS source inventory"}}, {"type": "Feature", "geometry": {"type": "MultiLineString", "coordinates": [[[123.71164340000001, 10.510869599999998], [123.71124670000002, 10.510954599999998]]]}, "properties": {"fid": 175, "osm_way": "218555085", "from_node": "2277955683", "to_node": "2277955684", "highway": "track", "alley_wd": 2.5, "wd_src": "assumed by road class", "length_m": 44.416004, "access_ok": 1, "walk_ok": 1, "oneway": 0, "geom_src": "OSM snapshot; incomplete mapping", "mapped_by": null, "mapped_at": null, "input_kind": "OSM-derived geometry and disclosed scenario attributes", "kind": "road", "id": "road-175", "imported_from": "QGIS source inventory"}}, {"type": "Feature", "geometry": {"type": "MultiLineString", "coordinates": [[[123.71124670000002, 10.510954599999998], [123.7104047, 10.5110418]]]}, "properties": {"fid": 176, "osm_way": "218555086", "from_node": "2277955684", "to_node": "2277955685", "highway": "track", "alley_wd": 2.5, "wd_src": "assumed by road class", "length_m": 92.641641, "access_ok": 1, "walk_ok": 1, "oneway": 0, "geom_src": "OSM snapshot; incomplete mapping", "mapped_by": null, "mapped_at": null, "input_kind": "OSM-derived geometry and disclosed scenario attributes", "kind": "road", "id": "road-176", "imported_from": "QGIS source inventory"}}, {"type": "Feature", "geometry": {"type": "MultiLineString", "coordinates": [[[123.7104047, 10.5110418], [123.710084, 10.511108199999999]]]}, "properties": {"fid": 177, "osm_way": "218555086", "from_node": "2277955685", "to_node": "2277955686", "highway": "track", "alley_wd": 2.5, "wd_src": "assumed by road class", "length_m": 35.853425, "access_ok": 1, "walk_ok": 1, "oneway": 0, "geom_src": "OSM snapshot; incomplete mapping", "mapped_by": null, "mapped_at": null, "input_kind": "OSM-derived geometry and disclosed scenario attributes", "kind": "road", "id": "road-177", "imported_from": "QGIS source inventory"}}, {"type": "Feature", "geometry": {"type": "MultiLineString", "coordinates": [[[123.710084, 10.511108199999999], [123.70981170000002, 10.511380000000003]]]}, "properties": {"fid": 178, "osm_way": "218555086", "from_node": "2277955686", "to_node": "2277955687", "highway": "track", "alley_wd": 2.5, "wd_src": "assumed by road class", "length_m": 42.321868, "access_ok": 1, "walk_ok": 1, "oneway": 0, "geom_src": "OSM snapshot; incomplete mapping", "mapped_by": null, "mapped_at": null, "input_kind": "OSM-derived geometry and disclosed scenario attributes", "kind": "road", "id": "road-178", "imported_from": "QGIS source inventory"}}, {"type": "Feature", "geometry": {"type": "MultiLineString", "coordinates": [[[123.70981170000002, 10.511380000000003], [123.70943609999999, 10.511911099999999]]]}, "properties": {"fid": 179, "osm_way": "218555086", "from_node": "2277955687", "to_node": "2277955688", "highway": "track", "alley_wd": 2.5, "wd_src": "assumed by road class", "length_m": 71.680577, "access_ok": 1, "walk_ok": 1, "oneway": 0, "geom_src": "OSM snapshot; incomplete mapping", "mapped_by": null, "mapped_at": null, "input_kind": "OSM-derived geometry and disclosed scenario attributes", "kind": "road", "id": "road-179", "imported_from": "QGIS source inventory"}}, {"type": "Feature", "geometry": {"type": "MultiLineString", "coordinates": [[[123.70943609999999, 10.511911099999999], [123.7092694, 10.512029399999998]]]}, "properties": {"fid": 180, "osm_way": "218555086", "from_node": "2277955688", "to_node": "2277955689", "highway": "track", "alley_wd": 2.5, "wd_src": "assumed by road class", "length_m": 22.447053, "access_ok": 1, "walk_ok": 1, "oneway": 0, "geom_src": "OSM snapshot; incomplete mapping", "mapped_by": null, "mapped_at": null, "input_kind": "OSM-derived geometry and disclosed scenario attributes", "kind": "road", "id": "road-180", "imported_from": "QGIS source inventory"}}, {"type": "Feature", "geometry": {"type": "MultiLineString", "coordinates": [[[123.7092694, 10.512029399999998], [123.70893810000001, 10.5121497]]]}, "properties": {"fid": 181, "osm_way": "218555086", "from_node": "2277955689", "to_node": "2277955690", "highway": "track", "alley_wd": 2.5, "wd_src": "assumed by road class", "length_m": 38.616807, "access_ok": 1, "walk_ok": 1, "oneway": 0, "geom_src": "OSM snapshot; incomplete mapping", "mapped_by": null, "mapped_at": null, "input_kind": "OSM-derived geometry and disclosed scenario attributes", "kind": "road", "id": "road-181", "imported_from": "QGIS source inventory"}}, {"type": "Feature", "geometry": {"type": "MultiLineString", "coordinates": [[[123.70893810000001, 10.5121497], [123.7083219, 10.5122472]]]}, "properties": {"fid": 182, "osm_way": "218555086", "from_node": "2277955690", "to_node": "2277955691", "highway": "track", "alley_wd": 2.5, "wd_src": "assumed by road class", "length_m": 68.285769, "access_ok": 1, "walk_ok": 1, "oneway": 0, "geom_src": "OSM snapshot; incomplete mapping", "mapped_by": null, "mapped_at": null, "input_kind": "OSM-derived geometry and disclosed scenario attributes", "kind": "road", "id": "road-182", "imported_from": "QGIS source inventory"}}, {"type": "Feature", "geometry": {"type": "MultiLineString", "coordinates": [[[123.7083219, 10.5122472], [123.70779430000002, 10.512296999999998]]]}, "properties": {"fid": 183, "osm_way": "218555086", "from_node": "2277955691", "to_node": "2277955692", "highway": "track", "alley_wd": 2.5, "wd_src": "assumed by road class", "length_m": 57.996034, "access_ok": 1, "walk_ok": 1, "oneway": 0, "geom_src": "OSM snapshot; incomplete mapping", "mapped_by": null, "mapped_at": null, "input_kind": "OSM-derived geometry and disclosed scenario attributes", "kind": "road", "id": "road-183", "imported_from": "QGIS source inventory"}}, {"type": "Feature", "geometry": {"type": "MultiLineString", "coordinates": [[[123.70779430000002, 10.512296999999998], [123.70729630000001, 10.5123323]]]}, "properties": {"fid": 184, "osm_way": "218555086", "from_node": "2277955692", "to_node": "2277955693", "highway": "track", "alley_wd": 2.5, "wd_src": "assumed by road class", "length_m": 54.634558, "access_ok": 1, "walk_ok": 1, "oneway": 0, "geom_src": "OSM snapshot; incomplete mapping", "mapped_by": null, "mapped_at": null, "input_kind": "OSM-derived geometry and disclosed scenario attributes", "kind": "road", "id": "road-184", "imported_from": "QGIS source inventory"}}, {"type": "Feature", "geometry": {"type": "MultiLineString", "coordinates": [[[123.70729630000001, 10.5123323], [123.70706629999998, 10.512361399999996]]]}, "properties": {"fid": 185, "osm_way": "218555086", "from_node": "2277955693", "to_node": "2277955694", "highway": "track", "alley_wd": 2.5, "wd_src": "assumed by road class", "length_m": 25.373202, "access_ok": 1, "walk_ok": 1, "oneway": 0, "geom_src": "OSM snapshot; incomplete mapping", "mapped_by": null, "mapped_at": null, "input_kind": "OSM-derived geometry and disclosed scenario attributes", "kind": "road", "id": "road-185", "imported_from": "QGIS source inventory"}}, {"type": "Feature", "geometry": {"type": "MultiLineString", "coordinates": [[[123.70706629999998, 10.512361399999996], [123.70698820000001, 10.5124319]]]}, "properties": {"fid": 186, "osm_way": "218555086", "from_node": "2277955694", "to_node": "2277955695", "highway": "track", "alley_wd": 2.5, "wd_src": "assumed by road class", "length_m": 11.567616, "access_ok": 1, "walk_ok": 1, "oneway": 0, "geom_src": "OSM snapshot; incomplete mapping", "mapped_by": null, "mapped_at": null, "input_kind": "OSM-derived geometry and disclosed scenario attributes", "kind": "road", "id": "road-186", "imported_from": "QGIS source inventory"}}, {"type": "Feature", "geometry": {"type": "MultiLineString", "coordinates": [[[123.70698820000001, 10.5124319], [123.7069671, 10.512531499999998]]]}, "properties": {"fid": 187, "osm_way": "218555086", "from_node": "2277955695", "to_node": "2277955696", "highway": "track", "alley_wd": 2.5, "wd_src": "assumed by road class", "length_m": 11.252718, "access_ok": 1, "walk_ok": 1, "oneway": 0, "geom_src": "OSM snapshot; incomplete mapping", "mapped_by": null, "mapped_at": null, "input_kind": "OSM-derived geometry and disclosed scenario attributes", "kind": "road", "id": "road-187", "imported_from": "QGIS source inventory"}}, {"type": "Feature", "geometry": {"type": "MultiLineString", "coordinates": [[[123.7069671, 10.512531499999998], [123.70699239999999, 10.512747299999997]]]}, "properties": {"fid": 188, "osm_way": "218555086", "from_node": "2277955696", "to_node": "2277955697", "highway": "track", "alley_wd": 2.5, "wd_src": "assumed by road class", "length_m": 24.022193, "access_ok": 1, "walk_ok": 1, "oneway": 0, "geom_src": "OSM snapshot; incomplete mapping", "mapped_by": null, "mapped_at": null, "input_kind": "OSM-derived geometry and disclosed scenario attributes", "kind": "road", "id": "road-188", "imported_from": "QGIS source inventory"}}, {"type": "Feature", "geometry": {"type": "MultiLineString", "coordinates": [[[123.70699239999999, 10.512747299999997], [123.707079, 10.5129838]]]}, "properties": {"fid": 189, "osm_way": "218555086", "from_node": "2277955697", "to_node": "2277955698", "highway": "track", "alley_wd": 2.5, "wd_src": "assumed by road class", "length_m": 27.815085, "access_ok": 1, "walk_ok": 1, "oneway": 0, "geom_src": "OSM snapshot; incomplete mapping", "mapped_by": null, "mapped_at": null, "input_kind": "OSM-derived geometry and disclosed scenario attributes", "kind": "road", "id": "road-189", "imported_from": "QGIS source inventory"}}, {"type": "Feature", "geometry": {"type": "MultiLineString", "coordinates": [[[123.707079, 10.5129838], [123.70716759999999, 10.513052299999996]]]}, "properties": {"fid": 190, "osm_way": "218555086", "from_node": "2277955698", "to_node": "2277955699", "highway": "track", "alley_wd": 2.5, "wd_src": "assumed by road class", "length_m": 12.303238, "access_ok": 1, "walk_ok": 1, "oneway": 0, "geom_src": "OSM snapshot; incomplete mapping", "mapped_by": null, "mapped_at": null, "input_kind": "OSM-derived geometry and disclosed scenario attributes", "kind": "road", "id": "road-190", "imported_from": "QGIS source inventory"}}, {"type": "Feature", "geometry": {"type": "MultiLineString", "coordinates": [[[123.70716759999999, 10.513052299999996], [123.7073448, 10.513133199999995]]]}, "properties": {"fid": 191, "osm_way": "218555086", "from_node": "2277955699", "to_node": "2277955700", "highway": "track", "alley_wd": 2.5, "wd_src": "assumed by road class", "length_m": 21.354505, "access_ok": 1, "walk_ok": 1, "oneway": 0, "geom_src": "OSM snapshot; incomplete mapping", "mapped_by": null, "mapped_at": null, "input_kind": "OSM-derived geometry and disclosed scenario attributes", "kind": "road", "id": "road-191", "imported_from": "QGIS source inventory"}}, {"type": "Feature", "geometry": {"type": "MultiLineString", "coordinates": [[[123.7073448, 10.513133199999995], [123.70744400000001, 10.5132473]]]}, "properties": {"fid": 192, "osm_way": "218555086", "from_node": "2277955700", "to_node": "2277955701", "highway": "track", "alley_wd": 2.5, "wd_src": "assumed by road class", "length_m": 16.643752, "access_ok": 1, "walk_ok": 1, "oneway": 0, "geom_src": "OSM snapshot; incomplete mapping", "mapped_by": null, "mapped_at": null, "input_kind": "OSM-derived geometry and disclosed scenario attributes", "kind": "road", "id": "road-192", "imported_from": "QGIS source inventory"}}, {"type": "Feature", "geometry": {"type": "MultiLineString", "coordinates": [[[123.70744400000001, 10.5132473], [123.70753270000002, 10.513336499999998]]]}, "properties": {"fid": 193, "osm_way": "218555086", "from_node": "2277955701", "to_node": "2277955702", "highway": "track", "alley_wd": 2.5, "wd_src": "assumed by road class", "length_m": 13.838177, "access_ok": 1, "walk_ok": 1, "oneway": 0, "geom_src": "OSM snapshot; incomplete mapping", "mapped_by": null, "mapped_at": null, "input_kind": "OSM-derived geometry and disclosed scenario attributes", "kind": "road", "id": "road-193", "imported_from": "QGIS source inventory"}}, {"type": "Feature", "geometry": {"type": "MultiLineString", "coordinates": [[[123.70753270000002, 10.513336499999998], [123.70766770000002, 10.5133635]]]}, "properties": {"fid": 194, "osm_way": "218555086", "from_node": "2277955702", "to_node": "2277955703", "highway": "track", "alley_wd": 2.5, "wd_src": "assumed by road class", "length_m": 15.071343, "access_ok": 1, "walk_ok": 1, "oneway": 0, "geom_src": "OSM snapshot; incomplete mapping", "mapped_by": null, "mapped_at": null, "input_kind": "OSM-derived geometry and disclosed scenario attributes", "kind": "road", "id": "road-194", "imported_from": "QGIS source inventory"}}, {"type": "Feature", "geometry": {"type": "MultiLineString", "coordinates": [[[123.70766770000002, 10.5133635], [123.70774789999999, 10.513334499999997]]]}, "properties": {"fid": 195, "osm_way": "218555086", "from_node": "2277955703", "to_node": "2277955704", "highway": "track", "alley_wd": 2.5, "wd_src": "assumed by road class", "length_m": 9.34356, "access_ok": 1, "walk_ok": 1, "oneway": 0, "geom_src": "OSM snapshot; incomplete mapping", "mapped_by": null, "mapped_at": null, "input_kind": "OSM-derived geometry and disclosed scenario attributes", "kind": "road", "id": "road-195", "imported_from": "QGIS source inventory"}}, {"type": "Feature", "geometry": {"type": "MultiLineString", "coordinates": [[[123.70774789999999, 10.513334499999997], [123.7078344, 10.513185099999996]]]}, "properties": {"fid": 196, "osm_way": "218555086", "from_node": "2277955704", "to_node": "2277955705", "highway": "track", "alley_wd": 2.5, "wd_src": "assumed by road class", "length_m": 19.039518, "access_ok": 1, "walk_ok": 1, "oneway": 0, "geom_src": "OSM snapshot; incomplete mapping", "mapped_by": null, "mapped_at": null, "input_kind": "OSM-derived geometry and disclosed scenario attributes", "kind": "road", "id": "road-196", "imported_from": "QGIS source inventory"}}, {"type": "Feature", "geometry": {"type": "MultiLineString", "coordinates": [[[123.71124670000002, 10.510954599999998], [123.711291, 10.5116206]]]}, "properties": {"fid": 197, "osm_way": "218555088", "from_node": "2277955684", "to_node": "2277955706", "highway": "track", "alley_wd": 2.5, "wd_src": "assumed by road class", "length_m": 73.802519, "access_ok": 1, "walk_ok": 1, "oneway": 0, "geom_src": "OSM snapshot; incomplete mapping", "mapped_by": null, "mapped_at": null, "input_kind": "OSM-derived geometry and disclosed scenario attributes", "kind": "road", "id": "road-197", "imported_from": "QGIS source inventory"}}, {"type": "Feature", "geometry": {"type": "MultiLineString", "coordinates": [[[123.711291, 10.5116206], [123.711405, 10.512770100000001]]]}, "properties": {"fid": 198, "osm_way": "218555088", "from_node": "2277955706", "to_node": "2277955707", "highway": "track", "alley_wd": 2.5, "wd_src": "assumed by road class", "length_m": 127.716995, "access_ok": 1, "walk_ok": 1, "oneway": 0, "geom_src": "OSM snapshot; incomplete mapping", "mapped_by": null, "mapped_at": null, "input_kind": "OSM-derived geometry and disclosed scenario attributes", "kind": "road", "id": "road-198", "imported_from": "QGIS source inventory"}}, {"type": "Feature", "geometry": {"type": "MultiLineString", "coordinates": [[[123.711405, 10.512770100000001], [123.7114155, 10.5133365]]]}, "properties": {"fid": 199, "osm_way": "218555088", "from_node": "2277955707", "to_node": "2277955708", "highway": "track", "alley_wd": 2.5, "wd_src": "assumed by road class", "length_m": 62.640388, "access_ok": 1, "walk_ok": 1, "oneway": 0, "geom_src": "OSM snapshot; incomplete mapping", "mapped_by": null, "mapped_at": null, "input_kind": "OSM-derived geometry and disclosed scenario attributes", "kind": "road", "id": "road-199", "imported_from": "QGIS source inventory"}}, {"type": "Feature", "geometry": {"type": "MultiLineString", "coordinates": [[[123.7114155, 10.5133365], [123.71152520000001, 10.514139499999999]]]}, "properties": {"fid": 200, "osm_way": "218555088", "from_node": "2277955708", "to_node": "2277955709", "highway": "track", "alley_wd": 2.5, "wd_src": "assumed by road class", "length_m": 89.599743, "access_ok": 1, "walk_ok": 1, "oneway": 0, "geom_src": "OSM snapshot; incomplete mapping", "mapped_by": null, "mapped_at": null, "input_kind": "OSM-derived geometry and disclosed scenario attributes", "kind": "road", "id": "road-200", "imported_from": "QGIS source inventory"}}, {"type": "Feature", "geometry": {"type": "MultiLineString", "coordinates": [[[123.71152520000001, 10.514139499999999], [123.7115907, 10.514432]]]}, "properties": {"fid": 201, "osm_way": "218555088", "from_node": "2277955709", "to_node": "2277955710", "highway": "track", "alley_wd": 2.5, "wd_src": "assumed by road class", "length_m": 33.127938, "access_ok": 1, "walk_ok": 1, "oneway": 0, "geom_src": "OSM snapshot; incomplete mapping", "mapped_by": null, "mapped_at": null, "input_kind": "OSM-derived geometry and disclosed scenario attributes", "kind": "road", "id": "road-201", "imported_from": "QGIS source inventory"}}, {"type": "Feature", "geometry": {"type": "MultiLineString", "coordinates": [[[123.7115907, 10.514432], [123.71165716552615, 10.515000066557574]]]}, "properties": {"fid": 202, "osm_way": "218555088", "from_node": "2277955710", "to_node": "boundary_218555088_5_b", "highway": "track", "alley_wd": 2.5, "wd_src": "assumed by road class", "length_m": 63.233806, "access_ok": 1, "walk_ok": 1, "oneway": 0, "geom_src": "OSM snapshot; incomplete mapping", "mapped_by": null, "mapped_at": null, "input_kind": "OSM-derived geometry and disclosed scenario attributes", "kind": "road", "id": "road-202", "imported_from": "QGIS source inventory"}}, {"type": "Feature", "geometry": {"type": "MultiLineString", "coordinates": [[[123.7140279085365, 10.515000056523782], [123.714123, 10.5149611]]]}, "properties": {"fid": 203, "osm_way": "218555088", "from_node": "boundary_218555088_11_a", "to_node": "2277955717", "highway": "track", "alley_wd": 2.5, "wd_src": "assumed by road class", "length_m": 11.26194, "access_ok": 1, "walk_ok": 1, "oneway": 0, "geom_src": "OSM snapshot; incomplete mapping", "mapped_by": null, "mapped_at": null, "input_kind": "OSM-derived geometry and disclosed scenario attributes", "kind": "road", "id": "road-203", "imported_from": "QGIS source inventory"}}, {"type": "Feature", "geometry": {"type": "MultiLineString", "coordinates": [[[123.714123, 10.5149611], [123.7141398, 10.514867699999998]]]}, "properties": {"fid": 204, "osm_way": "218555088", "from_node": "2277955717", "to_node": "2277955718", "highway": "track", "alley_wd": 2.5, "wd_src": "assumed by road class", "length_m": 10.490082, "access_ok": 1, "walk_ok": 1, "oneway": 0, "geom_src": "OSM snapshot; incomplete mapping", "mapped_by": null, "mapped_at": null, "input_kind": "OSM-derived geometry and disclosed scenario attributes", "kind": "road", "id": "road-204", "imported_from": "QGIS source inventory"}}, {"type": "Feature", "geometry": {"type": "MultiLineString", "coordinates": [[[123.7141398, 10.514867699999998], [123.7140407, 10.5141831]]]}, "properties": {"fid": 205, "osm_way": "218555088", "from_node": "2277955718", "to_node": "2277955719", "highway": "track", "alley_wd": 2.5, "wd_src": "assumed by road class", "length_m": 76.472687, "access_ok": 1, "walk_ok": 1, "oneway": 0, "geom_src": "OSM snapshot; incomplete mapping", "mapped_by": null, "mapped_at": null, "input_kind": "OSM-derived geometry and disclosed scenario attributes", "kind": "road", "id": "road-205", "imported_from": "QGIS source inventory"}}, {"type": "Feature", "geometry": {"type": "MultiLineString", "coordinates": [[[123.7140407, 10.5141831], [123.7139921, 10.513654]]]}, "properties": {"fid": 206, "osm_way": "218555088", "from_node": "2277955719", "to_node": "2277955721", "highway": "track", "alley_wd": 2.5, "wd_src": "assumed by road class", "length_m": 58.746641, "access_ok": 1, "walk_ok": 1, "oneway": 0, "geom_src": "OSM snapshot; incomplete mapping", "mapped_by": null, "mapped_at": null, "input_kind": "OSM-derived geometry and disclosed scenario attributes", "kind": "road", "id": "road-206", "imported_from": "QGIS source inventory"}}, {"type": "Feature", "geometry": {"type": "MultiLineString", "coordinates": [[[123.7139921, 10.513654], [123.71388240000002, 10.512496200000001]]]}, "properties": {"fid": 207, "osm_way": "218555088", "from_node": "2277955721", "to_node": "2277955722", "highway": "track", "alley_wd": 2.5, "wd_src": "assumed by road class", "length_m": 128.585706, "access_ok": 1, "walk_ok": 1, "oneway": 0, "geom_src": "OSM snapshot; incomplete mapping", "mapped_by": null, "mapped_at": null, "input_kind": "OSM-derived geometry and disclosed scenario attributes", "kind": "road", "id": "road-207", "imported_from": "QGIS source inventory"}}, {"type": "Feature", "geometry": {"type": "MultiLineString", "coordinates": [[[123.71388240000002, 10.512496200000001], [123.7138433, 10.512073400000002]]]}, "properties": {"fid": 208, "osm_way": "218555088", "from_node": "2277955722", "to_node": "6190466982", "highway": "track", "alley_wd": 2.5, "wd_src": "assumed by road class", "length_m": 46.946638, "access_ok": 1, "walk_ok": 1, "oneway": 0, "geom_src": "OSM snapshot; incomplete mapping", "mapped_by": null, "mapped_at": null, "input_kind": "OSM-derived geometry and disclosed scenario attributes", "kind": "road", "id": "road-208", "imported_from": "QGIS source inventory"}}, {"type": "Feature", "geometry": {"type": "MultiLineString", "coordinates": [[[123.7138433, 10.512073400000002], [123.71377689999998, 10.511355099999998]]]}, "properties": {"fid": 209, "osm_way": "218555088", "from_node": "6190466982", "to_node": "2277955724", "highway": "track", "alley_wd": 2.5, "wd_src": "assumed by road class", "length_m": 79.757931, "access_ok": 1, "walk_ok": 1, "oneway": 0, "geom_src": "OSM snapshot; incomplete mapping", "mapped_by": null, "mapped_at": null, "input_kind": "OSM-derived geometry and disclosed scenario attributes", "kind": "road", "id": "road-209", "imported_from": "QGIS source inventory"}}, {"type": "Feature", "geometry": {"type": "MultiLineString", "coordinates": [[[123.71377689999998, 10.511355099999998], [123.71371779999998, 10.510736800000002]]]}, "properties": {"fid": 210, "osm_way": "218555088", "from_node": "2277955724", "to_node": "2277955680", "highway": "track", "alley_wd": 2.5, "wd_src": "assumed by road class", "length_m": 68.673928, "access_ok": 1, "walk_ok": 1, "oneway": 0, "geom_src": "OSM snapshot; incomplete mapping", "mapped_by": null, "mapped_at": null, "input_kind": "OSM-derived geometry and disclosed scenario attributes", "kind": "road", "id": "road-210", "imported_from": "QGIS source inventory"}}, {"type": "Feature", "geometry": {"type": "MultiLineString", "coordinates": [[[123.7159132, 10.5144714], [123.7159279, 10.5147623]]]}, "properties": {"fid": 211, "osm_way": "661214312", "from_node": "6190395224", "to_node": "6190395223", "highway": "residential", "alley_wd": 4.0, "wd_src": "assumed by road class", "length_m": 32.206584, "access_ok": 1, "walk_ok": 1, "oneway": 0, "geom_src": "OSM snapshot; incomplete mapping", "mapped_by": null, "mapped_at": null, "input_kind": "OSM-derived geometry and disclosed scenario attributes", "kind": "road", "id": "road-211", "imported_from": "QGIS source inventory"}}, {"type": "Feature", "geometry": {"type": "MultiLineString", "coordinates": [[[123.71079679999998, 10.5092506], [123.71086789999998, 10.5093204]]]}, "properties": {"fid": 212, "osm_way": "661214314", "from_node": "6190395238", "to_node": "6190395237", "highway": "residential", "alley_wd": 4.0, "wd_src": "assumed by road class", "length_m": 10.959209, "access_ok": 1, "walk_ok": 1, "oneway": 0, "geom_src": "OSM snapshot; incomplete mapping", "mapped_by": null, "mapped_at": null, "input_kind": "OSM-derived geometry and disclosed scenario attributes", "kind": "road", "id": "road-212", "imported_from": "QGIS source inventory"}}, {"type": "Feature", "geometry": {"type": "MultiLineString", "coordinates": [[[123.71086789999998, 10.5093204], [123.7109645, 10.509373199999997]]]}, "properties": {"fid": 213, "osm_way": "661214314", "from_node": "6190395237", "to_node": "6190395236", "highway": "residential", "alley_wd": 4.0, "wd_src": "assumed by road class", "length_m": 12.075957, "access_ok": 1, "walk_ok": 1, "oneway": 0, "geom_src": "OSM snapshot; incomplete mapping", "mapped_by": null, "mapped_at": null, "input_kind": "OSM-derived geometry and disclosed scenario attributes", "kind": "road", "id": "road-213", "imported_from": "QGIS source inventory"}}, {"type": "Feature", "geometry": {"type": "MultiLineString", "coordinates": [[[123.7109645, 10.509373199999997], [123.71101270000001, 10.509387700000001]]]}, "properties": {"fid": 214, "osm_way": "661214314", "from_node": "6190395236", "to_node": "6190395235", "highway": "residential", "alley_wd": 4.0, "wd_src": "assumed by road class", "length_m": 5.512774, "access_ok": 1, "walk_ok": 1, "oneway": 0, "geom_src": "OSM snapshot; incomplete mapping", "mapped_by": null, "mapped_at": null, "input_kind": "OSM-derived geometry and disclosed scenario attributes", "kind": "road", "id": "road-214", "imported_from": "QGIS source inventory"}}, {"type": "Feature", "geometry": {"type": "MultiLineString", "coordinates": [[[123.71101270000001, 10.509387700000001], [123.7111308, 10.5094062]]]}, "properties": {"fid": 215, "osm_way": "661214314", "from_node": "6190395235", "to_node": "6190395234", "highway": "residential", "alley_wd": 4.0, "wd_src": "assumed by road class", "length_m": 13.08443, "access_ok": 1, "walk_ok": 1, "oneway": 0, "geom_src": "OSM snapshot; incomplete mapping", "mapped_by": null, "mapped_at": null, "input_kind": "OSM-derived geometry and disclosed scenario attributes", "kind": "road", "id": "road-215", "imported_from": "QGIS source inventory"}}, {"type": "Feature", "geometry": {"type": "MultiLineString", "coordinates": [[[123.7111308, 10.5094062], [123.71120179999998, 10.509411399999998]]]}, "properties": {"fid": 216, "osm_way": "661214314", "from_node": "6190395234", "to_node": "6190395233", "highway": "residential", "alley_wd": 4.0, "wd_src": "assumed by road class", "length_m": 7.790686, "access_ok": 1, "walk_ok": 1, "oneway": 0, "geom_src": "OSM snapshot; incomplete mapping", "mapped_by": null, "mapped_at": null, "input_kind": "OSM-derived geometry and disclosed scenario attributes", "kind": "road", "id": "road-216", "imported_from": "QGIS source inventory"}}, {"type": "Feature", "geometry": {"type": "MultiLineString", "coordinates": [[[123.71120179999998, 10.509411399999998], [123.7114335, 10.509589499999995]]]}, "properties": {"fid": 217, "osm_way": "661214314", "from_node": "6190395233", "to_node": "6190395232", "highway": "residential", "alley_wd": 4.0, "wd_src": "assumed by road class", "length_m": 32.104349, "access_ok": 1, "walk_ok": 1, "oneway": 0, "geom_src": "OSM snapshot; incomplete mapping", "mapped_by": null, "mapped_at": null, "input_kind": "OSM-derived geometry and disclosed scenario attributes", "kind": "road", "id": "road-217", "imported_from": "QGIS source inventory"}}, {"type": "Feature", "geometry": {"type": "MultiLineString", "coordinates": [[[123.7127522, 10.509080499999998], [123.71287349999999, 10.508883300000003]]]}, "properties": {"fid": 218, "osm_way": "661214315", "from_node": "8345046405", "to_node": "8345046406", "highway": "residential", "alley_wd": 4.0, "wd_src": "assumed by road class", "length_m": 25.527817, "access_ok": 1, "walk_ok": 1, "oneway": 0, "geom_src": "OSM snapshot; incomplete mapping", "mapped_by": null, "mapped_at": null, "input_kind": "OSM-derived geometry and disclosed scenario attributes", "kind": "road", "id": "road-218", "imported_from": "QGIS source inventory"}}, {"type": "Feature", "geometry": {"type": "MultiLineString", "coordinates": [[[123.71287349999999, 10.508883300000003], [123.71293860000002, 10.508849699999999]]]}, "properties": {"fid": 219, "osm_way": "661214315", "from_node": "8345046406", "to_node": "8345046407", "highway": "residential", "alley_wd": 4.0, "wd_src": "assumed by road class", "length_m": 8.03446, "access_ok": 1, "walk_ok": 1, "oneway": 0, "geom_src": "OSM snapshot; incomplete mapping", "mapped_by": null, "mapped_at": null, "input_kind": "OSM-derived geometry and disclosed scenario attributes", "kind": "road", "id": "road-219", "imported_from": "QGIS source inventory"}}, {"type": "Feature", "geometry": {"type": "MultiLineString", "coordinates": [[[123.71293860000002, 10.508849699999999], [123.7130123, 10.5088194]]]}, "properties": {"fid": 220, "osm_way": "661214315", "from_node": "8345046407", "to_node": "6190395240", "highway": "residential", "alley_wd": 4.0, "wd_src": "assumed by road class", "length_m": 8.733168, "access_ok": 1, "walk_ok": 1, "oneway": 0, "geom_src": "OSM snapshot; incomplete mapping", "mapped_by": null, "mapped_at": null, "input_kind": "OSM-derived geometry and disclosed scenario attributes", "kind": "road", "id": "road-220", "imported_from": "QGIS source inventory"}}, {"type": "Feature", "geometry": {"type": "MultiLineString", "coordinates": [[[123.7130123, 10.5088194], [123.7131761, 10.508567199999998]]]}, "properties": {"fid": 221, "osm_way": "661214315", "from_node": "6190395240", "to_node": "6190395239", "highway": "residential", "alley_wd": 4.0, "wd_src": "assumed by road class", "length_m": 33.150816, "access_ok": 1, "walk_ok": 1, "oneway": 0, "geom_src": "OSM snapshot; incomplete mapping", "mapped_by": null, "mapped_at": null, "input_kind": "OSM-derived geometry and disclosed scenario attributes", "kind": "road", "id": "road-221", "imported_from": "QGIS source inventory"}}, {"type": "Feature", "geometry": {"type": "MultiLineString", "coordinates": [[[123.71447680000001, 10.507692], [123.71502280000001, 10.507873699999998]]]}, "properties": {"fid": 222, "osm_way": "661214316", "from_node": "6190395241", "to_node": "367823075", "highway": "residential", "alley_wd": 4.0, "wd_src": "assumed by road class", "length_m": 63.036063, "access_ok": 1, "walk_ok": 1, "oneway": 0, "geom_src": "OSM snapshot; incomplete mapping", "mapped_by": null, "mapped_at": null, "input_kind": "OSM-derived geometry and disclosed scenario attributes", "kind": "road", "id": "road-222", "imported_from": "QGIS source inventory"}}, {"type": "Feature", "geometry": {"type": "MultiLineString", "coordinates": [[[123.71476540000002, 10.5039489], [123.71581250000001, 10.504345100000002]]]}, "properties": {"fid": 223, "osm_way": "661217830", "from_node": "932646739", "to_node": "367823082", "highway": "tertiary", "alley_wd": 6.0, "wd_src": "assumed by road class", "length_m": 122.674354, "access_ok": 1, "walk_ok": 1, "oneway": 0, "geom_src": "OSM snapshot; incomplete mapping", "mapped_by": null, "mapped_at": null, "input_kind": "OSM-derived geometry and disclosed scenario attributes", "kind": "road", "id": "road-223", "imported_from": "QGIS source inventory"}}, {"type": "Feature", "geometry": {"type": "MultiLineString", "coordinates": [[[123.71630480000002, 10.509662200000001], [123.7160322, 10.510072399999999]]]}, "properties": {"fid": 224, "osm_way": "661217837", "from_node": "2272279666", "to_node": "2272279523", "highway": "service", "alley_wd": 3.0, "wd_src": "assumed by road class", "length_m": 54.288069, "access_ok": 1, "walk_ok": 1, "oneway": 1, "geom_src": "OSM snapshot; incomplete mapping", "mapped_by": null, "mapped_at": null, "input_kind": "OSM-derived geometry and disclosed scenario attributes", "kind": "road", "id": "road-224", "imported_from": "QGIS source inventory"}}, {"type": "Feature", "geometry": {"type": "MultiLineString", "coordinates": [[[123.7160005, 10.510055399999995], [123.7162781, 10.509641800000002]]]}, "properties": {"fid": 225, "osm_way": "661217838", "from_node": "2272279522", "to_node": "2272279659", "highway": "service", "alley_wd": 3.0, "wd_src": "assumed by road class", "length_m": 54.9034, "access_ok": 1, "walk_ok": 1, "oneway": 1, "geom_src": "OSM snapshot; incomplete mapping", "mapped_by": null, "mapped_at": null, "input_kind": "OSM-derived geometry and disclosed scenario attributes", "kind": "road", "id": "road-225", "imported_from": "QGIS source inventory"}}, {"type": "Feature", "geometry": {"type": "MultiLineString", "coordinates": [[[123.7158875, 10.5068719], [123.7157482, 10.507156600000002]]]}, "properties": {"fid": 226, "osm_way": "661217844", "from_node": "6190425939", "to_node": "6190425938", "highway": "residential", "alley_wd": 4.0, "wd_src": "assumed by road class", "length_m": 34.977235, "access_ok": 1, "walk_ok": 1, "oneway": 0, "geom_src": "OSM snapshot; incomplete mapping", "mapped_by": null, "mapped_at": null, "input_kind": "OSM-derived geometry and disclosed scenario attributes", "kind": "road", "id": "road-226", "imported_from": "QGIS source inventory"}}, {"type": "Feature", "geometry": {"type": "MultiLineString", "coordinates": [[[123.7138433, 10.512073400000002], [123.71395920000002, 10.512077599999998]]]}, "properties": {"fid": 227, "osm_way": "661222117", "from_node": "6190466982", "to_node": "6190466981", "highway": "service", "alley_wd": 3.0, "wd_src": "assumed by road class", "length_m": 12.691186, "access_ok": 1, "walk_ok": 1, "oneway": 0, "geom_src": "OSM snapshot; incomplete mapping", "mapped_by": null, "mapped_at": null, "input_kind": "OSM-derived geometry and disclosed scenario attributes", "kind": "road", "id": "road-227", "imported_from": "QGIS source inventory"}}, {"type": "Feature", "geometry": {"type": "MultiLineString", "coordinates": [[[123.71395920000002, 10.512077599999998], [123.714281, 10.512180499999998]]]}, "properties": {"fid": 228, "osm_way": "661222117", "from_node": "6190466981", "to_node": "6190466980", "highway": "service", "alley_wd": 3.0, "wd_src": "assumed by road class", "length_m": 37.006491, "access_ok": 1, "walk_ok": 1, "oneway": 0, "geom_src": "OSM snapshot; incomplete mapping", "mapped_by": null, "mapped_at": null, "input_kind": "OSM-derived geometry and disclosed scenario attributes", "kind": "road", "id": "road-228", "imported_from": "QGIS source inventory"}}, {"type": "Feature", "geometry": {"type": "MultiLineString", "coordinates": [[[123.714281, 10.512180499999998], [123.714501, 10.512196299999998]]]}, "properties": {"fid": 229, "osm_way": "661222117", "from_node": "6190466980", "to_node": "6190466979", "highway": "service", "alley_wd": 3.0, "wd_src": "assumed by road class", "length_m": 24.137428, "access_ok": 1, "walk_ok": 1, "oneway": 0, "geom_src": "OSM snapshot; incomplete mapping", "mapped_by": null, "mapped_at": null, "input_kind": "OSM-derived geometry and disclosed scenario attributes", "kind": "road", "id": "road-229", "imported_from": "QGIS source inventory"}}, {"type": "Feature", "geometry": {"type": "MultiLineString", "coordinates": [[[123.714501, 10.512196299999998], [123.7147531, 10.512169899999998]]]}, "properties": {"fid": 230, "osm_way": "661222117", "from_node": "6190466979", "to_node": "6190466975", "highway": "service", "alley_wd": 3.0, "wd_src": "assumed by road class", "length_m": 27.740774, "access_ok": 1, "walk_ok": 1, "oneway": 0, "geom_src": "OSM snapshot; incomplete mapping", "mapped_by": null, "mapped_at": null, "input_kind": "OSM-derived geometry and disclosed scenario attributes", "kind": "road", "id": "road-230", "imported_from": "QGIS source inventory"}}, {"type": "Feature", "geometry": {"type": "MultiLineString", "coordinates": [[[123.7147531, 10.512169899999998], [123.71487110000001, 10.5122174]]]}, "properties": {"fid": 231, "osm_way": "661222117", "from_node": "6190466975", "to_node": "6190466978", "highway": "service", "alley_wd": 3.0, "wd_src": "assumed by road class", "length_m": 13.939841, "access_ok": 1, "walk_ok": 1, "oneway": 0, "geom_src": "OSM snapshot; incomplete mapping", "mapped_by": null, "mapped_at": null, "input_kind": "OSM-derived geometry and disclosed scenario attributes", "kind": "road", "id": "road-231", "imported_from": "QGIS source inventory"}}, {"type": "Feature", "geometry": {"type": "MultiLineString", "coordinates": [[[123.71487110000001, 10.5122174], [123.71502400000001, 10.512293900000001]]]}, "properties": {"fid": 232, "osm_way": "661222117", "from_node": "6190466978", "to_node": "6190466974", "highway": "service", "alley_wd": 3.0, "wd_src": "assumed by road class", "length_m": 18.74829, "access_ok": 1, "walk_ok": 1, "oneway": 0, "geom_src": "OSM snapshot; incomplete mapping", "mapped_by": null, "mapped_at": null, "input_kind": "OSM-derived geometry and disclosed scenario attributes", "kind": "road", "id": "road-232", "imported_from": "QGIS source inventory"}}, {"type": "Feature", "geometry": {"type": "MultiLineString", "coordinates": [[[123.71502400000001, 10.512293900000001], [123.7151715, 10.5123176]]]}, "properties": {"fid": 233, "osm_way": "661222117", "from_node": "6190466974", "to_node": "6190466977", "highway": "service", "alley_wd": 3.0, "wd_src": "assumed by road class", "length_m": 16.351961, "access_ok": 1, "walk_ok": 1, "oneway": 0, "geom_src": "OSM snapshot; incomplete mapping", "mapped_by": null, "mapped_at": null, "input_kind": "OSM-derived geometry and disclosed scenario attributes", "kind": "road", "id": "road-233", "imported_from": "QGIS source inventory"}}, {"type": "Feature", "geometry": {"type": "MultiLineString", "coordinates": [[[123.7151715, 10.5123176], [123.7152715, 10.512315199999996]]]}, "properties": {"fid": 234, "osm_way": "661222117", "from_node": "6190466977", "to_node": "6190466976", "highway": "service", "alley_wd": 3.0, "wd_src": "assumed by road class", "length_m": 10.945995, "access_ok": 1, "walk_ok": 1, "oneway": 0, "geom_src": "OSM snapshot; incomplete mapping", "mapped_by": null, "mapped_at": null, "input_kind": "OSM-derived geometry and disclosed scenario attributes", "kind": "road", "id": "road-234", "imported_from": "QGIS source inventory"}}, {"type": "Feature", "geometry": {"type": "MultiLineString", "coordinates": [[[123.7119582, 10.503535299999998], [123.71193140000001, 10.503632999999999]]]}, "properties": {"fid": 235, "osm_way": "665244565", "from_node": "6226567610", "to_node": "6226567620", "highway": "service", "alley_wd": 3.0, "wd_src": "assumed by road class", "length_m": 11.194202, "access_ok": 1, "walk_ok": 1, "oneway": 0, "geom_src": "OSM snapshot; incomplete mapping", "mapped_by": null, "mapped_at": null, "input_kind": "OSM-derived geometry and disclosed scenario attributes", "kind": "road", "id": "road-235", "imported_from": "QGIS source inventory"}}, {"type": "Feature", "geometry": {"type": "MultiLineString", "coordinates": [[[123.71193140000001, 10.503632999999999], [123.7118178, 10.5041993]]]}, "properties": {"fid": 236, "osm_way": "665244565", "from_node": "6226567620", "to_node": "6226567626", "highway": "service", "alley_wd": 3.0, "wd_src": "assumed by road class", "length_m": 63.840796, "access_ok": 1, "walk_ok": 1, "oneway": 0, "geom_src": "OSM snapshot; incomplete mapping", "mapped_by": null, "mapped_at": null, "input_kind": "OSM-derived geometry and disclosed scenario attributes", "kind": "road", "id": "road-236", "imported_from": "QGIS source inventory"}}, {"type": "Feature", "geometry": {"type": "MultiLineString", "coordinates": [[[123.7118178, 10.5041993], [123.7117317, 10.504728299999998]]]}, "properties": {"fid": 237, "osm_way": "665244565", "from_node": "6226567626", "to_node": "6226567611", "highway": "service", "alley_wd": 3.0, "wd_src": "assumed by road class", "length_m": 59.248268, "access_ok": 1, "walk_ok": 1, "oneway": 0, "geom_src": "OSM snapshot; incomplete mapping", "mapped_by": null, "mapped_at": null, "input_kind": "OSM-derived geometry and disclosed scenario attributes", "kind": "road", "id": "road-237", "imported_from": "QGIS source inventory"}}, {"type": "Feature", "geometry": {"type": "MultiLineString", "coordinates": [[[123.7117317, 10.504728299999998], [123.71199020000002, 10.504779699999998]]]}, "properties": {"fid": 238, "osm_way": "665244565", "from_node": "6226567611", "to_node": "6226567625", "highway": "service", "alley_wd": 3.0, "wd_src": "assumed by road class", "length_m": 28.853071, "access_ok": 1, "walk_ok": 1, "oneway": 0, "geom_src": "OSM snapshot; incomplete mapping", "mapped_by": null, "mapped_at": null, "input_kind": "OSM-derived geometry and disclosed scenario attributes", "kind": "road", "id": "road-238", "imported_from": "QGIS source inventory"}}, {"type": "Feature", "geometry": {"type": "MultiLineString", "coordinates": [[[123.71199020000002, 10.504779699999998], [123.7122556, 10.5048341]]]}, "properties": {"fid": 239, "osm_way": "665244565", "from_node": "6226567625", "to_node": "6226567612", "highway": "service", "alley_wd": 3.0, "wd_src": "assumed by road class", "length_m": 29.659212, "access_ok": 1, "walk_ok": 1, "oneway": 0, "geom_src": "OSM snapshot; incomplete mapping", "mapped_by": null, "mapped_at": null, "input_kind": "OSM-derived geometry and disclosed scenario attributes", "kind": "road", "id": "road-239", "imported_from": "QGIS source inventory"}}, {"type": "Feature", "geometry": {"type": "MultiLineString", "coordinates": [[[123.7119582, 10.503535299999998], [123.7117588, 10.503522899999998]]]}, "properties": {"fid": 240, "osm_way": "665244566", "from_node": "6226567610", "to_node": "9534324149", "highway": "service", "alley_wd": 3.0, "wd_src": "assumed by road class", "length_m": 21.863537, "access_ok": 1, "walk_ok": 1, "oneway": 0, "geom_src": "OSM snapshot; incomplete mapping", "mapped_by": null, "mapped_at": null, "input_kind": "OSM-derived geometry and disclosed scenario attributes", "kind": "road", "id": "road-240", "imported_from": "QGIS source inventory"}}, {"type": "Feature", "geometry": {"type": "MultiLineString", "coordinates": [[[123.7117588, 10.503522899999998], [123.710952, 10.5034318]]]}, "properties": {"fid": 241, "osm_way": "665244566", "from_node": "9534324149", "to_node": "2272279612", "highway": "service", "alley_wd": 3.0, "wd_src": "assumed by road class", "length_m": 88.86158, "access_ok": 1, "walk_ok": 1, "oneway": 0, "geom_src": "OSM snapshot; incomplete mapping", "mapped_by": null, "mapped_at": null, "input_kind": "OSM-derived geometry and disclosed scenario attributes", "kind": "road", "id": "road-241", "imported_from": "QGIS source inventory"}}, {"type": "Feature", "geometry": {"type": "MultiLineString", "coordinates": [[[123.710952, 10.5034318], [123.71068988241893, 10.503000065490626]]]}, "properties": {"fid": 242, "osm_way": "665244566", "from_node": "2272279612", "to_node": "boundary_665244566_2_b", "highway": "service", "alley_wd": 3.0, "wd_src": "assumed by road class", "length_m": 55.693655, "access_ok": 1, "walk_ok": 1, "oneway": 0, "geom_src": "OSM snapshot; incomplete mapping", "mapped_by": null, "mapped_at": null, "input_kind": "OSM-derived geometry and disclosed scenario attributes", "kind": "road", "id": "road-242", "imported_from": "QGIS source inventory"}}, {"type": "Feature", "geometry": {"type": "MultiLineString", "coordinates": [[[123.71193140000001, 10.503632999999999], [123.71223890000002, 10.5036976]]]}, "properties": {"fid": 243, "osm_way": "665244568", "from_node": "6226567620", "to_node": "6226567622", "highway": "footway", "alley_wd": 1.5, "wd_src": "assumed by road class", "length_m": 34.399772, "access_ok": 0, "walk_ok": 1, "oneway": 0, "geom_src": "OSM snapshot; incomplete mapping", "mapped_by": null, "mapped_at": null, "input_kind": "OSM-derived geometry and disclosed scenario attributes", "kind": "road", "id": "road-243", "imported_from": "QGIS source inventory"}}, {"type": "Feature", "geometry": {"type": "MultiLineString", "coordinates": [[[123.71223890000002, 10.5036976], [123.71251490000002, 10.503742800000001]]]}, "properties": {"fid": 244, "osm_way": "665244568", "from_node": "6226567622", "to_node": "2272279597", "highway": "footway", "alley_wd": 1.5, "wd_src": "assumed by road class", "length_m": 30.613628, "access_ok": 0, "walk_ok": 1, "oneway": 0, "geom_src": "OSM snapshot; incomplete mapping", "mapped_by": null, "mapped_at": null, "input_kind": "OSM-derived geometry and disclosed scenario attributes", "kind": "road", "id": "road-244", "imported_from": "QGIS source inventory"}}, {"type": "Feature", "geometry": {"type": "MultiLineString", "coordinates": [[[123.71223890000002, 10.5036976], [123.7121656, 10.504122499999998]]]}, "properties": {"fid": 245, "osm_way": "665244569", "from_node": "6226567622", "to_node": "6226567623", "highway": "footway", "alley_wd": 1.5, "wd_src": "assumed by road class", "length_m": 47.663225, "access_ok": 0, "walk_ok": 1, "oneway": 0, "geom_src": "OSM snapshot; incomplete mapping", "mapped_by": null, "mapped_at": null, "input_kind": "OSM-derived geometry and disclosed scenario attributes", "kind": "road", "id": "road-245", "imported_from": "QGIS source inventory"}}, {"type": "Feature", "geometry": {"type": "MultiLineString", "coordinates": [[[123.7121129, 10.504366099999999], [123.71199020000002, 10.504779699999998]]]}, "properties": {"fid": 246, "osm_way": "665244570", "from_node": "6226567624", "to_node": "6226567625", "highway": "footway", "alley_wd": 1.5, "wd_src": "assumed by road class", "length_m": 47.664236, "access_ok": 0, "walk_ok": 1, "oneway": 0, "geom_src": "OSM snapshot; incomplete mapping", "mapped_by": null, "mapped_at": null, "input_kind": "OSM-derived geometry and disclosed scenario attributes", "kind": "road", "id": "road-246", "imported_from": "QGIS source inventory"}}, {"type": "Feature", "geometry": {"type": "MultiLineString", "coordinates": [[[123.7118178, 10.5041993], [123.7120158, 10.504220199999999]]]}, "properties": {"fid": 247, "osm_way": "665244571", "from_node": "6226567626", "to_node": "6226567627", "highway": "footway", "alley_wd": 1.5, "wd_src": "assumed by road class", "length_m": 21.790148, "access_ok": 0, "walk_ok": 1, "oneway": 0, "geom_src": "OSM snapshot; incomplete mapping", "mapped_by": null, "mapped_at": null, "input_kind": "OSM-derived geometry and disclosed scenario attributes", "kind": "road", "id": "road-247", "imported_from": "QGIS source inventory"}}, {"type": "Feature", "geometry": {"type": "MultiLineString", "coordinates": [[[123.71226380000002, 10.5042709], [123.7124019, 10.5042975]]]}, "properties": {"fid": 248, "osm_way": "665244572", "from_node": "6226567628", "to_node": "6226567629", "highway": "footway", "alley_wd": 1.5, "wd_src": "assumed by road class", "length_m": 15.395928, "access_ok": 0, "walk_ok": 1, "oneway": 0, "geom_src": "OSM snapshot; incomplete mapping", "mapped_by": null, "mapped_at": null, "input_kind": "OSM-derived geometry and disclosed scenario attributes", "kind": "road", "id": "road-248", "imported_from": "QGIS source inventory"}}, {"type": "Feature", "geometry": {"type": "MultiLineString", "coordinates": [[[123.71224940000002, 10.5043072], [123.7122243, 10.5043374]]]}, "properties": {"fid": 249, "osm_way": "665244573", "from_node": "6226567642", "to_node": "6226567643", "highway": "footway", "alley_wd": 1.5, "wd_src": "assumed by road class", "length_m": 4.323865, "access_ok": 0, "walk_ok": 1, "oneway": 0, "geom_src": "OSM snapshot; incomplete mapping", "mapped_by": null, "mapped_at": null, "input_kind": "OSM-derived geometry and disclosed scenario attributes", "kind": "road", "id": "road-249", "imported_from": "QGIS source inventory"}}, {"type": "Feature", "geometry": {"type": "MultiLineString", "coordinates": [[[123.7122243, 10.5043374], [123.71219090000001, 10.504358499999999]]]}, "properties": {"fid": 250, "osm_way": "665244573", "from_node": "6226567643", "to_node": "6226567644", "highway": "footway", "alley_wd": 1.5, "wd_src": "assumed by road class", "length_m": 4.336174, "access_ok": 0, "walk_ok": 1, "oneway": 0, "geom_src": "OSM snapshot; incomplete mapping", "mapped_by": null, "mapped_at": null, "input_kind": "OSM-derived geometry and disclosed scenario attributes", "kind": "road", "id": "road-250", "imported_from": "QGIS source inventory"}}, {"type": "Feature", "geometry": {"type": "MultiLineString", "coordinates": [[[123.71219090000001, 10.504358499999999], [123.71215250000002, 10.5043683]]]}, "properties": {"fid": 251, "osm_way": "665244573", "from_node": "6226567644", "to_node": "6226567645", "highway": "footway", "alley_wd": 1.5, "wd_src": "assumed by road class", "length_m": 4.339606, "access_ok": 0, "walk_ok": 1, "oneway": 0, "geom_src": "OSM snapshot; incomplete mapping", "mapped_by": null, "mapped_at": null, "input_kind": "OSM-derived geometry and disclosed scenario attributes", "kind": "road", "id": "road-251", "imported_from": "QGIS source inventory"}}, {"type": "Feature", "geometry": {"type": "MultiLineString", "coordinates": [[[123.71215250000002, 10.5043683], [123.7121129, 10.504366099999999]]]}, "properties": {"fid": 252, "osm_way": "665244573", "from_node": "6226567645", "to_node": "6226567624", "highway": "footway", "alley_wd": 1.5, "wd_src": "assumed by road class", "length_m": 4.340271, "access_ok": 0, "walk_ok": 1, "oneway": 0, "geom_src": "OSM snapshot; incomplete mapping", "mapped_by": null, "mapped_at": null, "input_kind": "OSM-derived geometry and disclosed scenario attributes", "kind": "road", "id": "road-252", "imported_from": "QGIS source inventory"}}, {"type": "Feature", "geometry": {"type": "MultiLineString", "coordinates": [[[123.7121129, 10.504366099999999], [123.7120765, 10.5043521]]]}, "properties": {"fid": 253, "osm_way": "665244573", "from_node": "6226567624", "to_node": "6226567630", "highway": "footway", "alley_wd": 1.5, "wd_src": "assumed by road class", "length_m": 4.273513, "access_ok": 0, "walk_ok": 1, "oneway": 0, "geom_src": "OSM snapshot; incomplete mapping", "mapped_by": null, "mapped_at": null, "input_kind": "OSM-derived geometry and disclosed scenario attributes", "kind": "road", "id": "road-253", "imported_from": "QGIS source inventory"}}, {"type": "Feature", "geometry": {"type": "MultiLineString", "coordinates": [[[123.7120765, 10.5043521], [123.71204609999998, 10.5043279]]]}, "properties": {"fid": 254, "osm_way": "665244573", "from_node": "6226567630", "to_node": "6226567631", "highway": "footway", "alley_wd": 1.5, "wd_src": "assumed by road class", "length_m": 4.269356, "access_ok": 0, "walk_ok": 1, "oneway": 0, "geom_src": "OSM snapshot; incomplete mapping", "mapped_by": null, "mapped_at": null, "input_kind": "OSM-derived geometry and disclosed scenario attributes", "kind": "road", "id": "road-254", "imported_from": "QGIS source inventory"}}, {"type": "Feature", "geometry": {"type": "MultiLineString", "coordinates": [[[123.71204609999998, 10.5043279], [123.71202460000002, 10.504295699999998]]]}, "properties": {"fid": 255, "osm_way": "665244573", "from_node": "6226567631", "to_node": "6226567632", "highway": "footway", "alley_wd": 1.5, "wd_src": "assumed by road class", "length_m": 4.267644, "access_ok": 0, "walk_ok": 1, "oneway": 0, "geom_src": "OSM snapshot; incomplete mapping", "mapped_by": null, "mapped_at": null, "input_kind": "OSM-derived geometry and disclosed scenario attributes", "kind": "road", "id": "road-255", "imported_from": "QGIS source inventory"}}, {"type": "Feature", "geometry": {"type": "MultiLineString", "coordinates": [[[123.71202460000002, 10.504295699999998], [123.71201420000001, 10.504258699999998]]]}, "properties": {"fid": 256, "osm_way": "665244573", "from_node": "6226567632", "to_node": "6226567633", "highway": "footway", "alley_wd": 1.5, "wd_src": "assumed by road class", "length_m": 4.246626, "access_ok": 0, "walk_ok": 1, "oneway": 0, "geom_src": "OSM snapshot; incomplete mapping", "mapped_by": null, "mapped_at": null, "input_kind": "OSM-derived geometry and disclosed scenario attributes", "kind": "road", "id": "road-256", "imported_from": "QGIS source inventory"}}, {"type": "Feature", "geometry": {"type": "MultiLineString", "coordinates": [[[123.71201420000001, 10.504258699999998], [123.7120158, 10.504220199999999]]]}, "properties": {"fid": 257, "osm_way": "665244573", "from_node": "6226567633", "to_node": "6226567627", "highway": "footway", "alley_wd": 1.5, "wd_src": "assumed by road class", "length_m": 4.260746, "access_ok": 0, "walk_ok": 1, "oneway": 0, "geom_src": "OSM snapshot; incomplete mapping", "mapped_by": null, "mapped_at": null, "input_kind": "OSM-derived geometry and disclosed scenario attributes", "kind": "road", "id": "road-257", "imported_from": "QGIS source inventory"}}, {"type": "Feature", "geometry": {"type": "MultiLineString", "coordinates": [[[123.7120158, 10.504220199999999], [123.71202959999998, 10.5041835]]]}, "properties": {"fid": 258, "osm_way": "665244573", "from_node": "6226567627", "to_node": "6226567634", "highway": "footway", "alley_wd": 1.5, "wd_src": "assumed by road class", "length_m": 4.329988, "access_ok": 0, "walk_ok": 1, "oneway": 0, "geom_src": "OSM snapshot; incomplete mapping", "mapped_by": null, "mapped_at": null, "input_kind": "OSM-derived geometry and disclosed scenario attributes", "kind": "road", "id": "road-258", "imported_from": "QGIS source inventory"}}, {"type": "Feature", "geometry": {"type": "MultiLineString", "coordinates": [[[123.71202959999998, 10.5041835], [123.71205430000002, 10.5041528]]]}, "properties": {"fid": 259, "osm_way": "665244573", "from_node": "6226567634", "to_node": "6226567635", "highway": "footway", "alley_wd": 1.5, "wd_src": "assumed by road class", "length_m": 4.339306, "access_ok": 0, "walk_ok": 1, "oneway": 0, "geom_src": "OSM snapshot; incomplete mapping", "mapped_by": null, "mapped_at": null, "input_kind": "OSM-derived geometry and disclosed scenario attributes", "kind": "road", "id": "road-259", "imported_from": "QGIS source inventory"}}, {"type": "Feature", "geometry": {"type": "MultiLineString", "coordinates": [[[123.71205430000002, 10.5041528], [123.71208749999998, 10.5041312]]]}, "properties": {"fid": 260, "osm_way": "665244573", "from_node": "6226567635", "to_node": "6226567636", "highway": "footway", "alley_wd": 1.5, "wd_src": "assumed by road class", "length_m": 4.347868, "access_ok": 0, "walk_ok": 1, "oneway": 0, "geom_src": "OSM snapshot; incomplete mapping", "mapped_by": null, "mapped_at": null, "input_kind": "OSM-derived geometry and disclosed scenario attributes", "kind": "road", "id": "road-260", "imported_from": "QGIS source inventory"}}, {"type": "Feature", "geometry": {"type": "MultiLineString", "coordinates": [[[123.71208749999998, 10.5041312], [123.7121259, 10.504120799999999]]]}, "properties": {"fid": 261, "osm_way": "665244573", "from_node": "6226567636", "to_node": "6226567637", "highway": "footway", "alley_wd": 1.5, "wd_src": "assumed by road class", "length_m": 4.35665, "access_ok": 0, "walk_ok": 1, "oneway": 0, "geom_src": "OSM snapshot; incomplete mapping", "mapped_by": null, "mapped_at": null, "input_kind": "OSM-derived geometry and disclosed scenario attributes", "kind": "road", "id": "road-261", "imported_from": "QGIS source inventory"}}, {"type": "Feature", "geometry": {"type": "MultiLineString", "coordinates": [[[123.7121259, 10.504120799999999], [123.7121656, 10.504122499999998]]]}, "properties": {"fid": 262, "osm_way": "665244573", "from_node": "6226567637", "to_node": "6226567623", "highway": "footway", "alley_wd": 1.5, "wd_src": "assumed by road class", "length_m": 4.348459, "access_ok": 0, "walk_ok": 1, "oneway": 0, "geom_src": "OSM snapshot; incomplete mapping", "mapped_by": null, "mapped_at": null, "input_kind": "OSM-derived geometry and disclosed scenario attributes", "kind": "road", "id": "road-262", "imported_from": "QGIS source inventory"}}, {"type": "Feature", "geometry": {"type": "MultiLineString", "coordinates": [[[123.7121656, 10.504122499999998], [123.7122029, 10.504136400000002]]]}, "properties": {"fid": 263, "osm_way": "665244573", "from_node": "6226567623", "to_node": "6226567638", "highway": "footway", "alley_wd": 1.5, "wd_src": "assumed by road class", "length_m": 4.361551, "access_ok": 0, "walk_ok": 1, "oneway": 0, "geom_src": "OSM snapshot; incomplete mapping", "mapped_by": null, "mapped_at": null, "input_kind": "OSM-derived geometry and disclosed scenario attributes", "kind": "road", "id": "road-263", "imported_from": "QGIS source inventory"}}, {"type": "Feature", "geometry": {"type": "MultiLineString", "coordinates": [[[123.7122029, 10.504136400000002], [123.712234, 10.504160999999998]]]}, "properties": {"fid": 264, "osm_way": "665244573", "from_node": "6226567638", "to_node": "6226567639", "highway": "footway", "alley_wd": 1.5, "wd_src": "assumed by road class", "length_m": 4.356789, "access_ok": 0, "walk_ok": 1, "oneway": 0, "geom_src": "OSM snapshot; incomplete mapping", "mapped_by": null, "mapped_at": null, "input_kind": "OSM-derived geometry and disclosed scenario attributes", "kind": "road", "id": "road-264", "imported_from": "QGIS source inventory"}}, {"type": "Feature", "geometry": {"type": "MultiLineString", "coordinates": [[[123.712234, 10.504160999999998], [123.71225570000001, 10.504193899999999]]]}, "properties": {"fid": 265, "osm_way": "665244573", "from_node": "6226567639", "to_node": "6226567640", "highway": "footway", "alley_wd": 1.5, "wd_src": "assumed by road class", "length_m": 4.344357, "access_ok": 0, "walk_ok": 1, "oneway": 0, "geom_src": "OSM snapshot; incomplete mapping", "mapped_by": null, "mapped_at": null, "input_kind": "OSM-derived geometry and disclosed scenario attributes", "kind": "road", "id": "road-265", "imported_from": "QGIS source inventory"}}, {"type": "Feature", "geometry": {"type": "MultiLineString", "coordinates": [[[123.71225570000001, 10.504193899999999], [123.712266, 10.5042317]]]}, "properties": {"fid": 266, "osm_way": "665244573", "from_node": "6226567640", "to_node": "6226567641", "highway": "footway", "alley_wd": 1.5, "wd_src": "assumed by road class", "length_m": 4.329053, "access_ok": 0, "walk_ok": 1, "oneway": 0, "geom_src": "OSM snapshot; incomplete mapping", "mapped_by": null, "mapped_at": null, "input_kind": "OSM-derived geometry and disclosed scenario attributes", "kind": "road", "id": "road-266", "imported_from": "QGIS source inventory"}}, {"type": "Feature", "geometry": {"type": "MultiLineString", "coordinates": [[[123.712266, 10.5042317], [123.71226380000002, 10.5042709]]]}, "properties": {"fid": 267, "osm_way": "665244573", "from_node": "6226567641", "to_node": "6226567628", "highway": "footway", "alley_wd": 1.5, "wd_src": "assumed by road class", "length_m": 4.341231, "access_ok": 0, "walk_ok": 1, "oneway": 0, "geom_src": "OSM snapshot; incomplete mapping", "mapped_by": null, "mapped_at": null, "input_kind": "OSM-derived geometry and disclosed scenario attributes", "kind": "road", "id": "road-267", "imported_from": "QGIS source inventory"}}, {"type": "Feature", "geometry": {"type": "MultiLineString", "coordinates": [[[123.71226380000002, 10.5042709], [123.71224940000002, 10.5043072]]]}, "properties": {"fid": 268, "osm_way": "665244573", "from_node": "6226567628", "to_node": "6226567642", "highway": "footway", "alley_wd": 1.5, "wd_src": "assumed by road class", "length_m": 4.312122, "access_ok": 0, "walk_ok": 1, "oneway": 0, "geom_src": "OSM snapshot; incomplete mapping", "mapped_by": null, "mapped_at": null, "input_kind": "OSM-derived geometry and disclosed scenario attributes", "kind": "road", "id": "road-268", "imported_from": "QGIS source inventory"}}, {"type": "Feature", "geometry": {"type": "MultiLineString", "coordinates": [[[123.7125472, 10.5036183], [123.7131901, 10.5037376]]]}, "properties": {"fid": 269, "osm_way": "665276566", "from_node": "6226868845", "to_node": "6226868846", "highway": "service", "alley_wd": 3.0, "wd_src": "assumed by road class", "length_m": 71.579112, "access_ok": 1, "walk_ok": 1, "oneway": 0, "geom_src": "OSM snapshot; incomplete mapping", "mapped_by": null, "mapped_at": null, "input_kind": "OSM-derived geometry and disclosed scenario attributes", "kind": "road", "id": "road-269", "imported_from": "QGIS source inventory"}}, {"type": "Feature", "geometry": {"type": "MultiLineString", "coordinates": [[[123.717446, 10.514377300000001], [123.71656890000001, 10.514277099999997]]]}, "properties": {"fid": 270, "osm_way": "897909721", "from_node": "8344750807", "to_node": "8344750808", "highway": "residential", "alley_wd": 4.0, "wd_src": "assumed by road class", "length_m": 96.615916, "access_ok": 1, "walk_ok": 1, "oneway": 0, "geom_src": "OSM snapshot; incomplete mapping", "mapped_by": null, "mapped_at": null, "input_kind": "OSM-derived geometry and disclosed scenario attributes", "kind": "road", "id": "road-270", "imported_from": "QGIS source inventory"}}, {"type": "Feature", "geometry": {"type": "MultiLineString", "coordinates": [[[123.71656890000001, 10.514277099999997], [123.7159333, 10.514182100000001]]]}, "properties": {"fid": 271, "osm_way": "897909721", "from_node": "8344750808", "to_node": "8344750803", "highway": "residential", "alley_wd": 4.0, "wd_src": "assumed by road class", "length_m": 70.340689, "access_ok": 1, "walk_ok": 1, "oneway": 0, "geom_src": "OSM snapshot; incomplete mapping", "mapped_by": null, "mapped_at": null, "input_kind": "OSM-derived geometry and disclosed scenario attributes", "kind": "road", "id": "road-271", "imported_from": "QGIS source inventory"}}, {"type": "Feature", "geometry": {"type": "MultiLineString", "coordinates": [[[123.7159333, 10.514182100000001], [123.71589029999998, 10.514116199999998]]]}, "properties": {"fid": 272, "osm_way": "897909721", "from_node": "8344750803", "to_node": "8344750802", "highway": "residential", "alley_wd": 4.0, "wd_src": "assumed by road class", "length_m": 8.674081, "access_ok": 1, "walk_ok": 1, "oneway": 0, "geom_src": "OSM snapshot; incomplete mapping", "mapped_by": null, "mapped_at": null, "input_kind": "OSM-derived geometry and disclosed scenario attributes", "kind": "road", "id": "road-272", "imported_from": "QGIS source inventory"}}, {"type": "Feature", "geometry": {"type": "MultiLineString", "coordinates": [[[123.71589029999998, 10.514116199999998], [123.71589300000001, 10.5137628]]]}, "properties": {"fid": 273, "osm_way": "897909721", "from_node": "8344750802", "to_node": "8344750801", "highway": "residential", "alley_wd": 4.0, "wd_src": "assumed by road class", "length_m": 39.078467, "access_ok": 1, "walk_ok": 1, "oneway": 0, "geom_src": "OSM snapshot; incomplete mapping", "mapped_by": null, "mapped_at": null, "input_kind": "OSM-derived geometry and disclosed scenario attributes", "kind": "road", "id": "road-273", "imported_from": "QGIS source inventory"}}, {"type": "Feature", "geometry": {"type": "MultiLineString", "coordinates": [[[123.71589300000001, 10.5137628], [123.71594939999999, 10.5137312]]]}, "properties": {"fid": 274, "osm_way": "897909721", "from_node": "8344750801", "to_node": "8344750800", "highway": "residential", "alley_wd": 4.0, "wd_src": "assumed by road class", "length_m": 7.092192, "access_ok": 1, "walk_ok": 1, "oneway": 0, "geom_src": "OSM snapshot; incomplete mapping", "mapped_by": null, "mapped_at": null, "input_kind": "OSM-derived geometry and disclosed scenario attributes", "kind": "road", "id": "road-274", "imported_from": "QGIS source inventory"}}, {"type": "Feature", "geometry": {"type": "MultiLineString", "coordinates": [[[123.71594939999999, 10.5137312], [123.71729850000001, 10.513907800000002]]]}, "properties": {"fid": 275, "osm_way": "897909721", "from_node": "8344750800", "to_node": "8344750805", "highway": "residential", "alley_wd": 4.0, "wd_src": "assumed by road class", "length_m": 148.91426, "access_ok": 1, "walk_ok": 1, "oneway": 0, "geom_src": "OSM snapshot; incomplete mapping", "mapped_by": null, "mapped_at": null, "input_kind": "OSM-derived geometry and disclosed scenario attributes", "kind": "road", "id": "road-275", "imported_from": "QGIS source inventory"}}, {"type": "Feature", "geometry": {"type": "MultiLineString", "coordinates": [[[123.71729850000001, 10.513907800000002], [123.71799999866414, 10.513868851257902]]]}, "properties": {"fid": 276, "osm_way": "897909721", "from_node": "8344750805", "to_node": "boundary_897909721_6_b", "highway": "residential", "alley_wd": 4.0, "wd_src": "assumed by road class", "length_m": 76.883813, "access_ok": 1, "walk_ok": 1, "oneway": 0, "geom_src": "OSM snapshot; incomplete mapping", "mapped_by": null, "mapped_at": null, "input_kind": "OSM-derived geometry and disclosed scenario attributes", "kind": "road", "id": "road-276", "imported_from": "QGIS source inventory"}}, {"type": "Feature", "geometry": {"type": "MultiLineString", "coordinates": [[[123.71746479999999, 10.5146212], [123.717446, 10.514377300000001]]]}, "properties": {"fid": 277, "osm_way": "897909722", "from_node": "8337939384", "to_node": "8344750807", "highway": "residential", "alley_wd": 4.0, "wd_src": "assumed by road class", "length_m": 27.047702, "access_ok": 1, "walk_ok": 1, "oneway": 0, "geom_src": "OSM snapshot; incomplete mapping", "mapped_by": null, "mapped_at": null, "input_kind": "OSM-derived geometry and disclosed scenario attributes", "kind": "road", "id": "road-277", "imported_from": "QGIS source inventory"}}, {"type": "Feature", "geometry": {"type": "MultiLineString", "coordinates": [[[123.717446, 10.514377300000001], [123.7173307, 10.514194]]]}, "properties": {"fid": 278, "osm_way": "897909722", "from_node": "8344750807", "to_node": "8344750799", "highway": "residential", "alley_wd": 4.0, "wd_src": "assumed by road class", "length_m": 23.874645, "access_ok": 1, "walk_ok": 1, "oneway": 0, "geom_src": "OSM snapshot; incomplete mapping", "mapped_by": null, "mapped_at": null, "input_kind": "OSM-derived geometry and disclosed scenario attributes", "kind": "road", "id": "road-278", "imported_from": "QGIS source inventory"}}, {"type": "Feature", "geometry": {"type": "MultiLineString", "coordinates": [[[123.7173307, 10.514194], [123.7173146, 10.514118799999999]]]}, "properties": {"fid": 279, "osm_way": "897909722", "from_node": "8344750799", "to_node": "8344750806", "highway": "residential", "alley_wd": 4.0, "wd_src": "assumed by road class", "length_m": 8.499861, "access_ok": 1, "walk_ok": 1, "oneway": 0, "geom_src": "OSM snapshot; incomplete mapping", "mapped_by": null, "mapped_at": null, "input_kind": "OSM-derived geometry and disclosed scenario attributes", "kind": "road", "id": "road-279", "imported_from": "QGIS source inventory"}}, {"type": "Feature", "geometry": {"type": "MultiLineString", "coordinates": [[[123.7173146, 10.514118799999999], [123.71729850000001, 10.513907800000002]]]}, "properties": {"fid": 280, "osm_way": "897909722", "from_node": "8344750806", "to_node": "8344750805", "highway": "residential", "alley_wd": 4.0, "wd_src": "assumed by road class", "length_m": 23.397841, "access_ok": 1, "walk_ok": 1, "oneway": 0, "geom_src": "OSM snapshot; incomplete mapping", "mapped_by": null, "mapped_at": null, "input_kind": "OSM-derived geometry and disclosed scenario attributes", "kind": "road", "id": "road-280", "imported_from": "QGIS source inventory"}}, {"type": "Feature", "geometry": {"type": "MultiLineString", "coordinates": [[[123.71729850000001, 10.513907800000002], [123.71721540000001, 10.5130666]]]}, "properties": {"fid": 281, "osm_way": "897909722", "from_node": "8344750805", "to_node": "8344750804", "highway": "residential", "alley_wd": 4.0, "wd_src": "assumed by road class", "length_m": 93.459497, "access_ok": 1, "walk_ok": 1, "oneway": 0, "geom_src": "OSM snapshot; incomplete mapping", "mapped_by": null, "mapped_at": null, "input_kind": "OSM-derived geometry and disclosed scenario attributes", "kind": "road", "id": "road-281", "imported_from": "QGIS source inventory"}}, {"type": "Feature", "geometry": {"type": "MultiLineString", "coordinates": [[[123.71652039999998, 10.514505999999997], [123.71656890000001, 10.514277099999997]]]}, "properties": {"fid": 282, "osm_way": "897909723", "from_node": "8344750809", "to_node": "8344750808", "highway": "residential", "alley_wd": 4.0, "wd_src": "assumed by road class", "length_m": 25.861145, "access_ok": 1, "walk_ok": 1, "oneway": 0, "geom_src": "OSM snapshot; incomplete mapping", "mapped_by": null, "mapped_at": null, "input_kind": "OSM-derived geometry and disclosed scenario attributes", "kind": "road", "id": "road-282", "imported_from": "QGIS source inventory"}}, {"type": "Feature", "geometry": {"type": "MultiLineString", "coordinates": [[[123.7166288, 10.510391], [123.71635700000002, 10.5109568]]]}, "properties": {"fid": 283, "osm_way": "897910402", "from_node": "8344772721", "to_node": "8344772720", "highway": "service", "alley_wd": 3.0, "wd_src": "assumed by road class", "length_m": 69.273543, "access_ok": 1, "walk_ok": 1, "oneway": 0, "geom_src": "OSM snapshot; incomplete mapping", "mapped_by": null, "mapped_at": null, "input_kind": "OSM-derived geometry and disclosed scenario attributes", "kind": "road", "id": "road-283", "imported_from": "QGIS source inventory"}}, {"type": "Feature", "geometry": {"type": "MultiLineString", "coordinates": [[[123.71635700000002, 10.5109568], [123.71629, 10.510998999999998]]]}, "properties": {"fid": 284, "osm_way": "897910402", "from_node": "8344772720", "to_node": "8344772719", "highway": "service", "alley_wd": 3.0, "wd_src": "assumed by road class", "length_m": 8.690681, "access_ok": 1, "walk_ok": 1, "oneway": 0, "geom_src": "OSM snapshot; incomplete mapping", "mapped_by": null, "mapped_at": null, "input_kind": "OSM-derived geometry and disclosed scenario attributes", "kind": "road", "id": "road-284", "imported_from": "QGIS source inventory"}}, {"type": "Feature", "geometry": {"type": "MultiLineString", "coordinates": [[[123.71629, 10.510998999999998], [123.7160821, 10.511038599999997]]]}, "properties": {"fid": 285, "osm_way": "897910402", "from_node": "8344772719", "to_node": "8344772718", "highway": "service", "alley_wd": 3.0, "wd_src": "assumed by road class", "length_m": 23.167702, "access_ok": 1, "walk_ok": 1, "oneway": 0, "geom_src": "OSM snapshot; incomplete mapping", "mapped_by": null, "mapped_at": null, "input_kind": "OSM-derived geometry and disclosed scenario attributes", "kind": "road", "id": "road-285", "imported_from": "QGIS source inventory"}}, {"type": "Feature", "geometry": {"type": "MultiLineString", "coordinates": [[[123.7160821, 10.511038599999997], [123.7160452, 10.5110742]]]}, "properties": {"fid": 286, "osm_way": "897910402", "from_node": "8344772718", "to_node": "8344772717", "highway": "service", "alley_wd": 3.0, "wd_src": "assumed by road class", "length_m": 5.639199, "access_ok": 1, "walk_ok": 1, "oneway": 0, "geom_src": "OSM snapshot; incomplete mapping", "mapped_by": null, "mapped_at": null, "input_kind": "OSM-derived geometry and disclosed scenario attributes", "kind": "road", "id": "road-286", "imported_from": "QGIS source inventory"}}, {"type": "Feature", "geometry": {"type": "MultiLineString", "coordinates": [[[123.7160452, 10.5110742], [123.7160278, 10.5111322]]]}, "properties": {"fid": 287, "osm_way": "897910402", "from_node": "8344772717", "to_node": "8344750816", "highway": "service", "alley_wd": 3.0, "wd_src": "assumed by road class", "length_m": 6.69005, "access_ok": 1, "walk_ok": 1, "oneway": 0, "geom_src": "OSM snapshot; incomplete mapping", "mapped_by": null, "mapped_at": null, "input_kind": "OSM-derived geometry and disclosed scenario attributes", "kind": "road", "id": "road-287", "imported_from": "QGIS source inventory"}}, {"type": "Feature", "geometry": {"type": "MultiLineString", "coordinates": [[[123.7160278, 10.5111322], [123.71617470000001, 10.511550199999997]]]}, "properties": {"fid": 288, "osm_way": "897910402", "from_node": "8344750816", "to_node": "8344750815", "highway": "service", "alley_wd": 3.0, "wd_src": "assumed by road class", "length_m": 48.936097, "access_ok": 1, "walk_ok": 1, "oneway": 0, "geom_src": "OSM snapshot; incomplete mapping", "mapped_by": null, "mapped_at": null, "input_kind": "OSM-derived geometry and disclosed scenario attributes", "kind": "road", "id": "road-288", "imported_from": "QGIS source inventory"}}, {"type": "Feature", "geometry": {"type": "MultiLineString", "coordinates": [[[123.7136379, 10.5058788], [123.713486, 10.5057753]]]}, "properties": {"fid": 289, "osm_way": "897912972", "from_node": "932646756", "to_node": "12801739789", "highway": "service", "alley_wd": 3.0, "wd_src": "assumed by road class", "length_m": 20.18124, "access_ok": 1, "walk_ok": 1, "oneway": 0, "geom_src": "OSM snapshot; incomplete mapping", "mapped_by": null, "mapped_at": null, "input_kind": "OSM-derived geometry and disclosed scenario attributes", "kind": "road", "id": "road-289", "imported_from": "QGIS source inventory"}}, {"type": "Feature", "geometry": {"type": "MultiLineString", "coordinates": [[[123.713486, 10.5057753], [123.71329290000001, 10.505666300000001]]]}, "properties": {"fid": 290, "osm_way": "897912972", "from_node": "12801739789", "to_node": "2272279567", "highway": "service", "alley_wd": 3.0, "wd_src": "assumed by road class", "length_m": 24.326622, "access_ok": 1, "walk_ok": 1, "oneway": 0, "geom_src": "OSM snapshot; incomplete mapping", "mapped_by": null, "mapped_at": null, "input_kind": "OSM-derived geometry and disclosed scenario attributes", "kind": "road", "id": "road-290", "imported_from": "QGIS source inventory"}}, {"type": "Feature", "geometry": {"type": "MultiLineString", "coordinates": [[[123.71329290000001, 10.505666300000001], [123.71301600000001, 10.5055198]]]}, "properties": {"fid": 291, "osm_way": "897912972", "from_node": "2272279567", "to_node": "2272279568", "highway": "service", "alley_wd": 3.0, "wd_src": "assumed by road class", "length_m": 34.359555, "access_ok": 1, "walk_ok": 1, "oneway": 0, "geom_src": "OSM snapshot; incomplete mapping", "mapped_by": null, "mapped_at": null, "input_kind": "OSM-derived geometry and disclosed scenario attributes", "kind": "road", "id": "road-291", "imported_from": "QGIS source inventory"}}, {"type": "Feature", "geometry": {"type": "MultiLineString", "coordinates": [[[123.71408250000002, 10.505145200000001], [123.71414050000001, 10.5051654]]]}, "properties": {"fid": 292, "osm_way": "897925365", "from_node": "932646746", "to_node": "13502783206", "highway": "service", "alley_wd": 3.0, "wd_src": "assumed by road class", "length_m": 6.728515, "access_ok": 1, "walk_ok": 1, "oneway": 0, "geom_src": "OSM snapshot; incomplete mapping", "mapped_by": null, "mapped_at": null, "input_kind": "OSM-derived geometry and disclosed scenario attributes", "kind": "road", "id": "road-292", "imported_from": "QGIS source inventory"}}, {"type": "Feature", "geometry": {"type": "MultiLineString", "coordinates": [[[123.71431320000002, 10.505819499999996], [123.71425149999999, 10.505605899999999]]]}, "properties": {"fid": 293, "osm_way": "897925366", "from_node": "8344904564", "to_node": "8344904563", "highway": "service", "alley_wd": 3.0, "wd_src": "assumed by road class", "length_m": 24.564998, "access_ok": 0, "walk_ok": 0, "oneway": 0, "geom_src": "OSM snapshot; incomplete mapping", "mapped_by": null, "mapped_at": null, "input_kind": "OSM-derived geometry and disclosed scenario attributes", "kind": "road", "id": "road-293", "imported_from": "QGIS source inventory"}}, {"type": "Feature", "geometry": {"type": "MultiLineString", "coordinates": [[[123.71425149999999, 10.505605899999999], [123.71425149999999, 10.5052973]]]}, "properties": {"fid": 294, "osm_way": "897925366", "from_node": "8344904563", "to_node": "8344904562", "highway": "service", "alley_wd": 3.0, "wd_src": "assumed by road class", "length_m": 34.123542, "access_ok": 0, "walk_ok": 0, "oneway": 0, "geom_src": "OSM snapshot; incomplete mapping", "mapped_by": null, "mapped_at": null, "input_kind": "OSM-derived geometry and disclosed scenario attributes", "kind": "road", "id": "road-294", "imported_from": "QGIS source inventory"}}, {"type": "Feature", "geometry": {"type": "MultiLineString", "coordinates": [[[123.71425149999999, 10.5052973], [123.7142622, 10.5052077]]]}, "properties": {"fid": 295, "osm_way": "897925366", "from_node": "8344904562", "to_node": "8344904558", "highway": "service", "alley_wd": 3.0, "wd_src": "assumed by road class", "length_m": 9.976499, "access_ok": 0, "walk_ok": 0, "oneway": 0, "geom_src": "OSM snapshot; incomplete mapping", "mapped_by": null, "mapped_at": null, "input_kind": "OSM-derived geometry and disclosed scenario attributes", "kind": "road", "id": "road-295", "imported_from": "QGIS source inventory"}}, {"type": "Feature", "geometry": {"type": "MultiLineString", "coordinates": [[[123.7142622, 10.5052077], [123.71434540000001, 10.5051325]]]}, "properties": {"fid": 296, "osm_way": "897925366", "from_node": "8344904558", "to_node": "8344904561", "highway": "service", "alley_wd": 3.0, "wd_src": "assumed by road class", "length_m": 12.330342, "access_ok": 0, "walk_ok": 0, "oneway": 0, "geom_src": "OSM snapshot; incomplete mapping", "mapped_by": null, "mapped_at": null, "input_kind": "OSM-derived geometry and disclosed scenario attributes", "kind": "road", "id": "road-296", "imported_from": "QGIS source inventory"}}, {"type": "Feature", "geometry": {"type": "MultiLineString", "coordinates": [[[123.71434540000001, 10.5051325], [123.71443789999998, 10.505117999999996]]]}, "properties": {"fid": 297, "osm_way": "897925366", "from_node": "8344904561", "to_node": "8344904560", "highway": "service", "alley_wd": 3.0, "wd_src": "assumed by road class", "length_m": 10.248498, "access_ok": 0, "walk_ok": 0, "oneway": 0, "geom_src": "OSM snapshot; incomplete mapping", "mapped_by": null, "mapped_at": null, "input_kind": "OSM-derived geometry and disclosed scenario attributes", "kind": "road", "id": "road-297", "imported_from": "QGIS source inventory"}}, {"type": "Feature", "geometry": {"type": "MultiLineString", "coordinates": [[[123.71443789999998, 10.505117999999996], [123.71479599999999, 10.505239300000001]]]}, "properties": {"fid": 298, "osm_way": "897925366", "from_node": "8344904560", "to_node": "8344904559", "highway": "service", "alley_wd": 3.0, "wd_src": "assumed by road class", "length_m": 41.418866, "access_ok": 0, "walk_ok": 0, "oneway": 0, "geom_src": "OSM snapshot; incomplete mapping", "mapped_by": null, "mapped_at": null, "input_kind": "OSM-derived geometry and disclosed scenario attributes", "kind": "road", "id": "road-298", "imported_from": "QGIS source inventory"}}, {"type": "Feature", "geometry": {"type": "MultiLineString", "coordinates": [[[123.71563610000001, 10.505111199999998], [123.7153298, 10.5049809]]]}, "properties": {"fid": 299, "osm_way": "897925367", "from_node": "8344904566", "to_node": "8344904565", "highway": "service", "alley_wd": 3.0, "wd_src": "assumed by road class", "length_m": 36.483974, "access_ok": 1, "walk_ok": 1, "oneway": 0, "geom_src": "OSM snapshot; incomplete mapping", "mapped_by": null, "mapped_at": null, "input_kind": "OSM-derived geometry and disclosed scenario attributes", "kind": "road", "id": "road-299", "imported_from": "QGIS source inventory"}}, {"type": "Feature", "geometry": {"type": "MultiLineString", "coordinates": [[[123.7126409, 10.5064894], [123.7126033, 10.506478799999996]]]}, "properties": {"fid": 300, "osm_way": "897925368", "from_node": "8344904573", "to_node": "8344904572", "highway": "residential", "alley_wd": 4.0, "wd_src": "assumed by road class", "length_m": 4.278249, "access_ok": 1, "walk_ok": 1, "oneway": 0, "geom_src": "OSM snapshot; incomplete mapping", "mapped_by": null, "mapped_at": null, "input_kind": "OSM-derived geometry and disclosed scenario attributes", "kind": "road", "id": "road-300", "imported_from": "QGIS source inventory"}}, {"type": "Feature", "geometry": {"type": "MultiLineString", "coordinates": [[[123.7126033, 10.506478799999996], [123.71255900000001, 10.506494699999998]]]}, "properties": {"fid": 301, "osm_way": "897925368", "from_node": "8344904572", "to_node": "8344904571", "highway": "residential", "alley_wd": 4.0, "wd_src": "assumed by road class", "length_m": 5.156709, "access_ok": 1, "walk_ok": 1, "oneway": 0, "geom_src": "OSM snapshot; incomplete mapping", "mapped_by": null, "mapped_at": null, "input_kind": "OSM-derived geometry and disclosed scenario attributes", "kind": "road", "id": "road-301", "imported_from": "QGIS source inventory"}}, {"type": "Feature", "geometry": {"type": "MultiLineString", "coordinates": [[[123.71255900000001, 10.506494699999998], [123.7123297, 10.506809099999998]]]}, "properties": {"fid": 302, "osm_way": "897925368", "from_node": "8344904571", "to_node": "8344904570", "highway": "residential", "alley_wd": 4.0, "wd_src": "assumed by road class", "length_m": 42.874423, "access_ok": 1, "walk_ok": 1, "oneway": 0, "geom_src": "OSM snapshot; incomplete mapping", "mapped_by": null, "mapped_at": null, "input_kind": "OSM-derived geometry and disclosed scenario attributes", "kind": "road", "id": "road-302", "imported_from": "QGIS source inventory"}}, {"type": "Feature", "geometry": {"type": "MultiLineString", "coordinates": [[[123.7123297, 10.506809099999998], [123.7122975, 10.506817099999997]]]}, "properties": {"fid": 303, "osm_way": "897925368", "from_node": "8344904570", "to_node": "8344904567", "highway": "residential", "alley_wd": 4.0, "wd_src": "assumed by road class", "length_m": 3.632977, "access_ok": 1, "walk_ok": 1, "oneway": 0, "geom_src": "OSM snapshot; incomplete mapping", "mapped_by": null, "mapped_at": null, "input_kind": "OSM-derived geometry and disclosed scenario attributes", "kind": "road", "id": "road-303", "imported_from": "QGIS source inventory"}}, {"type": "Feature", "geometry": {"type": "MultiLineString", "coordinates": [[[123.7122975, 10.506817099999997], [123.71220840000001, 10.506801300000001]]]}, "properties": {"fid": 304, "osm_way": "897925368", "from_node": "8344904567", "to_node": "8344904569", "highway": "residential", "alley_wd": 4.0, "wd_src": "assumed by road class", "length_m": 9.905472, "access_ok": 1, "walk_ok": 1, "oneway": 0, "geom_src": "OSM snapshot; incomplete mapping", "mapped_by": null, "mapped_at": null, "input_kind": "OSM-derived geometry and disclosed scenario attributes", "kind": "road", "id": "road-304", "imported_from": "QGIS source inventory"}}, {"type": "Feature", "geometry": {"type": "MultiLineString", "coordinates": [[[123.71220840000001, 10.506801300000001], [123.71206280000001, 10.506755700000001]]]}, "properties": {"fid": 305, "osm_way": "897925368", "from_node": "8344904569", "to_node": "8344904568", "highway": "residential", "alley_wd": 4.0, "wd_src": "assumed by road class", "length_m": 16.71177, "access_ok": 1, "walk_ok": 1, "oneway": 0, "geom_src": "OSM snapshot; incomplete mapping", "mapped_by": null, "mapped_at": null, "input_kind": "OSM-derived geometry and disclosed scenario attributes", "kind": "road", "id": "road-305", "imported_from": "QGIS source inventory"}}, {"type": "Feature", "geometry": {"type": "MultiLineString", "coordinates": [[[123.7133588, 10.504809799999999], [123.71326859999999, 10.504920499999999]]]}, "properties": {"fid": 306, "osm_way": "897925369", "from_node": "2272279599", "to_node": "12813103067", "highway": "service", "alley_wd": 3.0, "wd_src": "assumed by road class", "length_m": 15.724613, "access_ok": 1, "walk_ok": 1, "oneway": 0, "geom_src": "OSM snapshot; incomplete mapping", "mapped_by": null, "mapped_at": null, "input_kind": "OSM-derived geometry and disclosed scenario attributes", "kind": "road", "id": "road-306", "imported_from": "QGIS source inventory"}}, {"type": "Feature", "geometry": {"type": "MultiLineString", "coordinates": [[[123.71326859999999, 10.504920499999999], [123.71306559999998, 10.5053101]]]}, "properties": {"fid": 307, "osm_way": "897925369", "from_node": "12813103067", "to_node": "8344904575", "highway": "service", "alley_wd": 3.0, "wd_src": "assumed by road class", "length_m": 48.47035, "access_ok": 1, "walk_ok": 1, "oneway": 0, "geom_src": "OSM snapshot; incomplete mapping", "mapped_by": null, "mapped_at": null, "input_kind": "OSM-derived geometry and disclosed scenario attributes", "kind": "road", "id": "road-307", "imported_from": "QGIS source inventory"}}, {"type": "Feature", "geometry": {"type": "MultiLineString", "coordinates": [[[123.71306559999998, 10.5053101], [123.7130485, 10.5054094]]]}, "properties": {"fid": 308, "osm_way": "897925369", "from_node": "8344904575", "to_node": "8345051218", "highway": "service", "alley_wd": 3.0, "wd_src": "assumed by road class", "length_m": 11.138436, "access_ok": 1, "walk_ok": 1, "oneway": 0, "geom_src": "OSM snapshot; incomplete mapping", "mapped_by": null, "mapped_at": null, "input_kind": "OSM-derived geometry and disclosed scenario attributes", "kind": "road", "id": "road-308", "imported_from": "QGIS source inventory"}}, {"type": "Feature", "geometry": {"type": "MultiLineString", "coordinates": [[[123.7130485, 10.5054094], [123.7131049, 10.5054806]]]}, "properties": {"fid": 309, "osm_way": "897925369", "from_node": "8345051218", "to_node": "8345051217", "highway": "service", "alley_wd": 3.0, "wd_src": "assumed by road class", "length_m": 10.003768, "access_ok": 1, "walk_ok": 1, "oneway": 0, "geom_src": "OSM snapshot; incomplete mapping", "mapped_by": null, "mapped_at": null, "input_kind": "OSM-derived geometry and disclosed scenario attributes", "kind": "road", "id": "road-309", "imported_from": "QGIS source inventory"}}, {"type": "Feature", "geometry": {"type": "MultiLineString", "coordinates": [[[123.7131049, 10.5054806], [123.7132067, 10.505532]]]}, "properties": {"fid": 310, "osm_way": "897925369", "from_node": "8345051217", "to_node": "11011544983", "highway": "service", "alley_wd": 3.0, "wd_src": "assumed by road class", "length_m": 12.50609, "access_ok": 1, "walk_ok": 1, "oneway": 0, "geom_src": "OSM snapshot; incomplete mapping", "mapped_by": null, "mapped_at": null, "input_kind": "OSM-derived geometry and disclosed scenario attributes", "kind": "road", "id": "road-310", "imported_from": "QGIS source inventory"}}, {"type": "Feature", "geometry": {"type": "MultiLineString", "coordinates": [[[123.7132067, 10.505532], [123.71332950000001, 10.505594]]]}, "properties": {"fid": 311, "osm_way": "897925369", "from_node": "11011544983", "to_node": "8345008116", "highway": "service", "alley_wd": 3.0, "wd_src": "assumed by road class", "length_m": 15.085772, "access_ok": 1, "walk_ok": 1, "oneway": 0, "geom_src": "OSM snapshot; incomplete mapping", "mapped_by": null, "mapped_at": null, "input_kind": "OSM-derived geometry and disclosed scenario attributes", "kind": "road", "id": "road-311", "imported_from": "QGIS source inventory"}}, {"type": "Feature", "geometry": {"type": "MultiLineString", "coordinates": [[[123.71301600000001, 10.5055198], [123.7128565, 10.5054466]]]}, "properties": {"fid": 312, "osm_way": "897925370", "from_node": "2272279568", "to_node": "12801766504", "highway": "service", "alley_wd": 3.0, "wd_src": "assumed by road class", "length_m": 19.239554, "access_ok": 1, "walk_ok": 1, "oneway": 0, "geom_src": "OSM snapshot; incomplete mapping", "mapped_by": null, "mapped_at": null, "input_kind": "OSM-derived geometry and disclosed scenario attributes", "kind": "road", "id": "road-312", "imported_from": "QGIS source inventory"}}, {"type": "Feature", "geometry": {"type": "MultiLineString", "coordinates": [[[123.7128565, 10.5054466], [123.7127891, 10.5054157]]]}, "properties": {"fid": 313, "osm_way": "897925370", "from_node": "12801766504", "to_node": "2272279569", "highway": "service", "alley_wd": 3.0, "wd_src": "assumed by road class", "length_m": 8.128574, "access_ok": 1, "walk_ok": 1, "oneway": 0, "geom_src": "OSM snapshot; incomplete mapping", "mapped_by": null, "mapped_at": null, "input_kind": "OSM-derived geometry and disclosed scenario attributes", "kind": "road", "id": "road-313", "imported_from": "QGIS source inventory"}}, {"type": "Feature", "geometry": {"type": "MultiLineString", "coordinates": [[[123.71332950000001, 10.505594], [123.71329290000001, 10.505666300000001]]]}, "properties": {"fid": 314, "osm_way": "897936170", "from_node": "8345008116", "to_node": "2272279567", "highway": "service", "alley_wd": 3.0, "wd_src": "assumed by road class", "length_m": 8.941738, "access_ok": 1, "walk_ok": 1, "oneway": 0, "geom_src": "OSM snapshot; incomplete mapping", "mapped_by": null, "mapped_at": null, "input_kind": "OSM-derived geometry and disclosed scenario attributes", "kind": "road", "id": "road-314", "imported_from": "QGIS source inventory"}}, {"type": "Feature", "geometry": {"type": "MultiLineString", "coordinates": [[[123.71332950000001, 10.505594], [123.7134173, 10.505429199999998]]]}, "properties": {"fid": 315, "osm_way": "897936171", "from_node": "8345008116", "to_node": "8345008115", "highway": "service", "alley_wd": 3.0, "wd_src": "assumed by road class", "length_m": 20.600576, "access_ok": 1, "walk_ok": 1, "oneway": 0, "geom_src": "OSM snapshot; incomplete mapping", "mapped_by": null, "mapped_at": null, "input_kind": "OSM-derived geometry and disclosed scenario attributes", "kind": "road", "id": "road-315", "imported_from": "QGIS source inventory"}}, {"type": "Feature", "geometry": {"type": "MultiLineString", "coordinates": [[[123.7122556, 10.5048341], [123.7123576, 10.504382100000003]]]}, "properties": {"fid": 316, "osm_way": "1035036964", "from_node": "6226567612", "to_node": "6226567613", "highway": "service", "alley_wd": 3.0, "wd_src": "assumed by road class", "length_m": 51.211233, "access_ok": 1, "walk_ok": 1, "oneway": 0, "geom_src": "OSM snapshot; incomplete mapping", "mapped_by": null, "mapped_at": null, "input_kind": "OSM-derived geometry and disclosed scenario attributes", "kind": "road", "id": "road-316", "imported_from": "QGIS source inventory"}}, {"type": "Feature", "geometry": {"type": "MultiLineString", "coordinates": [[[123.7123576, 10.504382100000003], [123.71238209999999, 10.5043672]]]}, "properties": {"fid": 317, "osm_way": "1035036964", "from_node": "6226567613", "to_node": "932646775", "highway": "service", "alley_wd": 3.0, "wd_src": "assumed by road class", "length_m": 3.146825, "access_ok": 1, "walk_ok": 1, "oneway": 0, "geom_src": "OSM snapshot; incomplete mapping", "mapped_by": null, "mapped_at": null, "input_kind": "OSM-derived geometry and disclosed scenario attributes", "kind": "road", "id": "road-317", "imported_from": "QGIS source inventory"}}, {"type": "Feature", "geometry": {"type": "MultiLineString", "coordinates": [[[123.71437489999998, 10.5078185], [123.71499070000002, 10.508113199999999]]]}, "properties": {"fid": 318, "osm_way": "1225346019", "from_node": "11363385801", "to_node": "11363385800", "highway": "residential", "alley_wd": 4.0, "wd_src": "assumed by road class", "length_m": 74.852069, "access_ok": 1, "walk_ok": 1, "oneway": 0, "geom_src": "OSM snapshot; incomplete mapping", "mapped_by": null, "mapped_at": null, "input_kind": "OSM-derived geometry and disclosed scenario attributes", "kind": "road", "id": "road-318", "imported_from": "QGIS source inventory"}}, {"type": "Feature", "geometry": {"type": "MultiLineString", "coordinates": [[[123.7173334, 10.5090238], [123.7174836, 10.508651899999998]]]}, "properties": {"fid": 319, "osm_way": "1225346020", "from_node": "11363385807", "to_node": "11363385806", "highway": "residential", "alley_wd": 4.0, "wd_src": "assumed by road class", "length_m": 44.286012, "access_ok": 1, "walk_ok": 1, "oneway": 0, "geom_src": "OSM snapshot; incomplete mapping", "mapped_by": null, "mapped_at": null, "input_kind": "OSM-derived geometry and disclosed scenario attributes", "kind": "road", "id": "road-319", "imported_from": "QGIS source inventory"}}, {"type": "Feature", "geometry": {"type": "MultiLineString", "coordinates": [[[123.7174836, 10.508651899999998], [123.7174728, 10.5086229]]]}, "properties": {"fid": 320, "osm_way": "1225346020", "from_node": "11363385806", "to_node": "11363385805", "highway": "residential", "alley_wd": 4.0, "wd_src": "assumed by road class", "length_m": 3.417539, "access_ok": 1, "walk_ok": 1, "oneway": 0, "geom_src": "OSM snapshot; incomplete mapping", "mapped_by": null, "mapped_at": null, "input_kind": "OSM-derived geometry and disclosed scenario attributes", "kind": "road", "id": "road-320", "imported_from": "QGIS source inventory"}}, {"type": "Feature", "geometry": {"type": "MultiLineString", "coordinates": [[[123.7174728, 10.5086229], [123.7174266, 10.5085976]]]}, "properties": {"fid": 321, "osm_way": "1225346020", "from_node": "11363385805", "to_node": "2272279647", "highway": "residential", "alley_wd": 4.0, "wd_src": "assumed by road class", "length_m": 5.778035, "access_ok": 1, "walk_ok": 1, "oneway": 0, "geom_src": "OSM snapshot; incomplete mapping", "mapped_by": null, "mapped_at": null, "input_kind": "OSM-derived geometry and disclosed scenario attributes", "kind": "road", "id": "road-321", "imported_from": "QGIS source inventory"}}, {"type": "Feature", "geometry": {"type": "MultiLineString", "coordinates": [[[123.7174266, 10.5085976], [123.71723680000001, 10.508493700000002]]]}, "properties": {"fid": 322, "osm_way": "1225346020", "from_node": "2272279647", "to_node": "11363385804", "highway": "residential", "alley_wd": 4.0, "wd_src": "assumed by road class", "length_m": 23.735431, "access_ok": 1, "walk_ok": 1, "oneway": 0, "geom_src": "OSM snapshot; incomplete mapping", "mapped_by": null, "mapped_at": null, "input_kind": "OSM-derived geometry and disclosed scenario attributes", "kind": "road", "id": "road-322", "imported_from": "QGIS source inventory"}}, {"type": "Feature", "geometry": {"type": "MultiLineString", "coordinates": [[[123.71723680000001, 10.508493700000002], [123.7171993, 10.5084594]]]}, "properties": {"fid": 323, "osm_way": "1225346020", "from_node": "11363385804", "to_node": "11363385803", "highway": "residential", "alley_wd": 4.0, "wd_src": "assumed by road class", "length_m": 5.587874, "access_ok": 1, "walk_ok": 1, "oneway": 0, "geom_src": "OSM snapshot; incomplete mapping", "mapped_by": null, "mapped_at": null, "input_kind": "OSM-derived geometry and disclosed scenario attributes", "kind": "road", "id": "road-323", "imported_from": "QGIS source inventory"}}, {"type": "Feature", "geometry": {"type": "MultiLineString", "coordinates": [[[123.7171993, 10.5084594], [123.71712150000002, 10.508351299999998]]]}, "properties": {"fid": 324, "osm_way": "1225346020", "from_node": "11363385803", "to_node": "11363385802", "highway": "residential", "alley_wd": 4.0, "wd_src": "assumed by road class", "length_m": 14.675158, "access_ok": 1, "walk_ok": 1, "oneway": 0, "geom_src": "OSM snapshot; incomplete mapping", "mapped_by": null, "mapped_at": null, "input_kind": "OSM-derived geometry and disclosed scenario attributes", "kind": "road", "id": "road-324", "imported_from": "QGIS source inventory"}}, {"type": "Feature", "geometry": {"type": "MultiLineString", "coordinates": [[[123.71712150000002, 10.508351299999998], [123.7171297, 10.5082405]]]}, "properties": {"fid": 325, "osm_way": "1225346020", "from_node": "11363385802", "to_node": "11363385808", "highway": "residential", "alley_wd": 4.0, "wd_src": "assumed by road class", "length_m": 12.28457, "access_ok": 1, "walk_ok": 1, "oneway": 0, "geom_src": "OSM snapshot; incomplete mapping", "mapped_by": null, "mapped_at": null, "input_kind": "OSM-derived geometry and disclosed scenario attributes", "kind": "road", "id": "road-325", "imported_from": "QGIS source inventory"}}, {"type": "Feature", "geometry": {"type": "MultiLineString", "coordinates": [[[123.71416749999999, 10.503102099999998], [123.71495149999998, 10.503203599999999]]]}, "properties": {"fid": 326, "osm_way": "1232853632", "from_node": "2272279549", "to_node": "2272279543", "highway": "residential", "alley_wd": 4.0, "wd_src": "assumed by road class", "length_m": 86.524893, "access_ok": 1, "walk_ok": 1, "oneway": 0, "geom_src": "OSM snapshot; incomplete mapping", "mapped_by": null, "mapped_at": null, "input_kind": "OSM-derived geometry and disclosed scenario attributes", "kind": "road", "id": "road-326", "imported_from": "QGIS source inventory"}}, {"type": "Feature", "geometry": {"type": "MultiLineString", "coordinates": [[[123.71735760000001, 10.5034402], [123.71730330000001, 10.5033994]]]}, "properties": {"fid": 327, "osm_way": "1382709739", "from_node": "12801698500", "to_node": "12801753401", "highway": "service", "alley_wd": 3.0, "wd_src": "assumed by road class", "length_m": 7.460695, "access_ok": 1, "walk_ok": 1, "oneway": 0, "geom_src": "OSM snapshot; incomplete mapping", "mapped_by": null, "mapped_at": null, "input_kind": "OSM-derived geometry and disclosed scenario attributes", "kind": "road", "id": "road-327", "imported_from": "QGIS source inventory"}}, {"type": "Feature", "geometry": {"type": "MultiLineString", "coordinates": [[[123.71799999910316, 10.503732568864143], [123.7176941, 10.5036926]]]}, "properties": {"fid": 328, "osm_way": "1382709740", "from_node": "boundary_1382709740_2_a", "to_node": "12801753402", "highway": "service", "alley_wd": 3.0, "wd_src": "assumed by road class", "length_m": 33.765295, "access_ok": 0, "walk_ok": 0, "oneway": 0, "geom_src": "OSM snapshot; incomplete mapping", "mapped_by": null, "mapped_at": null, "input_kind": "OSM-derived geometry and disclosed scenario attributes", "kind": "road", "id": "road-328", "imported_from": "QGIS source inventory"}}, {"type": "Feature", "geometry": {"type": "MultiLineString", "coordinates": [[[123.7176941, 10.5036926], [123.71735760000001, 10.5034402]]]}, "properties": {"fid": 329, "osm_way": "1382709740", "from_node": "12801753402", "to_node": "12801698500", "highway": "service", "alley_wd": 3.0, "wd_src": "assumed by road class", "length_m": 46.204926, "access_ok": 0, "walk_ok": 0, "oneway": 0, "geom_src": "OSM snapshot; incomplete mapping", "mapped_by": null, "mapped_at": null, "input_kind": "OSM-derived geometry and disclosed scenario attributes", "kind": "road", "id": "road-329", "imported_from": "QGIS source inventory"}}, {"type": "Feature", "geometry": {"type": "MultiLineString", "coordinates": [[[123.7171744, 10.503822900000001], [123.71715750000001, 10.503878299999998]]]}, "properties": {"fid": 330, "osm_way": "1382710678", "from_node": "12801757850", "to_node": "12801757851", "highway": "unclassified", "alley_wd": 3.0, "wd_src": "assumed by road class", "length_m": 6.39895, "access_ok": 1, "walk_ok": 1, "oneway": 0, "geom_src": "OSM snapshot; incomplete mapping", "mapped_by": null, "mapped_at": null, "input_kind": "OSM-derived geometry and disclosed scenario attributes", "kind": "road", "id": "road-330", "imported_from": "QGIS source inventory"}}, {"type": "Feature", "geometry": {"type": "MultiLineString", "coordinates": [[[123.71742487406728, 10.503000011251402], [123.71730330000001, 10.5033994]]]}, "properties": {"fid": 331, "osm_way": "1382710679", "from_node": "boundary_1382710679_0_a", "to_node": "12801753401", "highway": "unclassified", "alley_wd": 3.0, "wd_src": "assumed by road class", "length_m": 46.12296, "access_ok": 1, "walk_ok": 1, "oneway": 0, "geom_src": "OSM snapshot; incomplete mapping", "mapped_by": null, "mapped_at": null, "input_kind": "OSM-derived geometry and disclosed scenario attributes", "kind": "road", "id": "road-331", "imported_from": "QGIS source inventory"}}, {"type": "Feature", "geometry": {"type": "MultiLineString", "coordinates": [[[123.71730330000001, 10.5033994], [123.7171744, 10.503822900000001]]]}, "properties": {"fid": 332, "osm_way": "1382710679", "from_node": "12801753401", "to_node": "12801757850", "highway": "unclassified", "alley_wd": 3.0, "wd_src": "assumed by road class", "length_m": 48.906988, "access_ok": 1, "walk_ok": 1, "oneway": 0, "geom_src": "OSM snapshot; incomplete mapping", "mapped_by": null, "mapped_at": null, "input_kind": "OSM-derived geometry and disclosed scenario attributes", "kind": "road", "id": "road-332", "imported_from": "QGIS source inventory"}}, {"type": "Feature", "geometry": {"type": "MultiLineString", "coordinates": [[[123.713486, 10.5057753], [123.7136701, 10.505476699999996]]]}, "properties": {"fid": 333, "osm_way": "1382710979", "from_node": "12801739789", "to_node": "12801739788", "highway": "service", "alley_wd": 3.0, "wd_src": "assumed by road class", "length_m": 38.678659, "access_ok": 1, "walk_ok": 1, "oneway": 0, "geom_src": "OSM snapshot; incomplete mapping", "mapped_by": null, "mapped_at": null, "input_kind": "OSM-derived geometry and disclosed scenario attributes", "kind": "road", "id": "road-333", "imported_from": "QGIS source inventory"}}, {"type": "Feature", "geometry": {"type": "MultiLineString", "coordinates": [[[123.71268780000001, 10.505777299999998], [123.7128565, 10.5054466]]]}, "properties": {"fid": 334, "osm_way": "1382711108", "from_node": "12801766505", "to_node": "12801766504", "highway": "service", "alley_wd": 3.0, "wd_src": "assumed by road class", "length_m": 40.96299, "access_ok": 1, "walk_ok": 1, "oneway": 0, "geom_src": "OSM snapshot; incomplete mapping", "mapped_by": null, "mapped_at": null, "input_kind": "OSM-derived geometry and disclosed scenario attributes", "kind": "road", "id": "road-334", "imported_from": "QGIS source inventory"}}, {"type": "Feature", "geometry": {"type": "MultiLineString", "coordinates": [[[123.7146552, 10.507179700000002], [123.71506550000001, 10.5072624]]]}, "properties": {"fid": 335, "osm_way": "1382711740", "from_node": "12801762021", "to_node": "13502746184", "highway": "service", "alley_wd": 3.0, "wd_src": "assumed by road class", "length_m": 45.820728, "access_ok": 0, "walk_ok": 0, "oneway": 0, "geom_src": "OSM snapshot; incomplete mapping", "mapped_by": null, "mapped_at": null, "input_kind": "OSM-derived geometry and disclosed scenario attributes", "kind": "road", "id": "road-335", "imported_from": "QGIS source inventory"}}, {"type": "Feature", "geometry": {"type": "MultiLineString", "coordinates": [[[123.7133536, 10.508665799999998], [123.7136333, 10.5084462]]]}, "properties": {"fid": 336, "osm_way": "1382711742", "from_node": "12801762028", "to_node": "12801762027", "highway": "service", "alley_wd": 3.0, "wd_src": "assumed by road class", "length_m": 39.069673, "access_ok": 1, "walk_ok": 1, "oneway": 0, "geom_src": "OSM snapshot; incomplete mapping", "mapped_by": null, "mapped_at": null, "input_kind": "OSM-derived geometry and disclosed scenario attributes", "kind": "road", "id": "road-336", "imported_from": "QGIS source inventory"}}, {"type": "Feature", "geometry": {"type": "MultiLineString", "coordinates": [[[123.71191330000002, 10.5072304], [123.71220840000001, 10.506801300000001]]]}, "properties": {"fid": 337, "osm_way": "1382711744", "from_node": "12801762035", "to_node": "8344904569", "highway": "residential", "alley_wd": 4.0, "wd_src": "assumed by road class", "length_m": 57.394379, "access_ok": 1, "walk_ok": 1, "oneway": 0, "geom_src": "OSM snapshot; incomplete mapping", "mapped_by": null, "mapped_at": null, "input_kind": "OSM-derived geometry and disclosed scenario attributes", "kind": "road", "id": "road-337", "imported_from": "QGIS source inventory"}}, {"type": "Feature", "geometry": {"type": "MultiLineString", "coordinates": [[[123.71445400000002, 10.503668800000002], [123.71448619999998, 10.5037018]]]}, "properties": {"fid": 338, "osm_way": "1382718255", "from_node": "12801830896", "to_node": "12801830893", "highway": "service", "alley_wd": 3.0, "wd_src": "assumed by road class", "length_m": 5.072608, "access_ok": 1, "walk_ok": 1, "oneway": 0, "geom_src": "OSM snapshot; incomplete mapping", "mapped_by": null, "mapped_at": null, "input_kind": "OSM-derived geometry and disclosed scenario attributes", "kind": "road", "id": "road-338", "imported_from": "QGIS source inventory"}}, {"type": "Feature", "geometry": {"type": "MultiLineString", "coordinates": [[[123.71448619999998, 10.5037018], [123.71448490000002, 10.503754600000002]]]}, "properties": {"fid": 339, "osm_way": "1382718255", "from_node": "12801830893", "to_node": "12801830894", "highway": "service", "alley_wd": 3.0, "wd_src": "assumed by road class", "length_m": 5.840109, "access_ok": 1, "walk_ok": 1, "oneway": 0, "geom_src": "OSM snapshot; incomplete mapping", "mapped_by": null, "mapped_at": null, "input_kind": "OSM-derived geometry and disclosed scenario attributes", "kind": "road", "id": "road-339", "imported_from": "QGIS source inventory"}}, {"type": "Feature", "geometry": {"type": "MultiLineString", "coordinates": [[[123.71448490000002, 10.503754600000002], [123.71443770000002, 10.503869499999999]]]}, "properties": {"fid": 340, "osm_way": "1382718255", "from_node": "12801830894", "to_node": "12801830895", "highway": "service", "alley_wd": 3.0, "wd_src": "assumed by road class", "length_m": 13.714891, "access_ok": 1, "walk_ok": 1, "oneway": 0, "geom_src": "OSM snapshot; incomplete mapping", "mapped_by": null, "mapped_at": null, "input_kind": "OSM-derived geometry and disclosed scenario attributes", "kind": "road", "id": "road-340", "imported_from": "QGIS source inventory"}}, {"type": "Feature", "geometry": {"type": "MultiLineString", "coordinates": [[[123.7123726, 10.503325199999999], [123.7125778, 10.503279800000001]]]}, "properties": {"fid": 341, "osm_way": "1382718256", "from_node": "2272279613", "to_node": "12801830898", "highway": "service", "alley_wd": 3.0, "wd_src": "assumed by road class", "length_m": 23.009529, "access_ok": 1, "walk_ok": 1, "oneway": 0, "geom_src": "OSM snapshot; incomplete mapping", "mapped_by": null, "mapped_at": null, "input_kind": "OSM-derived geometry and disclosed scenario attributes", "kind": "road", "id": "road-341", "imported_from": "QGIS source inventory"}}, {"type": "Feature", "geometry": {"type": "MultiLineString", "coordinates": [[[123.7125778, 10.503279800000001], [123.7128259, 10.503262499999998]]]}, "properties": {"fid": 342, "osm_way": "1382718256", "from_node": "12801830898", "to_node": "2272279617", "highway": "service", "alley_wd": 3.0, "wd_src": "assumed by road class", "length_m": 27.217117, "access_ok": 1, "walk_ok": 1, "oneway": 0, "geom_src": "OSM snapshot; incomplete mapping", "mapped_by": null, "mapped_at": null, "input_kind": "OSM-derived geometry and disclosed scenario attributes", "kind": "road", "id": "road-342", "imported_from": "QGIS source inventory"}}, {"type": "Feature", "geometry": {"type": "MultiLineString", "coordinates": [[[123.7128259, 10.503262499999998], [123.71318400000001, 10.503316799999999]]]}, "properties": {"fid": 343, "osm_way": "1382718257", "from_node": "2272279617", "to_node": "12801830897", "highway": "service", "alley_wd": 3.0, "wd_src": "assumed by road class", "length_m": 39.644521, "access_ok": 1, "walk_ok": 1, "oneway": 0, "geom_src": "OSM snapshot; incomplete mapping", "mapped_by": null, "mapped_at": null, "input_kind": "OSM-derived geometry and disclosed scenario attributes", "kind": "road", "id": "road-343", "imported_from": "QGIS source inventory"}}, {"type": "Feature", "geometry": {"type": "MultiLineString", "coordinates": [[[123.71318400000001, 10.503316799999999], [123.7136107, 10.503426100000002]]]}, "properties": {"fid": 344, "osm_way": "1382718257", "from_node": "12801830897", "to_node": "2272279618", "highway": "service", "alley_wd": 3.0, "wd_src": "assumed by road class", "length_m": 48.232903, "access_ok": 1, "walk_ok": 1, "oneway": 0, "geom_src": "OSM snapshot; incomplete mapping", "mapped_by": null, "mapped_at": null, "input_kind": "OSM-derived geometry and disclosed scenario attributes", "kind": "road", "id": "road-344", "imported_from": "QGIS source inventory"}}, {"type": "Feature", "geometry": {"type": "MultiLineString", "coordinates": [[[123.7136107, 10.503426100000002], [123.71445400000002, 10.503668800000002]]]}, "properties": {"fid": 345, "osm_way": "1382718257", "from_node": "2272279618", "to_node": "12801830896", "highway": "service", "alley_wd": 3.0, "wd_src": "assumed by road class", "length_m": 96.10599, "access_ok": 1, "walk_ok": 1, "oneway": 0, "geom_src": "OSM snapshot; incomplete mapping", "mapped_by": null, "mapped_at": null, "input_kind": "OSM-derived geometry and disclosed scenario attributes", "kind": "road", "id": "road-345", "imported_from": "QGIS source inventory"}}, {"type": "Feature", "geometry": {"type": "MultiLineString", "coordinates": [[[123.71232440000001, 10.503576899999997], [123.7123726, 10.503325199999999]]]}, "properties": {"fid": 346, "osm_way": "1382718258", "from_node": "2272279611", "to_node": "2272279613", "highway": "service", "alley_wd": 3.0, "wd_src": "assumed by road class", "length_m": 28.32719, "access_ok": 1, "walk_ok": 1, "oneway": 0, "geom_src": "OSM snapshot; incomplete mapping", "mapped_by": null, "mapped_at": null, "input_kind": "OSM-derived geometry and disclosed scenario attributes", "kind": "road", "id": "road-346", "imported_from": "QGIS source inventory"}}, {"type": "Feature", "geometry": {"type": "MultiLineString", "coordinates": [[[123.7123726, 10.503325199999999], [123.71242250000002, 10.5030768]]]}, "properties": {"fid": 347, "osm_way": "1382718258", "from_node": "2272279613", "to_node": "2272279614", "highway": "service", "alley_wd": 3.0, "wd_src": "assumed by road class", "length_m": 28.004436, "access_ok": 1, "walk_ok": 1, "oneway": 0, "geom_src": "OSM snapshot; incomplete mapping", "mapped_by": null, "mapped_at": null, "input_kind": "OSM-derived geometry and disclosed scenario attributes", "kind": "road", "id": "road-347", "imported_from": "QGIS source inventory"}}, {"type": "Feature", "geometry": {"type": "MultiLineString", "coordinates": [[[123.7119582, 10.503535299999998], [123.71191930000002, 10.5034499]]]}, "properties": {"fid": 348, "osm_way": "1382718264", "from_node": "6226567610", "to_node": "12801830899", "highway": "service", "alley_wd": 3.0, "wd_src": "assumed by road class", "length_m": 10.358256, "access_ok": 1, "walk_ok": 1, "oneway": 0, "geom_src": "OSM snapshot; incomplete mapping", "mapped_by": null, "mapped_at": null, "input_kind": "OSM-derived geometry and disclosed scenario attributes", "kind": "road", "id": "road-348", "imported_from": "QGIS source inventory"}}, {"type": "Feature", "geometry": {"type": "MultiLineString", "coordinates": [[[123.71191930000002, 10.5034499], [123.7119659180476, 10.503000066182183]]]}, "properties": {"fid": 349, "osm_way": "1382718264", "from_node": "12801830899", "to_node": "boundary_1382718264_1_b", "highway": "service", "alley_wd": 3.0, "wd_src": "assumed by road class", "length_m": 50.001406, "access_ok": 1, "walk_ok": 1, "oneway": 0, "geom_src": "OSM snapshot; incomplete mapping", "mapped_by": null, "mapped_at": null, "input_kind": "OSM-derived geometry and disclosed scenario attributes", "kind": "road", "id": "road-349", "imported_from": "QGIS source inventory"}}, {"type": "Feature", "geometry": {"type": "MultiLineString", "coordinates": [[[123.7135407, 10.505057399999998], [123.71326859999999, 10.504920499999999]]]}, "properties": {"fid": 350, "osm_way": "1383891186", "from_node": "12813103068", "to_node": "12813103067", "highway": "service", "alley_wd": 3.0, "wd_src": "assumed by road class", "length_m": 33.403012, "access_ok": 1, "walk_ok": 1, "oneway": 0, "geom_src": "OSM snapshot; incomplete mapping", "mapped_by": null, "mapped_at": null, "input_kind": "OSM-derived geometry and disclosed scenario attributes", "kind": "road", "id": "road-350", "imported_from": "QGIS source inventory"}}, {"type": "Feature", "geometry": {"type": "MultiLineString", "coordinates": [[[123.71507360000001, 10.5054206], [123.7154487, 10.505559099999997]]]}, "properties": {"fid": 351, "osm_way": "1383891191", "from_node": "12813103084", "to_node": "13502764655", "highway": "service", "alley_wd": 3.0, "wd_src": "assumed by road class", "length_m": 43.811155, "access_ok": 0, "walk_ok": 0, "oneway": 0, "geom_src": "OSM snapshot; incomplete mapping", "mapped_by": null, "mapped_at": null, "input_kind": "OSM-derived geometry and disclosed scenario attributes", "kind": "road", "id": "road-351", "imported_from": "QGIS source inventory"}}, {"type": "Feature", "geometry": {"type": "MultiLineString", "coordinates": [[[123.71799999983348, 10.503129094204553], [123.7178932, 10.5031163]]]}, "properties": {"fid": 352, "osm_way": "1471469129", "from_node": "boundary_1471469129_1_a", "to_node": "13502578459", "highway": "service", "alley_wd": 3.0, "wd_src": "assumed by road class", "length_m": 11.772535, "access_ok": 1, "walk_ok": 1, "oneway": 0, "geom_src": "OSM snapshot; incomplete mapping", "mapped_by": null, "mapped_at": null, "input_kind": "OSM-derived geometry and disclosed scenario attributes", "kind": "road", "id": "road-352", "imported_from": "QGIS source inventory"}}, {"type": "Feature", "geometry": {"type": "MultiLineString", "coordinates": [[[123.7178932, 10.5031163], [123.71790761989604, 10.503000001877481]]]}, "properties": {"fid": 353, "osm_way": "1471469129", "from_node": "13502578459", "to_node": "boundary_1471469129_2_b", "highway": "service", "alley_wd": 3.0, "wd_src": "assumed by road class", "length_m": 12.956163, "access_ok": 1, "walk_ok": 1, "oneway": 0, "geom_src": "OSM snapshot; incomplete mapping", "mapped_by": null, "mapped_at": null, "input_kind": "OSM-derived geometry and disclosed scenario attributes", "kind": "road", "id": "road-353", "imported_from": "QGIS source inventory"}}, {"type": "Feature", "geometry": {"type": "MultiLineString", "coordinates": [[[123.7165838, 10.505971499999996], [123.7176197, 10.506370700000003]]]}, "properties": {"fid": 354, "osm_way": "1471470442", "from_node": "2272279564", "to_node": "2272279570", "highway": "residential", "alley_wd": 4.0, "wd_src": "assumed by road class", "length_m": 121.649677, "access_ok": 1, "walk_ok": 1, "oneway": 0, "geom_src": "OSM snapshot; incomplete mapping", "mapped_by": null, "mapped_at": null, "input_kind": "OSM-derived geometry and disclosed scenario attributes", "kind": "road", "id": "road-354", "imported_from": "QGIS source inventory"}}, {"type": "Feature", "geometry": {"type": "MultiLineString", "coordinates": [[[123.71528450000001, 10.5065925], [123.7136379, 10.5058788]]]}, "properties": {"fid": 355, "osm_way": "1471470595", "from_node": "2271301715", "to_node": "932646756", "highway": "unclassified", "alley_wd": 3.0, "wd_src": "assumed by road class", "length_m": 196.711576, "access_ok": 1, "walk_ok": 1, "oneway": 0, "geom_src": "OSM snapshot; incomplete mapping", "mapped_by": null, "mapped_at": null, "input_kind": "OSM-derived geometry and disclosed scenario attributes", "kind": "road", "id": "road-355", "imported_from": "QGIS source inventory"}}, {"type": "Feature", "geometry": {"type": "MultiLineString", "coordinates": [[[123.7166288, 10.510391], [123.71697809999999, 10.510577599999996]]]}, "properties": {"fid": 356, "osm_way": "1471473144", "from_node": "8344772721", "to_node": "2272279524", "highway": "unclassified", "alley_wd": 3.0, "wd_src": "assumed by road class", "length_m": 43.436867, "access_ok": 1, "walk_ok": 1, "oneway": 0, "geom_src": "OSM snapshot; incomplete mapping", "mapped_by": null, "mapped_at": null, "input_kind": "OSM-derived geometry and disclosed scenario attributes", "kind": "road", "id": "road-356", "imported_from": "QGIS source inventory"}}, {"type": "Feature", "geometry": {"type": "MultiLineString", "coordinates": [[[123.71697809999999, 10.510577599999996], [123.71729850000001, 10.510748699999997]]]}, "properties": {"fid": 357, "osm_way": "1471473144", "from_node": "2272279524", "to_node": "2272279525", "highway": "unclassified", "alley_wd": 3.0, "wd_src": "assumed by road class", "length_m": 39.839801, "access_ok": 1, "walk_ok": 1, "oneway": 0, "geom_src": "OSM snapshot; incomplete mapping", "mapped_by": null, "mapped_at": null, "input_kind": "OSM-derived geometry and disclosed scenario attributes", "kind": "road", "id": "road-357", "imported_from": "QGIS source inventory"}}, {"type": "Feature", "geometry": {"type": "MultiLineString", "coordinates": [[[123.71729850000001, 10.510748699999997], [123.7179999965802, 10.51112750068381]]]}, "properties": {"fid": 358, "osm_way": "1471473144", "from_node": "2272279525", "to_node": "boundary_1471473144_2_b", "highway": "unclassified", "alley_wd": 3.0, "wd_src": "assumed by road class", "length_m": 87.447643, "access_ok": 1, "walk_ok": 1, "oneway": 0, "geom_src": "OSM snapshot; incomplete mapping", "mapped_by": null, "mapped_at": null, "input_kind": "OSM-derived geometry and disclosed scenario attributes", "kind": "road", "id": "road-358", "imported_from": "QGIS source inventory"}}, {"type": "Feature", "geometry": {"type": "MultiLineString", "coordinates": [[[123.71305490000002, 10.5068883], [123.7126409, 10.5064894]]]}, "properties": {"fid": 359, "osm_way": "1471474345", "from_node": "8344904574", "to_node": "8344904573", "highway": "residential", "alley_wd": 4.0, "wd_src": "assumed by road class", "length_m": 63.229751, "access_ok": 1, "walk_ok": 1, "oneway": 0, "geom_src": "OSM snapshot; incomplete mapping", "mapped_by": null, "mapped_at": null, "input_kind": "OSM-derived geometry and disclosed scenario attributes", "kind": "road", "id": "road-359", "imported_from": "QGIS source inventory"}}, {"type": "Feature", "geometry": {"type": "MultiLineString", "coordinates": [[[123.71251490000002, 10.503742800000001], [123.7125472, 10.5036183]]]}, "properties": {"fid": 360, "osm_way": "1471477810", "from_node": "2272279597", "to_node": "6226868845", "highway": "service", "alley_wd": 3.0, "wd_src": "assumed by road class", "length_m": 14.213139, "access_ok": 1, "walk_ok": 1, "oneway": 0, "geom_src": "OSM snapshot; incomplete mapping", "mapped_by": null, "mapped_at": null, "input_kind": "OSM-derived geometry and disclosed scenario attributes", "kind": "road", "id": "road-360", "imported_from": "QGIS source inventory"}}, {"type": "Feature", "geometry": {"type": "MultiLineString", "coordinates": [[[123.71512780000002, 10.5030459], [123.71513399479721, 10.503000045730852]]]}, "properties": {"fid": 361, "osm_way": "1471478993", "from_node": "13502750927", "to_node": "boundary_1471478993_0_b", "highway": "service", "alley_wd": 3.0, "wd_src": "assumed by road class", "length_m": 5.115467, "access_ok": 1, "walk_ok": 1, "oneway": 0, "geom_src": "OSM snapshot; incomplete mapping", "mapped_by": null, "mapped_at": null, "input_kind": "OSM-derived geometry and disclosed scenario attributes", "kind": "road", "id": "road-361", "imported_from": "QGIS source inventory"}}, {"type": "Feature", "geometry": {"type": "MultiLineString", "coordinates": [[[123.71497159999998, 10.503049999999998], [123.71512450000002, 10.503069999999996]]]}, "properties": {"fid": 362, "osm_way": "1471478994", "from_node": "13502750931", "to_node": "13502750930", "highway": "service", "alley_wd": 3.0, "wd_src": "assumed by road class", "length_m": 16.877522, "access_ok": 1, "walk_ok": 1, "oneway": 0, "geom_src": "OSM snapshot; incomplete mapping", "mapped_by": null, "mapped_at": null, "input_kind": "OSM-derived geometry and disclosed scenario attributes", "kind": "road", "id": "road-362", "imported_from": "QGIS source inventory"}}, {"type": "Feature", "geometry": {"type": "MultiLineString", "coordinates": [[[123.71512450000002, 10.503069999999996], [123.71512780000002, 10.5030459]]]}, "properties": {"fid": 363, "osm_way": "1471478994", "from_node": "13502750930", "to_node": "13502750927", "highway": "service", "alley_wd": 3.0, "wd_src": "assumed by road class", "length_m": 2.689222, "access_ok": 1, "walk_ok": 1, "oneway": 0, "geom_src": "OSM snapshot; incomplete mapping", "mapped_by": null, "mapped_at": null, "input_kind": "OSM-derived geometry and disclosed scenario attributes", "kind": "road", "id": "road-363", "imported_from": "QGIS source inventory"}}, {"type": "Feature", "geometry": {"type": "MultiLineString", "coordinates": [[[123.7154487, 10.505559099999997], [123.715518, 10.505584699999998]]]}, "properties": {"fid": 364, "osm_way": "1471481137", "from_node": "13502764655", "to_node": "12813103083", "highway": "service", "alley_wd": 3.0, "wd_src": "assumed by road class", "length_m": 8.094606, "access_ok": 1, "walk_ok": 1, "oneway": 0, "geom_src": "OSM snapshot; incomplete mapping", "mapped_by": null, "mapped_at": null, "input_kind": "OSM-derived geometry and disclosed scenario attributes", "kind": "road", "id": "road-364", "imported_from": "QGIS source inventory"}}, {"type": "Feature", "geometry": {"type": "MultiLineString", "coordinates": [[[123.71506550000001, 10.5072624], [123.7151268, 10.507274699999998]]]}, "properties": {"fid": 365, "osm_way": "1471481585", "from_node": "13502746184", "to_node": "12801762020", "highway": "service", "alley_wd": 3.0, "wd_src": "assumed by road class", "length_m": 6.844523, "access_ok": 1, "walk_ok": 1, "oneway": 0, "geom_src": "OSM snapshot; incomplete mapping", "mapped_by": null, "mapped_at": null, "input_kind": "OSM-derived geometry and disclosed scenario attributes", "kind": "road", "id": "road-365", "imported_from": "QGIS source inventory"}}, {"type": "Feature", "geometry": {"type": "MultiLineString", "coordinates": [[[123.71414050000001, 10.5051654], [123.7142622, 10.5052077]]]}, "properties": {"fid": 366, "osm_way": "1471482366", "from_node": "13502783206", "to_node": "8344904558", "highway": "service", "alley_wd": 3.0, "wd_src": "assumed by road class", "length_m": 14.115156, "access_ok": 0, "walk_ok": 0, "oneway": 0, "geom_src": "OSM snapshot; incomplete mapping", "mapped_by": null, "mapped_at": null, "input_kind": "OSM-derived geometry and disclosed scenario attributes", "kind": "road", "id": "road-366", "imported_from": "QGIS source inventory"}}, {"type": "Feature", "geometry": {"type": "MultiLineString", "coordinates": [[[123.71251490000002, 10.503742800000001], [123.7130695, 10.5039727]]]}, "properties": {"fid": 367, "osm_way": "1480426178", "from_node": "2272279597", "to_node": "2272279596", "highway": "tertiary", "alley_wd": 6.0, "wd_src": "assumed by road class", "length_m": 65.799306, "access_ok": 1, "walk_ok": 1, "oneway": 1, "geom_src": "OSM snapshot; incomplete mapping", "mapped_by": null, "mapped_at": null, "input_kind": "OSM-derived geometry and disclosed scenario attributes", "kind": "road", "id": "road-367", "imported_from": "QGIS source inventory"}}], "source": {"name": "Existing IgnisShield QGIS source inventory", "status": "Incomplete OpenStreetMap context; scenario attributes are not field measurements", "license": "OpenStreetMap contributors, ODbL", "centre": [123.7111051, 10.5090762]}}